evidence_id,paper_id,file_id,source_kind,source_url,page_start,page_end,figure,panel,table_no,equation_no,quote_sha256,extraction_method,evidence_level,confidence,verification_status,created_at,notes
E0001-TEXT,P0001,F0001,pdf_text_cache,,1,1,,,,,0fe5f6b3f800d1e78c893d5bc94fad24ee0c6e44360409e628055115dc7db774,pymupdf_first_pages,E0,0.6,source_extracted_needs_review,2026-05-16T10:43:36+00:00,Automatic text cache for search and later human review.
E0001-DOI,P0001,F0001,pdf_text_identifier,,1,1,,,,,af6457ecb9229ee12e66f0e8757429f581bd9fd3dfc3d57599e1242f24f64f57,regex_doi_from_pdf_text,E1,0.8,identifier_extracted_needs_review,2026-05-16T10:43:36+00:00,Identifier string found in local PDF text; Crossref resolution stored separately when available.
E0001-TITLE,P0001,F0001,pdf_metadata_or_page_text,,,,,,,,5ef780bf2dafa4c9bc41a7d50546610f0cffee7d986c65c3ef80d4f2a91f483f,pdf_metadata:title,E1,0.7,title_candidate_needs_review,2026-05-16T10:43:36+00:00,Title candidate; verify against title page or Crossref before using in final bibliography.
E0001-YEAR,P0001,F0001,pdf_metadata_or_page_text,,1,1,,,,,8661e64acb9a39fb0d309205a0224fc012832713b806da039cb1ab68300d68de,pdf_text_candidate,E0,0.45,year_candidate_needs_review,2026-05-16T10:43:36+00:00,Year candidate from metadata/text; prefer Crossref year when DOI resolves.
E0002-TEXT,P0002,F0002,pdf_text_cache,,1,1,,,,,3e7aa0376e55efea511d097616c4389ffbcb4a73b7a39e82fb61c3dceef29713,pymupdf_first_pages,E0,0.6,source_extracted_needs_review,2026-05-16T10:43:37+00:00,Automatic text cache for search and later human review.
E0002-DOI,P0002,F0002,pdf_text_identifier,,5,5,,,,,9fc94ddc82e44ca1edd16bd7d4c69ab64923daa6b8ab4ebf9247e79d02d093cb,regex_doi_from_pdf_text,E1,0.8,identifier_extracted_needs_review,2026-05-16T10:43:37+00:00,Identifier string found in local PDF text; Crossref resolution stored separately when available.
E0002-ARXIV,P0002,F0002,pdf_text_identifier,,1,1,,,,,0c6291eed04542f9374c2e866350ee549197e90d7e93c4fd249070df50cacabb,regex_arxiv_from_pdf_text,E1,0.75,identifier_extracted_needs_review,2026-05-16T10:43:37+00:00,arXiv identifier string found in local PDF text.
E0002-TITLE,P0002,F0002,pdf_metadata_or_page_text,,1,1,,,,,5736366b32557d0b13b59c2667faba09b857b68a40d4b88f93ca7af7d89a185b,pdf_page_1_text_candidate,E0,0.55,title_candidate_needs_review,2026-05-16T10:43:37+00:00,Title candidate; verify against title page or Crossref before using in final bibliography.
E0002-YEAR,P0002,F0002,pdf_metadata_or_page_text,,5,5,,,,,ef2904687331a06b4fdcb8ec87477b8208ce60e9f62f0febcaa22c492121a3ef,pdf_text_candidate,E0,0.45,year_candidate_needs_review,2026-05-16T10:43:37+00:00,Year candidate from metadata/text; prefer Crossref year when DOI resolves.
E0003-TEXT,P0003,F0003,pdf_text_cache,,1,1,,,,,75ccc26697ffcabddca57dff0788eea2ad4af1e82fc05507a1a921831a67185d,pymupdf_first_pages,E0,0.6,source_extracted_needs_review,2026-05-16T10:43:38+00:00,Automatic text cache for search and later human review.
E0003-DOI,P0003,F0003,pdf_text_identifier,,1,1,,,,,c31bdf97e1185d7d49f2273351d9726525eb4fb04c8af8b031c668b76ffb21e9,regex_doi_from_pdf_text,E1,0.8,identifier_extracted_needs_review,2026-05-16T10:43:38+00:00,Identifier string found in local PDF text; Crossref resolution stored separately when available.
E0003-TITLE,P0003,F0003,pdf_metadata_or_page_text,,1,1,,,,,3e1b045e061b6d25c2025c9cd43f50ec8ad8dbfd5a7b4d327868c8189cb070a4,pdf_page_1_text_candidate,E0,0.55,title_candidate_needs_review,2026-05-16T10:43:38+00:00,Title candidate; verify against title page or Crossref before using in final bibliography.
E0003-YEAR,P0003,F0003,pdf_metadata_or_page_text,,1,1,,,,,d4961e1b56835b40c8d4befe5094c6e0da480d72ea9faa91ba0740317edfcfe2,pdf_text_candidate,E0,0.45,year_candidate_needs_review,2026-05-16T10:43:38+00:00,Year candidate from metadata/text; prefer Crossref year when DOI resolves.
E0004-TEXT,P0004,F0004,pdf_text_cache,,1,1,,,,,3c13264583083ec19c7f298b623824331dc84ad64dc6c48c20a859d50032c654,pymupdf_first_pages,E0,0.6,source_extracted_needs_review,2026-05-16T10:43:39+00:00,Automatic text cache for search and later human review.
E0004-DOI,P0004,F0004,pdf_text_identifier,,1,1,,,,,e58122fce4cf04b88d38e033fb37cb92e4813543318075a9334acff47d198ea4,regex_doi_from_pdf_text,E1,0.8,identifier_extracted_needs_review,2026-05-16T10:43:39+00:00,Identifier string found in local PDF text; Crossref resolution stored separately when available.
E0004-ARXIV,P0004,F0004,pdf_text_identifier,,5,5,,,,,c56c41c48ba78a9496c1a72d7f11c1aab791933d8540aaaae4b3d1d11d1c03d8,regex_arxiv_from_pdf_text,E1,0.75,identifier_extracted_needs_review,2026-05-16T10:43:39+00:00,arXiv identifier string found in local PDF text.
E0004-TITLE,P0004,F0004,pdf_metadata_or_page_text,,,,,,,,a5bd63b3d931a5dc0c0a2f74cdbd4db92f55cbb5c8d04780d0d0eada062dbc69,pdf_metadata:title,E1,0.7,title_candidate_needs_review,2026-05-16T10:43:39+00:00,Title candidate; verify against title page or Crossref before using in final bibliography.
E0004-YEAR,P0004,F0004,pdf_metadata_or_page_text,,1,1,,,,,b991389452573c65e83b78432bdb4a69f6e12fa8991f71655e5e759898c3f5a1,pdf_text_candidate,E0,0.45,year_candidate_needs_review,2026-05-16T10:43:39+00:00,Year candidate from metadata/text; prefer Crossref year when DOI resolves.
E0005-TEXT,P0005,F0005,pdf_text_cache,,1,1,,,,,c85df7a11f687f00c24179a455ed03a38d0e29c5f3e518fed469649b9b441368,pymupdf_first_pages,E0,0.6,source_extracted_needs_review,2026-05-16T10:43:40+00:00,Automatic text cache for search and later human review.
E0005-DOI,P0005,F0005,pdf_text_identifier,,1,1,,,,,1d78ce53568b28b59ba6b35380bb39b1896ad6fed195003938f15249eff84dd3,regex_doi_from_pdf_text,E1,0.8,identifier_extracted_needs_review,2026-05-16T10:43:40+00:00,Identifier string found in local PDF text; Crossref resolution stored separately when available.
E0005-TITLE,P0005,F0005,pdf_metadata_or_page_text,,1,1,,,,,2bcfaaa43efde9dca923cb0b92aaccbd6d634f86fcb775e9eb1c9509eb004660,pdf_page_1_text_candidate,E0,0.55,title_candidate_needs_review,2026-05-16T10:43:40+00:00,Title candidate; verify against title page or Crossref before using in final bibliography.
E0005-YEAR,P0005,F0005,pdf_metadata_or_page_text,,1,1,,,,,61fc30a7599361671e9796b68d1d20ae7810b2489e22a52cf6bd4fbf3ee771b2,pdf_text_candidate,E0,0.45,year_candidate_needs_review,2026-05-16T10:43:40+00:00,Year candidate from metadata/text; prefer Crossref year when DOI resolves.
E0006-TEXT,P0006,F0006,pdf_text_cache,,1,1,,,,,9af33a0652068b41423da7916f07d13dcc975b6362269234a7d14348b40a3268,pymupdf_first_pages,E0,0.6,source_extracted_needs_review,2026-05-16T10:43:42+00:00,Automatic text cache for search and later human review.
E0006-DOI,P0006,F0006,pdf_text_identifier,,1,1,,,,,7c64216874b34def0e83cf873f62a6a78cfccb88322f266cf7d16c5eb6c125cf,regex_doi_from_pdf_text,E1,0.8,identifier_extracted_needs_review,2026-05-16T10:43:42+00:00,Identifier string found in local PDF text; Crossref resolution stored separately when available.
E0006-ARXIV,P0006,F0006,pdf_text_identifier,,1,1,,,,,c541bd567868ba5f4865054c0f377767d9129cc8fe26715c88c37b3253d81061,regex_arxiv_from_pdf_text,E1,0.75,identifier_extracted_needs_review,2026-05-16T10:43:42+00:00,arXiv identifier string found in local PDF text.
E0006-TITLE,P0006,F0006,pdf_metadata_or_page_text,,1,1,,,,,b607af6104b89fb62b5018f87fdcce1b5f446f7ce60776f3769477890fe75aa6,pdf_page_1_text_candidate,E0,0.55,title_candidate_needs_review,2026-05-16T10:43:42+00:00,Title candidate; verify against title page or Crossref before using in final bibliography.
E0006-YEAR,P0006,F0006,pdf_metadata_or_page_text,,1,1,,,,,22f4331226a227ec3c24bca7c948ff536b78238eb9bd6f73495779ff3fc7453b,pdf_text_candidate,E0,0.45,year_candidate_needs_review,2026-05-16T10:43:42+00:00,Year candidate from metadata/text; prefer Crossref year when DOI resolves.
E0007-TEXT,P0007,F0007,pdf_text_cache,,1,1,,,,,aff31dfae7e7382e0f7dcfbe85e979ddc74d9ae2add8222a2c6b92bbc25f01db,pymupdf_first_pages,E0,0.6,source_extracted_needs_review,2026-05-16T10:43:43+00:00,Automatic text cache for search and later human review.
E0007-DOI,P0007,F0007,pdf_text_identifier,,1,1,,,,,ed43d2ddcae90eb92f6ab1bfd016744a6315c20e440695eb6b6809b32d349c4e,regex_doi_from_pdf_text,E1,0.8,identifier_extracted_needs_review,2026-05-16T10:43:43+00:00,Identifier string found in local PDF text; Crossref resolution stored separately when available.
E0007-TITLE,P0007,F0007,pdf_metadata_or_page_text,,,,,,,,21a3de0ca49eccc16afdd6daeaf4a1f889464645e2ca618f3180dc9ac5630ca3,pdf_metadata:title,E1,0.7,title_candidate_needs_review,2026-05-16T10:43:43+00:00,Title candidate; verify against title page or Crossref before using in final bibliography.
E0007-YEAR,P0007,F0007,pdf_metadata_or_page_text,,1,1,,,,,3c782caefee3d642eca5cb31531ced20e5a9da051cd88523e3cc1f46cb5380a7,pdf_text_candidate,E0,0.45,year_candidate_needs_review,2026-05-16T10:43:43+00:00,Year candidate from metadata/text; prefer Crossref year when DOI resolves.
E0008-TEXT,P0008,F0008,pdf_text_cache,,1,1,,,,,98781826b8c98602c6b4ce6ad0def09a85771d40f67feb04635ad6e76eeb1873,pymupdf_first_pages,E0,0.6,source_extracted_needs_review,2026-05-16T10:43:44+00:00,Automatic text cache for search and later human review.
E0008-DOI,P0008,F0008,pdf_text_identifier,,2,2,,,,,871177cd32ee543fb642500bd0cdaede8ffbfc8dbb2adcf80172fb90ca44b255,regex_doi_from_pdf_text,E1,0.8,identifier_extracted_needs_review,2026-05-16T10:43:44+00:00,Identifier string found in local PDF text; Crossref resolution stored separately when available.
E0008-TITLE,P0008,F0008,pdf_metadata_or_page_text,,,,,,,,ab7862d9a0ec59e69af62360bef6ef4566b785862d4d726e98385333d5783612,pdf_metadata:title,E1,0.7,title_candidate_needs_review,2026-05-16T10:43:44+00:00,Title candidate; verify against title page or Crossref before using in final bibliography.
E0008-YEAR,P0008,F0008,pdf_metadata_or_page_text,,1,1,,,,,45cae1d9578897fdfaf011b924cdc338045073ab5ffbba3b6c27e916895360ae,pdf_text_candidate,E0,0.45,year_candidate_needs_review,2026-05-16T10:43:44+00:00,Year candidate from metadata/text; prefer Crossref year when DOI resolves.
E0009-TEXT,P0009,F0009,pdf_text_cache,,1,1,,,,,5c2e851d48931e7e9b00fc1948a99f3411c9b3f27741283d4b49dbdb00ef9b7d,pymupdf_first_pages,E0,0.6,source_extracted_needs_review,2026-05-16T10:43:45+00:00,Automatic text cache for search and later human review.
E0009-DOI,P0009,F0009,pdf_text_identifier,,1,1,,,,,d4f36ac3e2260320a94866f925a4289b9ac1ea4886805352f3da9f92abbf9ea0,regex_doi_from_pdf_text,E1,0.8,identifier_extracted_needs_review,2026-05-16T10:43:45+00:00,Identifier string found in local PDF text; Crossref resolution stored separately when available.
E0009-TITLE,P0009,F0009,pdf_metadata_or_page_text,,1,1,,,,,6789f38b988ea8b35f9b686372bad8758fd09fe939023c31e5bfd244eabdf286,pdf_page_1_text_candidate,E0,0.55,title_candidate_needs_review,2026-05-16T10:43:45+00:00,Title candidate; verify against title page or Crossref before using in final bibliography.
E0009-YEAR,P0009,F0009,pdf_metadata_or_page_text,,1,1,,,,,28b58dc42bf2d22cc810fc95eacf91b777b50f24fa9694d7daf6eddcfbdd8a4e,pdf_text_candidate,E0,0.45,year_candidate_needs_review,2026-05-16T10:43:45+00:00,Year candidate from metadata/text; prefer Crossref year when DOI resolves.
E0010-TEXT,P0010,F0010,pdf_text_cache,,1,1,,,,,6e7c16b1da8fefa85d7e6e9027af4ae15ab72b10375b8c20dc50cd515ffaf714,pymupdf_first_pages,E0,0.6,source_extracted_needs_review,2026-05-16T10:43:46+00:00,Automatic text cache for search and later human review.
E0010-DOI,P0010,F0010,pdf_text_identifier,,1,1,,,,,a74c1a23d9b969a122500a4cf37d3dd72730deaa329a5cee33e6c2bd4ca8963f,regex_doi_from_pdf_text,E1,0.8,identifier_extracted_needs_review,2026-05-16T10:43:46+00:00,Identifier string found in local PDF text; Crossref resolution stored separately when available.
E0010-TITLE,P0010,F0010,pdf_metadata_or_page_text,,1,1,,,,,e0c7050413cace28268dd84e76e6178751cbc8309df798aeee89918c2bcca3e9,pdf_page_1_text_candidate,E0,0.55,title_candidate_needs_review,2026-05-16T10:43:46+00:00,Title candidate; verify against title page or Crossref before using in final bibliography.
E0010-YEAR,P0010,F0010,pdf_metadata_or_page_text,,1,1,,,,,861b9ac5541b06f1cc7e3244a83fe3aa286027bfb6932e35382ddd3cf2a834f6,pdf_text_candidate,E0,0.45,year_candidate_needs_review,2026-05-16T10:43:46+00:00,Year candidate from metadata/text; prefer Crossref year when DOI resolves.
E0011-TEXT,P0011,F0011,pdf_text_cache,,1,1,,,,,bd0db6e4ef599dbc15b24a00c8afe5c968b4a82bbb3aa572725596d01330d553,pymupdf_first_pages,E0,0.6,source_extracted_needs_review,2026-05-16T10:43:47+00:00,Automatic text cache for search and later human review.
E0011-DOI,P0011,F0011,pdf_text_identifier,,1,1,,,,,c3847ec32a749ec81920b37f5d2b9269df3e55f08f004f5e5288291daa472b90,regex_doi_from_pdf_text,E1,0.8,identifier_extracted_needs_review,2026-05-16T10:43:47+00:00,Identifier string found in local PDF text; Crossref resolution stored separately when available.
E0011-TITLE,P0011,F0011,pdf_metadata_or_page_text,,1,1,,,,,13e55aa71e4f1a2fc1ef87b1e5a2f8ee3794c34d7a72c1c37a2e714616afbea9,pdf_page_1_text_candidate,E0,0.55,title_candidate_needs_review,2026-05-16T10:43:47+00:00,Title candidate; verify against title page or Crossref before using in final bibliography.
E0011-YEAR,P0011,F0011,pdf_metadata_or_page_text,,1,1,,,,,e36d6a8afedf3eccb1027871283d7276b746e12e2fdf494434af1eb7653a57c5,pdf_text_candidate,E0,0.45,year_candidate_needs_review,2026-05-16T10:43:47+00:00,Year candidate from metadata/text; prefer Crossref year when DOI resolves.
E0012-TEXT,P0012,F0012,pdf_text_cache,,1,1,,,,,d9da38982e775955de1e0af9e88e17ad36d31236d9eeeeaca06f7d5c50d1b076,pymupdf_first_pages,E0,0.6,source_extracted_needs_review,2026-05-16T10:43:48+00:00,Automatic text cache for search and later human review.
E0012-DOI,P0012,F0012,pdf_text_identifier,,1,1,,,,,ea0340d36c749bb0e48f67a8c8a532908a27725e13b45438c9ede4e6deb25ba0,regex_doi_from_pdf_text,E1,0.8,identifier_extracted_needs_review,2026-05-16T10:43:48+00:00,Identifier string found in local PDF text; Crossref resolution stored separately when available.
E0012-TITLE,P0012,F0012,pdf_metadata_or_page_text,,,,,,,,03e6690533b358f2cc18b7bd0532a559b60ff3f263ae15cd250a209453c95bad,pdf_metadata:title,E1,0.7,title_candidate_needs_review,2026-05-16T10:43:48+00:00,Title candidate; verify against title page or Crossref before using in final bibliography.
E0012-YEAR,P0012,F0012,pdf_metadata_or_page_text,,1,1,,,,,2c8ae13c471b109873409f348d1eed17a46c9200399b563bc5eb74c012d47e93,pdf_text_candidate,E0,0.45,year_candidate_needs_review,2026-05-16T10:43:48+00:00,Year candidate from metadata/text; prefer Crossref year when DOI resolves.
E0013-TEXT,P0013,F0013,pdf_text_cache,,1,1,,,,,e40c4bc63aa279cbfa9ce28958e2c495503ae456b27cdddcd98accf3a72c443b,pymupdf_first_pages,E0,0.6,source_extracted_needs_review,2026-05-16T10:43:49+00:00,Automatic text cache for search and later human review.
E0013-DOI,P0013,F0013,pdf_text_identifier,,1,1,,,,,6a6af6907b2f877ede7d73d5fcca82e2b0e064596e9e2a8e5cb3a05bf14acece,regex_doi_from_pdf_text,E1,0.8,identifier_extracted_needs_review,2026-05-16T10:43:49+00:00,Identifier string found in local PDF text; Crossref resolution stored separately when available.
E0013-TITLE,P0013,F0013,pdf_metadata_or_page_text,,1,1,,,,,33ebcbc4896b1037f971cbf68fb9056744f3999162ee66bb4af46406d022ad99,pdf_page_1_text_candidate,E0,0.55,title_candidate_needs_review,2026-05-16T10:43:49+00:00,Title candidate; verify against title page or Crossref before using in final bibliography.
E0013-YEAR,P0013,F0013,pdf_metadata_or_page_text,,1,1,,,,,5bb193b2980f7f5a255b9928691b53c405ccedf57d4ccd40c821af51ec5b3faf,pdf_text_candidate,E0,0.45,year_candidate_needs_review,2026-05-16T10:43:49+00:00,Year candidate from metadata/text; prefer Crossref year when DOI resolves.
E0014-TEXT,P0014,F0014,pdf_text_cache,,1,1,,,,,dc53c89a8c2ba918c00a39b87129dfc1e4b5acb692e5cd87836f06733a8e2a5e,pymupdf_first_pages,E0,0.6,source_extracted_needs_review,2026-05-16T10:43:49+00:00,Automatic text cache for search and later human review.
E0014-TITLE,P0014,F0014,pdf_metadata_or_page_text,,1,1,,,,,29786dbcb469c673d3abed31addb0494cf2b4854809251f1a3ceae208d3c698c,pdf_page_1_text_candidate,E0,0.55,title_candidate_needs_review,2026-05-16T10:43:49+00:00,Title candidate; verify against title page or Crossref before using in final bibliography.
E0014-YEAR,P0014,F0014,pdf_metadata_or_page_text,,1,1,,,,,9500efa752cb3887a1becfc84d6997b6aad4b5f6fcf5aeea39e003e276667ee3,pdf_text_candidate,E0,0.45,year_candidate_needs_review,2026-05-16T10:43:49+00:00,Year candidate from metadata/text; prefer Crossref year when DOI resolves.
E0015-TEXT,P0015,F0015,pdf_text_cache,,1,1,,,,,abd0f33a4567d5015e1613a933a0e7b6f190c6eb963c1514606695562435ac4f,pymupdf_first_pages,E0,0.6,source_extracted_needs_review,2026-05-16T10:43:49+00:00,Automatic text cache for search and later human review.
E0015-TITLE,P0015,F0015,pdf_metadata_or_page_text,,1,1,,,,,dbde30c24387ec21828cf3dbfc362a924a6d9bf5be787e207c4d79bf51b544af,pdf_page_1_text_candidate,E0,0.55,title_candidate_needs_review,2026-05-16T10:43:49+00:00,Title candidate; verify against title page or Crossref before using in final bibliography.
E0016-TEXT,P0016,F0016,pdf_text_cache,,1,1,,,,,1e5a30fb306a622ca77d6c3fa46a286e3c5b9f12ba8de68bb4fe99338eeb4f14,pymupdf_first_pages,E0,0.6,source_extracted_needs_review,2026-05-16T10:43:49+00:00,Automatic text cache for search and later human review.
E0016-TITLE,P0016,F0016,pdf_metadata_or_page_text,,1,1,,,,,5007dd7f96f3a99c219b365f04e48da0538220eb43b889d995fedf7a7dc26125,pdf_page_1_text_candidate,E0,0.55,title_candidate_needs_review,2026-05-16T10:43:49+00:00,Title candidate; verify against title page or Crossref before using in final bibliography.
E0016-YEAR,P0016,F0016,pdf_metadata_or_page_text,,1,1,,,,,27ab357e80bc5d7a6cf9bffc6448a33fd5b007e64cd7c547133c1014e43f55d9,pdf_text_candidate,E0,0.45,year_candidate_needs_review,2026-05-16T10:43:49+00:00,Year candidate from metadata/text; prefer Crossref year when DOI resolves.
E0017-TEXT,P0017,F0017,pdf_text_cache,,1,1,,,,,de6dbf39faa6a6620aaf7b209072e5fb7384ff3c6594e65fda727875c007ff6d,pymupdf_first_pages,E0,0.6,source_extracted_needs_review,2026-05-16T10:43:50+00:00,Automatic text cache for search and later human review.
E0017-DOI,P0017,F0017,pdf_text_identifier,,1,1,,,,,02e860289374ba7ba102771df4d9e4e5158bd34e31905defeb66095148140acd,regex_doi_from_pdf_text,E1,0.8,identifier_extracted_needs_review,2026-05-16T10:43:50+00:00,Identifier string found in local PDF text; Crossref resolution stored separately when available.
E0017-ARXIV,P0017,F0017,pdf_text_identifier,,4,4,,,,,3a8a8c2a2cba161d438c5080ede26634f0acfc3823b75278f8860b3f557a4e4a,regex_arxiv_from_pdf_text,E1,0.75,identifier_extracted_needs_review,2026-05-16T10:43:50+00:00,arXiv identifier string found in local PDF text.
E0017-TITLE,P0017,F0017,pdf_metadata_or_page_text,,1,1,,,,,cea0cba8fc0a872f0e3f0684bca5ee392f664c5614d870b7be5beb58e1ae2924,pdf_page_1_text_candidate,E0,0.55,title_candidate_needs_review,2026-05-16T10:43:50+00:00,Title candidate; verify against title page or Crossref before using in final bibliography.
E0017-YEAR,P0017,F0017,pdf_metadata_or_page_text,,1,1,,,,,4d889317c4a1a94530d6737aff90653688ae3320bc487a5c2a56dc8277e4e649,pdf_text_candidate,E0,0.45,year_candidate_needs_review,2026-05-16T10:43:50+00:00,Year candidate from metadata/text; prefer Crossref year when DOI resolves.
E0018-TEXT,P0018,F0018,pdf_text_cache,,1,1,,,,,f4dafb7563e19dcca011f4ff358cfbdae98327f26e1af271afb202785d07bba7,pymupdf_first_pages,E0,0.6,source_extracted_needs_review,2026-05-16T10:43:51+00:00,Automatic text cache for search and later human review.
E0018-DOI,P0018,F0018,pdf_text_identifier,,1,1,,,,,adadd319b943d6ea20e760caaebfccab0dbf70e8addbd562c892c0433de8c2e9,regex_doi_from_pdf_text,E1,0.8,identifier_extracted_needs_review,2026-05-16T10:43:51+00:00,Identifier string found in local PDF text; Crossref resolution stored separately when available.
E0018-TITLE,P0018,F0018,pdf_metadata_or_page_text,,1,1,,,,,b35b66854fdec14b564c6b170f4b868541d39b3a2b93e21e1e0c80bb350862dd,pdf_page_1_text_candidate,E0,0.55,title_candidate_needs_review,2026-05-16T10:43:51+00:00,Title candidate; verify against title page or Crossref before using in final bibliography.
E0018-YEAR,P0018,F0018,pdf_metadata_or_page_text,,1,1,,,,,3fabf6791cc7d41b00b5a60e3b4c0fb0f7c72885d371b378459ecd6bbebb5eac,pdf_text_candidate,E0,0.45,year_candidate_needs_review,2026-05-16T10:43:51+00:00,Year candidate from metadata/text; prefer Crossref year when DOI resolves.
E0019-TEXT,P0019,F0019,pdf_text_cache,,1,1,,,,,837d9fb2d261e142b5c9e0682169e1c5419964fdb286e02a7392483cab5101cd,pymupdf_first_pages,E0,0.6,source_extracted_needs_review,2026-05-16T10:43:52+00:00,Automatic text cache for search and later human review.
E0019-DOI,P0019,F0019,pdf_text_identifier,,1,1,,,,,bdc41ca17d71ce9408eecb1b299a6ff92d593f99a9cbbcd86886dfdcb28ae59d,regex_doi_from_pdf_text,E1,0.8,identifier_extracted_needs_review,2026-05-16T10:43:52+00:00,Identifier string found in local PDF text; Crossref resolution stored separately when available.
E0019-TITLE,P0019,F0019,pdf_metadata_or_page_text,,,,,,,,ff62abbfc112e2ddf28e52cab09879a77cfa1d3e3341fc60026357a051d4c278,pdf_metadata:title,E1,0.7,title_candidate_needs_review,2026-05-16T10:43:52+00:00,Title candidate; verify against title page or Crossref before using in final bibliography.
E0019-YEAR,P0019,F0019,pdf_metadata_or_page_text,,4,4,,,,,25cd84bc6279ddb3bf411eef702c33483ae42e28bea73debeffda6869a52f461,pdf_text_candidate,E0,0.45,year_candidate_needs_review,2026-05-16T10:43:52+00:00,Year candidate from metadata/text; prefer Crossref year when DOI resolves.
E0020-TEXT,P0020,F0020,pdf_text_cache,,1,1,,,,,9d4fd8d01fd72b151e56e9e6e1059ff09a9ffed658bb815239419889572d35d4,pymupdf_first_pages,E0,0.6,source_extracted_needs_review,2026-05-16T10:43:54+00:00,Automatic text cache for search and later human review.
E0020-DOI,P0020,F0020,pdf_text_identifier,,1,1,,,,,05675f146e54289997defac11117da014fe42b8c934cb85a5f1e34b621d73173,regex_doi_from_pdf_text,E1,0.8,identifier_extracted_needs_review,2026-05-16T10:43:54+00:00,Identifier string found in local PDF text; Crossref resolution stored separately when available.
E0020-TITLE,P0020,F0020,pdf_metadata_or_page_text,,,,,,,,e979f007be42544d1f457818ca1f49fab6a84277b2a2e7b9387ac7c2208f91d9,pdf_metadata:title,E1,0.7,title_candidate_needs_review,2026-05-16T10:43:54+00:00,Title candidate; verify against title page or Crossref before using in final bibliography.
E0020-YEAR,P0020,F0020,pdf_metadata_or_page_text,,3,3,,,,,619829bb89968427ec677d5c795b73c16f65f435ebfd3b7b9c30e7c6a8166c40,pdf_text_candidate,E0,0.45,year_candidate_needs_review,2026-05-16T10:43:54+00:00,Year candidate from metadata/text; prefer Crossref year when DOI resolves.
E0021-TEXT,P0021,F0021,pdf_text_cache,,1,1,,,,,50ec89321c7804e6031fba8462c179acdc249c7295957b696f8daeb61fc0f94d,pymupdf_first_pages,E0,0.6,source_extracted_needs_review,2026-05-16T10:43:55+00:00,Automatic text cache for search and later human review.
E0021-DOI,P0021,F0021,pdf_text_identifier,,1,1,,,,,b05cb1832ad20b535a413f54089c59fa92e82a7e0b8eeb5a1e7c2e50cc37d703,regex_doi_from_pdf_text,E1,0.8,identifier_extracted_needs_review,2026-05-16T10:43:55+00:00,Identifier string found in local PDF text; Crossref resolution stored separately when available.
E0021-TITLE,P0021,F0021,pdf_metadata_or_page_text,,1,1,,,,,c3823a645206fa83d58a12d191d7f52efb3f706615be7f23a35b9f177ce2a42b,pdf_page_1_text_candidate,E0,0.55,title_candidate_needs_review,2026-05-16T10:43:55+00:00,Title candidate; verify against title page or Crossref before using in final bibliography.
E0021-YEAR,P0021,F0021,pdf_metadata_or_page_text,,3,3,,,,,1fa0913c903b52838f3fc55966c81e4ab9baca6cb8fe7671c91ebd1d9eb2cd66,pdf_text_candidate,E0,0.45,year_candidate_needs_review,2026-05-16T10:43:55+00:00,Year candidate from metadata/text; prefer Crossref year when DOI resolves.
E0022-TEXT,P0022,F0022,pdf_text_cache,,1,1,,,,,7c3bb9bdff228ad4c04146ce447cdcd98ba9bb6066df080fd6e86c30754faf7e,pymupdf_first_pages,E0,0.6,source_extracted_needs_review,2026-05-16T10:43:56+00:00,Automatic text cache for search and later human review.
E0022-DOI,P0022,F0022,pdf_text_identifier,,1,1,,,,,581216ca426d901e0336b9c994997c7ab7e294e9f7165bfb691fdbf8e2981b5f,regex_doi_from_pdf_text,E1,0.8,identifier_extracted_needs_review,2026-05-16T10:43:56+00:00,Identifier string found in local PDF text; Crossref resolution stored separately when available.
E0022-TITLE,P0022,F0022,pdf_metadata_or_page_text,,,,,,,,c9e299d14f2b10b0b619f8b2e7884fc958e76516a6c32287ce0277d833e43c8c,pdf_metadata:title,E1,0.7,title_candidate_needs_review,2026-05-16T10:43:56+00:00,Title candidate; verify against title page or Crossref before using in final bibliography.
E0022-YEAR,P0022,F0022,pdf_metadata_or_page_text,,1,1,,,,,f83ead852219da5bbcd8d3316a05813ca48e2890a437df68a07dda986a927a72,pdf_text_candidate,E0,0.45,year_candidate_needs_review,2026-05-16T10:43:56+00:00,Year candidate from metadata/text; prefer Crossref year when DOI resolves.
E0023-TEXT,P0023,F0023,pdf_text_cache,,1,1,,,,,7c3bb9bdff228ad4c04146ce447cdcd98ba9bb6066df080fd6e86c30754faf7e,pymupdf_first_pages,E0,0.6,source_extracted_needs_review,2026-05-16T10:43:57+00:00,Automatic text cache for search and later human review.
E0023-DOI,P0023,F0023,pdf_text_identifier,,1,1,,,,,581216ca426d901e0336b9c994997c7ab7e294e9f7165bfb691fdbf8e2981b5f,regex_doi_from_pdf_text,E1,0.8,identifier_extracted_needs_review,2026-05-16T10:43:57+00:00,Identifier string found in local PDF text; Crossref resolution stored separately when available.
E0023-TITLE,P0023,F0023,pdf_metadata_or_page_text,,,,,,,,c9e299d14f2b10b0b619f8b2e7884fc958e76516a6c32287ce0277d833e43c8c,pdf_metadata:title,E1,0.7,title_candidate_needs_review,2026-05-16T10:43:57+00:00,Title candidate; verify against title page or Crossref before using in final bibliography.
E0023-YEAR,P0023,F0023,pdf_metadata_or_page_text,,1,1,,,,,f83ead852219da5bbcd8d3316a05813ca48e2890a437df68a07dda986a927a72,pdf_text_candidate,E0,0.45,year_candidate_needs_review,2026-05-16T10:43:57+00:00,Year candidate from metadata/text; prefer Crossref year when DOI resolves.
E0024-TEXT,P0024,F0024,pdf_text_cache,,1,1,,,,,fccbaeab1bc2a6434937e1c1a70d1973f70be13517113caf126f70a2574189c2,pymupdf_first_pages,E0,0.6,source_extracted_needs_review,2026-05-16T10:43:58+00:00,Automatic text cache for search and later human review.
E0024-DOI,P0024,F0024,pdf_text_identifier,,1,1,,,,,3084ab298b2cfcf1d62449f194db2d865877832580837a924d2678229f9dbaeb,regex_doi_from_pdf_text,E1,0.8,identifier_extracted_needs_review,2026-05-16T10:43:58+00:00,Identifier string found in local PDF text; Crossref resolution stored separately when available.
E0024-TITLE,P0024,F0024,pdf_metadata_or_page_text,,,,,,,,efdf8bd3d15618897adbf08096dffbe7f9064aa9b2cbe255ee27137d1f9ecaee,pdf_metadata:title,E1,0.7,title_candidate_needs_review,2026-05-16T10:43:58+00:00,Title candidate; verify against title page or Crossref before using in final bibliography.
E0024-YEAR,P0024,F0024,pdf_metadata_or_page_text,,1,1,,,,,ee8e09cbf849e186161c08760634e01e80ed0cab7177cbb90cbafd0ba1b7847a,pdf_text_candidate,E0,0.45,year_candidate_needs_review,2026-05-16T10:43:58+00:00,Year candidate from metadata/text; prefer Crossref year when DOI resolves.
E0025-TEXT,P0025,F0025,pdf_text_cache,,1,1,,,,,2b468b8f7f5a909ad3fafaf44c4ced737be9c2143408b8e04a165f744aac62b2,pymupdf_first_pages,E0,0.6,source_extracted_needs_review,2026-05-16T10:43:58+00:00,Automatic text cache for search and later human review.
E0025-ARXIV,P0025,F0025,pdf_text_identifier,,1,1,,,,,0fac47f3d3f5c51d1a2b6d912d1aaf6768cace290c5afb4b1e721b73403b2fc7,regex_arxiv_from_pdf_text,E1,0.75,identifier_extracted_needs_review,2026-05-16T10:43:58+00:00,arXiv identifier string found in local PDF text.
E0025-TITLE,P0025,F0025,pdf_metadata_or_page_text,,1,1,,,,,cb5b1a0b6bd15a97f181f7715623351365453fc9a4688593b40d40d0797106d4,pdf_page_1_text_candidate,E0,0.55,title_candidate_needs_review,2026-05-16T10:43:58+00:00,Title candidate; verify against title page or Crossref before using in final bibliography.
E0025-YEAR,P0025,F0025,pdf_metadata_or_page_text,,1,1,,,,,ff3d29ba87092e91e1d2b09305a5d894f038f5854ab30dd0cb32e279d75647b8,pdf_text_candidate,E0,0.45,year_candidate_needs_review,2026-05-16T10:43:58+00:00,Year candidate from metadata/text; prefer Crossref year when DOI resolves.
E0026-TEXT,P0026,F0026,pdf_text_cache,,1,1,,,,,af82974f300d7144674f7150ee51182359fea761b5850eae0ecd904ab76ed5de,pymupdf_first_pages,E0,0.6,source_extracted_needs_review,2026-05-16T10:43:59+00:00,Automatic text cache for search and later human review.
E0026-DOI,P0026,F0026,pdf_text_identifier,,1,1,,,,,0fca6143d2c38cee0d9a3714b5351981fc357c4f3cc43694d721742fd11140a5,regex_doi_from_pdf_text,E1,0.8,identifier_extracted_needs_review,2026-05-16T10:43:59+00:00,Identifier string found in local PDF text; Crossref resolution stored separately when available.
E0026-TITLE,P0026,F0026,pdf_metadata_or_page_text,,1,1,,,,,0f9b0dd21654291d76fa4406a8c582cf907d2af830b251602faae29227c588f7,pdf_page_1_text_candidate,E0,0.55,title_candidate_needs_review,2026-05-16T10:43:59+00:00,Title candidate; verify against title page or Crossref before using in final bibliography.
E0026-YEAR,P0026,F0026,pdf_metadata_or_page_text,,1,1,,,,,f9c3e86ef48a3c1d14eb68c4dda9aea796a840e0fb491fc11feb4712c75bc252,pdf_text_candidate,E0,0.45,year_candidate_needs_review,2026-05-16T10:43:59+00:00,Year candidate from metadata/text; prefer Crossref year when DOI resolves.
E0027-TEXT,P0027,F0027,pdf_text_cache,,1,1,,,,,4f04e243421f4a7fdb7eeeadaaf07fc7888bb1157c8dc7e08dcf88a4bc78ad69,pymupdf_first_pages,E0,0.6,source_extracted_needs_review,2026-05-16T10:44:00+00:00,Automatic text cache for search and later human review.
E0027-DOI,P0027,F0027,pdf_text_identifier,,1,1,,,,,bfcb6b55d5a00a687d19577347606863060c7976286fd7aba28a9bb55e2a2dcb,regex_doi_from_pdf_text,E1,0.8,identifier_extracted_needs_review,2026-05-16T10:44:00+00:00,Identifier string found in local PDF text; Crossref resolution stored separately when available.
E0027-ARXIV,P0027,F0027,pdf_text_identifier,,5,5,,,,,2dcd5c0bde5a8ae15f79c57c159b1b6aba95df94ff4bc2126ccf175fb9303bac,regex_arxiv_from_pdf_text,E1,0.75,identifier_extracted_needs_review,2026-05-16T10:44:00+00:00,arXiv identifier string found in local PDF text.
E0027-TITLE,P0027,F0027,pdf_metadata_or_page_text,,1,1,,,,,1f764a94f81c5af45aa0d75e3a1088dc9e7a2682724cc98c7f8736c387e13925,pdf_page_1_text_candidate,E0,0.55,title_candidate_needs_review,2026-05-16T10:44:00+00:00,Title candidate; verify against title page or Crossref before using in final bibliography.
E0027-YEAR,P0027,F0027,pdf_metadata_or_page_text,,1,1,,,,,efbdc0f4c50d278497545946f7b21e2b1f36f1b03d118b13303ff934782eb2cf,pdf_text_candidate,E0,0.45,year_candidate_needs_review,2026-05-16T10:44:00+00:00,Year candidate from metadata/text; prefer Crossref year when DOI resolves.
E0028-TEXT,P0028,F0028,pdf_text_cache,,1,1,,,,,78e95d2a751d3885351ef9df5419da1546ec1aca0031d18ce0c8d1711ac4523e,pymupdf_first_pages,E0,0.6,source_extracted_needs_review,2026-05-16T10:44:01+00:00,Automatic text cache for search and later human review.
E0028-DOI,P0028,F0028,pdf_text_identifier,,1,1,,,,,8bcef38e9ae846ede75c3ed706be2123329b3c72a10e743eeee5d7c89b1f353c,regex_doi_from_pdf_text,E1,0.8,identifier_extracted_needs_review,2026-05-16T10:44:01+00:00,Identifier string found in local PDF text; Crossref resolution stored separately when available.
E0028-TITLE,P0028,F0028,pdf_metadata_or_page_text,,1,1,,,,,d195b29f59cf38ad5c5ec32aa4751c16d2ad2f991b7dd659a057913e59c1a61f,pdf_page_1_text_candidate,E0,0.55,title_candidate_needs_review,2026-05-16T10:44:01+00:00,Title candidate; verify against title page or Crossref before using in final bibliography.
E0028-YEAR,P0028,F0028,pdf_metadata_or_page_text,,1,1,,,,,698d55422d957c41881ebcb23cc416691a7b99562d64991ba9d755048af1d22e,pdf_text_candidate,E0,0.45,year_candidate_needs_review,2026-05-16T10:44:01+00:00,Year candidate from metadata/text; prefer Crossref year when DOI resolves.
E0029-TEXT,P0029,F0029,pdf_text_cache,,1,1,,,,,7f9a285f6acd9cb7a5cda6e4bd623caee40a24b21b7252ef604f91ce3e154d41,pymupdf_first_pages,E0,0.6,source_extracted_needs_review,2026-05-16T10:44:02+00:00,Automatic text cache for search and later human review.
E0029-DOI,P0029,F0029,pdf_text_identifier,,1,1,,,,,8d73d1de0e4dbdaac5974f66da8c8a5fe19e633b6c42af4b4d5b81fa6a1ee671,regex_doi_from_pdf_text,E1,0.8,identifier_extracted_needs_review,2026-05-16T10:44:02+00:00,Identifier string found in local PDF text; Crossref resolution stored separately when available.
E0029-TITLE,P0029,F0029,pdf_metadata_or_page_text,,1,1,,,,,8934591380335242cd34bb08e1b17f61f29fd8d061b9ae57ff447b8567fac1c1,pdf_page_1_text_candidate,E0,0.55,title_candidate_needs_review,2026-05-16T10:44:02+00:00,Title candidate; verify against title page or Crossref before using in final bibliography.
E0029-YEAR,P0029,F0029,pdf_metadata_or_page_text,,1,1,,,,,4c44dc9b17639149eb716658b7e80644b5d39efca4c770b0ef6062d8560da6b6,pdf_text_candidate,E0,0.45,year_candidate_needs_review,2026-05-16T10:44:02+00:00,Year candidate from metadata/text; prefer Crossref year when DOI resolves.
E0030-TEXT,P0030,F0030,pdf_text_cache,,1,1,,,,,d6869a362f6539d6d6e5df90e4ab0e3d03f3d0bdbfb5434b263b61154912a8f9,pymupdf_first_pages,E0,0.6,source_extracted_needs_review,2026-05-16T10:44:04+00:00,Automatic text cache for search and later human review.
E0030-DOI,P0030,F0030,pdf_text_identifier,,1,1,,,,,807755622f658189d4e70fc2e6c58573fec0347b5d1ef197177a112777a9f3aa,regex_doi_from_pdf_text,E1,0.8,identifier_extracted_needs_review,2026-05-16T10:44:04+00:00,Identifier string found in local PDF text; Crossref resolution stored separately when available.
E0030-TITLE,P0030,F0030,pdf_metadata_or_page_text,,1,1,,,,,c1be04fbcefea6af73d955bbee8cc6b30011e267d80492b2c4d3582db82094e9,pdf_page_1_text_candidate,E0,0.55,title_candidate_needs_review,2026-05-16T10:44:04+00:00,Title candidate; verify against title page or Crossref before using in final bibliography.
E0030-YEAR,P0030,F0030,pdf_metadata_or_page_text,,1,1,,,,,80bfa1c9f4f5cb39deff58813b0d2b79b06efeca3c29ae3e00ee166865523044,pdf_text_candidate,E0,0.45,year_candidate_needs_review,2026-05-16T10:44:04+00:00,Year candidate from metadata/text; prefer Crossref year when DOI resolves.
E0031-TEXT,P0031,F0031,pdf_text_cache,,1,1,,,,,45dbeefc22596de617d8046ca4514f4ebbd8e447576c1e511f1160a15e963101,pymupdf_first_pages,E0,0.6,source_extracted_needs_review,2026-05-16T10:44:05+00:00,Automatic text cache for search and later human review.
E0031-DOI,P0031,F0031,pdf_text_identifier,,1,1,,,,,e1f0d2b08021dfcabbf990bd18ddd6fceb3997efaeeda36d753c2b338e1b427f,regex_doi_from_pdf_text,E1,0.8,identifier_extracted_needs_review,2026-05-16T10:44:05+00:00,Identifier string found in local PDF text; Crossref resolution stored separately when available.
E0031-ARXIV,P0031,F0031,pdf_text_identifier,,1,1,,,,,a2f3b71efdcbd37642aba0174a06a29a01e2d5377de6d3871d17de710dfc5469,regex_arxiv_from_pdf_text,E1,0.75,identifier_extracted_needs_review,2026-05-16T10:44:05+00:00,arXiv identifier string found in local PDF text.
E0031-TITLE,P0031,F0031,pdf_metadata_or_page_text,,1,1,,,,,d4dc68b09a42710665305f7d71a310a2f505d22b79af7e7321226984c7ac96e0,pdf_page_1_text_candidate,E0,0.55,title_candidate_needs_review,2026-05-16T10:44:05+00:00,Title candidate; verify against title page or Crossref before using in final bibliography.
E0031-YEAR,P0031,F0031,pdf_metadata_or_page_text,,1,1,,,,,1492f956931976b0f5c2c16533e37211b7269f1c24374fe47aeaab504b2f16ba,pdf_text_candidate,E0,0.45,year_candidate_needs_review,2026-05-16T10:44:05+00:00,Year candidate from metadata/text; prefer Crossref year when DOI resolves.
E0032-TEXT,P0032,F0032,pdf_text_cache,,1,1,,,,,e800b022374d9dc6cadec7be1a3c9538cf9abef8d1f3b427eb6c002455c9f91c,pymupdf_first_pages,E0,0.6,source_extracted_needs_review,2026-05-16T10:44:05+00:00,Automatic text cache for search and later human review.
E0032-TITLE,P0032,F0032,pdf_metadata_or_page_text,,1,1,,,,,b862258032bb5dd716094cac1b6b709a929d53aac97365b6b89dbb0f3fa03b6a,pdf_page_1_text_candidate,E0,0.55,title_candidate_needs_review,2026-05-16T10:44:05+00:00,Title candidate; verify against title page or Crossref before using in final bibliography.
E0032-YEAR,P0032,F0032,pdf_metadata_or_page_text,,1,1,,,,,be137f127c66d4a34ced786abc30a6cf68e0d37dfe0a85f34b837201003caf04,pdf_text_candidate,E0,0.45,year_candidate_needs_review,2026-05-16T10:44:05+00:00,Year candidate from metadata/text; prefer Crossref year when DOI resolves.
E0033-TEXT,P0033,F0033,pdf_text_cache,,1,1,,,,,22dd0e715daf7aee588fbf7f102ca78540f6b293e5ac9ea9e07e4e1d442d9e33,pymupdf_first_pages,E0,0.6,source_extracted_needs_review,2026-05-16T10:44:06+00:00,Automatic text cache for search and later human review.
E0033-DOI,P0033,F0033,pdf_text_identifier,,1,1,,,,,9cf1a41fd78367267cc3cc4fafcc8bbfef943eb982c70c1032f3ca8f30d47467,regex_doi_from_pdf_text,E1,0.8,identifier_extracted_needs_review,2026-05-16T10:44:06+00:00,Identifier string found in local PDF text; Crossref resolution stored separately when available.
E0033-TITLE,P0033,F0033,pdf_metadata_or_page_text,,1,1,,,,,927a814aaf775890063fe0b6d01610d46896855bf45650005891d11ada7bd75b,pdf_page_1_text_candidate,E0,0.55,title_candidate_needs_review,2026-05-16T10:44:06+00:00,Title candidate; verify against title page or Crossref before using in final bibliography.
E0033-YEAR,P0033,F0033,pdf_metadata_or_page_text,,1,1,,,,,572d8c495c3e188eee2b4a7b585f26b352e0f2b8a5cd71be9e60bcdb70478a03,pdf_text_candidate,E0,0.45,year_candidate_needs_review,2026-05-16T10:44:06+00:00,Year candidate from metadata/text; prefer Crossref year when DOI resolves.
E0034-TEXT,P0034,F0034,pdf_text_cache,,1,1,,,,,42b6381426b702b94ee5e31e4752b25006a7de0f87392b3eee52cb06daf85e9c,pymupdf_first_pages,E0,0.6,source_extracted_needs_review,2026-05-16T10:44:06+00:00,Automatic text cache for search and later human review.
E0034-TITLE,P0034,F0034,pdf_metadata_or_page_text,,1,1,,,,,5b2680097580a2eb3bc70eb3564a9986bd64c496d8f9cbc82a0ba32850f38f80,pdf_page_1_text_candidate,E0,0.55,title_candidate_needs_review,2026-05-16T10:44:06+00:00,Title candidate; verify against title page or Crossref before using in final bibliography.
E0035-TEXT,P0035,F0035,pdf_text_cache,,1,1,,,,,ccbe3b9cc342768fadf82d57a1396242de2c236e36111920494328527f63db68,pymupdf_first_pages,E0,0.6,source_extracted_needs_review,2026-05-16T10:44:07+00:00,Automatic text cache for search and later human review.
E0035-DOI,P0035,F0035,pdf_text_identifier,,1,1,,,,,091f040f2a02aece656cc0f21c3028e8118e57adcb096c8e5ac126027d264ca6,regex_doi_from_pdf_text,E1,0.8,identifier_extracted_needs_review,2026-05-16T10:44:07+00:00,Identifier string found in local PDF text; Crossref resolution stored separately when available.
E0035-TITLE,P0035,F0035,pdf_metadata_or_page_text,,,,,,,,63dfae9583ce0fb4b67ac77dfad4e8fb05ee905c17c10155cef0c3fd3c866f36,pdf_metadata:title,E1,0.7,title_candidate_needs_review,2026-05-16T10:44:07+00:00,Title candidate; verify against title page or Crossref before using in final bibliography.
E0035-YEAR,P0035,F0035,pdf_metadata_or_page_text,,1,1,,,,,c5415390d4c4dce986e79b7d07433c58cd1aa3a9051fff19710e785cf55cf5b9,pdf_text_candidate,E0,0.45,year_candidate_needs_review,2026-05-16T10:44:07+00:00,Year candidate from metadata/text; prefer Crossref year when DOI resolves.
E0036-TEXT,P0036,F0036,pdf_text_cache,,1,1,,,,,e8a2feabb62e232f79739a2297ab25a2e016bbb2883c9d326b9fd9e490432173,pymupdf_first_pages,E0,0.6,source_extracted_needs_review,2026-05-16T10:44:08+00:00,Automatic text cache for search and later human review.
E0036-DOI,P0036,F0036,pdf_text_identifier,,1,1,,,,,1fa96951b1ef0c2fca40d160d25317884ca381aba76c8d4077d800e89c661bc3,regex_doi_from_pdf_text,E1,0.8,identifier_extracted_needs_review,2026-05-16T10:44:08+00:00,Identifier string found in local PDF text; Crossref resolution stored separately when available.
E0036-TITLE,P0036,F0036,pdf_metadata_or_page_text,,1,1,,,,,8417182f56d04721f374298508a60a614c16a7885b48750ec9c1baa327d54270,pdf_page_1_text_candidate,E0,0.55,title_candidate_needs_review,2026-05-16T10:44:08+00:00,Title candidate; verify against title page or Crossref before using in final bibliography.
E0036-YEAR,P0036,F0036,pdf_metadata_or_page_text,,1,1,,,,,c82147d365a8c8e312d1115e0c7609a1dcf4a828b60d85bab250fcf860e8fed3,pdf_text_candidate,E0,0.45,year_candidate_needs_review,2026-05-16T10:44:08+00:00,Year candidate from metadata/text; prefer Crossref year when DOI resolves.
E0037-TEXT,P0037,F0037,pdf_text_cache,,1,1,,,,,d8be3fc481b2c55409e89d2aaa46de55739abbe324c0f325548c61017cfec6b9,pymupdf_first_pages,E0,0.6,source_extracted_needs_review,2026-05-16T10:44:09+00:00,Automatic text cache for search and later human review.
E0037-DOI,P0037,F0037,pdf_text_identifier,,1,1,,,,,338c01b7aa348832fe2e9ae6224f51ddff460ec9dafe786fb0801dd96fe4210d,regex_doi_from_pdf_text,E1,0.8,identifier_extracted_needs_review,2026-05-16T10:44:09+00:00,Identifier string found in local PDF text; Crossref resolution stored separately when available.
E0037-TITLE,P0037,F0037,pdf_metadata_or_page_text,,,,,,,,fbc4a1d2be2138b6c1660e4f45b4b65bc9796fa6dba464c0a34273473b75b9a2,pdf_metadata:title,E1,0.7,title_candidate_needs_review,2026-05-16T10:44:09+00:00,Title candidate; verify against title page or Crossref before using in final bibliography.
E0037-YEAR,P0037,F0037,pdf_metadata_or_page_text,,1,1,,,,,fba5b797a465ffed40c73632a46de77b82fbfcd6cbd418879689cc46f3854305,pdf_text_candidate,E0,0.45,year_candidate_needs_review,2026-05-16T10:44:09+00:00,Year candidate from metadata/text; prefer Crossref year when DOI resolves.
E0038-TEXT,P0038,F0038,pdf_text_cache,,1,1,,,,,cb88fc9efd5abb5f35e2983ad05bbfae34435a1373f917c5b9e4c746f7245915,pymupdf_first_pages,E0,0.6,source_extracted_needs_review,2026-05-16T10:44:10+00:00,Automatic text cache for search and later human review.
E0038-DOI,P0038,F0038,pdf_text_identifier,,4,4,,,,,8478925f0b9b5cb8f2ca18a9a1f5816d014d73d7b05ad5e4ebb7af2944a6fa7e,regex_doi_from_pdf_text,E1,0.8,identifier_extracted_needs_review,2026-05-16T10:44:10+00:00,Identifier string found in local PDF text; Crossref resolution stored separately when available.
E0038-ARXIV,P0038,F0038,pdf_text_identifier,,4,4,,,,,717f800f50b00abefce4b77255cb2b1b9ca145b3d5e97b27c061fe9f1e185629,regex_arxiv_from_pdf_text,E1,0.75,identifier_extracted_needs_review,2026-05-16T10:44:10+00:00,arXiv identifier string found in local PDF text.
E0038-TITLE,P0038,F0038,pdf_metadata_or_page_text,,,,,,,,e8cf085b0ca83c4ebceb80d538f36becf32ed054b60aadbdcb91705cc1f0d64b,pdf_metadata:title,E1,0.7,title_candidate_needs_review,2026-05-16T10:44:10+00:00,Title candidate; verify against title page or Crossref before using in final bibliography.
E0038-YEAR,P0038,F0038,pdf_metadata_or_page_text,,1,1,,,,,df5bdc71010ef25bbfc8fb2c8e2f7fbce7f743042543b4e46837f7fc5ff05762,pdf_text_candidate,E0,0.45,year_candidate_needs_review,2026-05-16T10:44:10+00:00,Year candidate from metadata/text; prefer Crossref year when DOI resolves.
E0039-TEXT,P0039,F0039,pdf_text_cache,,1,1,,,,,a10740bf8bfb411fcaa3fee53f36f820b085b09a7ec0821eaca291087d4f83ff,pymupdf_first_pages,E0,0.6,source_extracted_needs_review,2026-05-16T10:44:11+00:00,Automatic text cache for search and later human review.
E0039-DOI,P0039,F0039,pdf_text_identifier,,1,1,,,,,49b232e5d8c63de21385e3d73f906039e24f1b2fa8162b86ab6374d27a2bae73,regex_doi_from_pdf_text,E1,0.8,identifier_extracted_needs_review,2026-05-16T10:44:11+00:00,Identifier string found in local PDF text; Crossref resolution stored separately when available.
E0039-TITLE,P0039,F0039,pdf_metadata_or_page_text,,1,1,,,,,8417182f56d04721f374298508a60a614c16a7885b48750ec9c1baa327d54270,pdf_page_1_text_candidate,E0,0.55,title_candidate_needs_review,2026-05-16T10:44:11+00:00,Title candidate; verify against title page or Crossref before using in final bibliography.
E0039-YEAR,P0039,F0039,pdf_metadata_or_page_text,,1,1,,,,,ad77dac1ef41f9354320afc1ef3d39e4480cf12b84fbcf2b76d271a5c5d03284,pdf_text_candidate,E0,0.45,year_candidate_needs_review,2026-05-16T10:44:11+00:00,Year candidate from metadata/text; prefer Crossref year when DOI resolves.
E0040-TEXT,P0040,F0040,pdf_text_cache,,1,1,,,,,db7272460252b5f63451786e7355f8dfb1bbbe194412c61b6011d4bc91a3a7df,pymupdf_first_pages,E0,0.6,source_extracted_needs_review,2026-05-16T10:44:12+00:00,Automatic text cache for search and later human review.
E0040-DOI,P0040,F0040,pdf_text_identifier,,1,1,,,,,d6a249b913c8aa996a1d5eedfb24fd57f601ce4c4c44358e214a0008df892466,regex_doi_from_pdf_text,E1,0.8,identifier_extracted_needs_review,2026-05-16T10:44:12+00:00,Identifier string found in local PDF text; Crossref resolution stored separately when available.
E0040-TITLE,P0040,F0040,pdf_metadata_or_page_text,,1,1,,,,,8417182f56d04721f374298508a60a614c16a7885b48750ec9c1baa327d54270,pdf_page_1_text_candidate,E0,0.55,title_candidate_needs_review,2026-05-16T10:44:12+00:00,Title candidate; verify against title page or Crossref before using in final bibliography.
E0040-YEAR,P0040,F0040,pdf_metadata_or_page_text,,1,1,,,,,504e0b4b5184e42d2f25b4224dbdc788432d2792e7991873ef15aeb145805ae4,pdf_text_candidate,E0,0.45,year_candidate_needs_review,2026-05-16T10:44:12+00:00,Year candidate from metadata/text; prefer Crossref year when DOI resolves.
E0041-TEXT,P0041,F0041,pdf_text_cache,,1,1,,,,,c8adacf3514113eac5804a1b4c27cc81b7241b918297286a3797f0d14775c20b,pymupdf_first_pages,E0,0.6,source_extracted_needs_review,2026-05-16T10:44:13+00:00,Automatic text cache for search and later human review.
E0041-DOI,P0041,F0041,pdf_text_identifier,,1,1,,,,,26c0f86d86a96a5fb42e098c890a1ec11e3bd7f8f36ca64824e80e8ce785ed82,regex_doi_from_pdf_text,E1,0.8,identifier_extracted_needs_review,2026-05-16T10:44:13+00:00,Identifier string found in local PDF text; Crossref resolution stored separately when available.
E0041-TITLE,P0041,F0041,pdf_metadata_or_page_text,,1,1,,,,,616dd62d680a137b5d1d93ff6391d84167063655b33f9a26974d27507f5a2637,pdf_page_1_text_candidate,E0,0.55,title_candidate_needs_review,2026-05-16T10:44:13+00:00,Title candidate; verify against title page or Crossref before using in final bibliography.
E0041-YEAR,P0041,F0041,pdf_metadata_or_page_text,,1,1,,,,,5cadcbd18f358809e851feae4afb0d3ee22032c8b0fefa5e5849774dfc7379d7,pdf_text_candidate,E0,0.45,year_candidate_needs_review,2026-05-16T10:44:13+00:00,Year candidate from metadata/text; prefer Crossref year when DOI resolves.
E0042-TEXT,P0042,F0042,pdf_text_cache,,1,1,,,,,7589765ebd286478491df917697ae55cc016a03aa6e6b754013bba37fcc9d4ed,pymupdf_first_pages,E0,0.6,source_extracted_needs_review,2026-05-16T10:44:15+00:00,Automatic text cache for search and later human review.
E0042-DOI,P0042,F0042,pdf_text_identifier,,1,1,,,,,07aac4538040e52980868fb0a3c8b2e8f5c8a3d1f87c719856e6e325d7f482af,regex_doi_from_pdf_text,E1,0.8,identifier_extracted_needs_review,2026-05-16T10:44:15+00:00,Identifier string found in local PDF text; Crossref resolution stored separately when available.
E0042-TITLE,P0042,F0042,pdf_metadata_or_page_text,,,,,,,,4b5ea2cc0c014aa5a85d9e58a0b08b0c4e257a345ef884bed2dad5441707214d,pdf_metadata:title,E1,0.7,title_candidate_needs_review,2026-05-16T10:44:15+00:00,Title candidate; verify against title page or Crossref before using in final bibliography.
E0042-YEAR,P0042,F0042,pdf_metadata_or_page_text,,1,1,,,,,5a51e42cd6f22d44ff362ae0e858f88dc051b54d9522679d16ef22f0bb4bebac,pdf_text_candidate,E0,0.45,year_candidate_needs_review,2026-05-16T10:44:15+00:00,Year candidate from metadata/text; prefer Crossref year when DOI resolves.
E0043-TEXT,P0043,F0043,pdf_text_cache,,1,1,,,,,747f804489859bb03944fef54304ef74118e4df534b3a620f8fafe9de0fb2fca,pymupdf_first_pages,E0,0.6,source_extracted_needs_review,2026-05-16T10:44:16+00:00,Automatic text cache for search and later human review.
E0043-DOI,P0043,F0043,pdf_text_identifier,,1,1,,,,,b64c107bf609475b53c9c0017ba2417604ac15dabbce04987a6dd10da21cb52d,regex_doi_from_pdf_text,E1,0.8,identifier_extracted_needs_review,2026-05-16T10:44:16+00:00,Identifier string found in local PDF text; Crossref resolution stored separately when available.
E0043-TITLE,P0043,F0043,pdf_metadata_or_page_text,,,,,,,,0bb19cb01c2dfdc5470eba33c469cb42fab520d6ed37199b4a18c76e8a1b1d6d,pdf_metadata:title,E1,0.7,title_candidate_needs_review,2026-05-16T10:44:16+00:00,Title candidate; verify against title page or Crossref before using in final bibliography.
E0043-YEAR,P0043,F0043,pdf_metadata_or_page_text,,1,1,,,,,8628e299086124b3f1d5a6185ce3873aa1d1fc0142b86e9fcdca209f760105e6,pdf_text_candidate,E0,0.45,year_candidate_needs_review,2026-05-16T10:44:16+00:00,Year candidate from metadata/text; prefer Crossref year when DOI resolves.
E0044-TEXT,P0044,F0044,pdf_text_cache,,1,1,,,,,0d5a84847a7fa9657f53e2357161011904abfb9eb3ee055f16a8a88a44e10cdc,pymupdf_first_pages,E0,0.6,source_extracted_needs_review,2026-05-16T10:44:17+00:00,Automatic text cache for search and later human review.
E0044-DOI,P0044,F0044,pdf_text_identifier,,1,1,,,,,db0e37c18a7e54f47c8896481639edf02215497ac1599a02b4d4415c788e3569,regex_doi_from_pdf_text,E1,0.8,identifier_extracted_needs_review,2026-05-16T10:44:17+00:00,Identifier string found in local PDF text; Crossref resolution stored separately when available.
E0044-ARXIV,P0044,F0044,pdf_text_identifier,,5,5,,,,,4d2e31bfc0981f4fe96b94deb38eca1309d8552b34af28790bceac835b692472,regex_arxiv_from_pdf_text,E1,0.75,identifier_extracted_needs_review,2026-05-16T10:44:17+00:00,arXiv identifier string found in local PDF text.
E0044-TITLE,P0044,F0044,pdf_metadata_or_page_text,,1,1,,,,,b983c3a30e9c07fed20b5ea08bc7c7889797239f4d3ba70c2f2c3e1361c7e969,pdf_page_1_text_candidate,E0,0.55,title_candidate_needs_review,2026-05-16T10:44:17+00:00,Title candidate; verify against title page or Crossref before using in final bibliography.
E0044-YEAR,P0044,F0044,pdf_metadata_or_page_text,,1,1,,,,,6ce6e3222bb6acbce3994ddc9543f98cf43ac7f6a01e764e5efc5fd700fdc85b,pdf_text_candidate,E0,0.45,year_candidate_needs_review,2026-05-16T10:44:17+00:00,Year candidate from metadata/text; prefer Crossref year when DOI resolves.
E0045-TEXT,P0045,F0045,pdf_text_cache,,1,1,,,,,d7f20e915967e3daf397e1c6901046b13da5bdb4123ea9f9fa054e0c12ddaf20,pymupdf_first_pages,E0,0.6,source_extracted_needs_review,2026-05-16T10:44:18+00:00,Automatic text cache for search and later human review.
E0045-DOI,P0045,F0045,pdf_text_identifier,,1,1,,,,,19854bd5f00d9eded1f65c0ac131fad47fd375519534de600803c0d26d26f0e1,regex_doi_from_pdf_text,E1,0.8,identifier_extracted_needs_review,2026-05-16T10:44:18+00:00,Identifier string found in local PDF text; Crossref resolution stored separately when available.
E0045-TITLE,P0045,F0045,pdf_metadata_or_page_text,,1,1,,,,,b3ca2875724473997d8e596a1299fcb0fb0b07b8030cf663ea07a6cadb90cee9,pdf_page_1_text_candidate,E0,0.55,title_candidate_needs_review,2026-05-16T10:44:18+00:00,Title candidate; verify against title page or Crossref before using in final bibliography.
E0046-TEXT,P0046,F0046,pdf_text_cache,,1,1,,,,,4be529bdf01b01f361f440a7cb370d8b96cfa8dd41742b7ab868fa4f53849c6c,pymupdf_first_pages,E0,0.6,source_extracted_needs_review,2026-05-16T10:44:19+00:00,Automatic text cache for search and later human review.
E0046-DOI,P0046,F0046,pdf_text_identifier,,1,1,,,,,7ad7b1f303020aaa8fbc588c5895ab183a57e3b39334ea1520fcf8ebe3cd4585,regex_doi_from_pdf_text,E1,0.8,identifier_extracted_needs_review,2026-05-16T10:44:19+00:00,Identifier string found in local PDF text; Crossref resolution stored separately when available.
E0046-TITLE,P0046,F0046,pdf_metadata_or_page_text,,1,1,,,,,a3471544428a0206702b5e891c64e9a4d00d0bd3f52b7b8cba4195b18e3b5ec8,pdf_page_1_text_candidate,E0,0.55,title_candidate_needs_review,2026-05-16T10:44:19+00:00,Title candidate; verify against title page or Crossref before using in final bibliography.
E0046-YEAR,P0046,F0046,pdf_metadata_or_page_text,,1,1,,,,,1ea1ffc2d63253f57f32c6cc9125b6e714fd4fa624ec8123ebd3ae4ff2b94987,pdf_text_candidate,E0,0.45,year_candidate_needs_review,2026-05-16T10:44:19+00:00,Year candidate from metadata/text; prefer Crossref year when DOI resolves.
E0047-TEXT,P0047,F0047,pdf_text_cache,,1,1,,,,,19d06f80e5fef52c9db68dcbfccab1fc0ffb75ddd4f29a625a423441344450da,pymupdf_first_pages,E0,0.6,source_extracted_needs_review,2026-05-16T10:44:20+00:00,Automatic text cache for search and later human review.
E0047-DOI,P0047,F0047,pdf_text_identifier,,1,1,,,,,afb774add5b8c238b2198874203a7fbe1daf1390075daec734783a2609371f1f,regex_doi_from_pdf_text,E1,0.8,identifier_extracted_needs_review,2026-05-16T10:44:20+00:00,Identifier string found in local PDF text; Crossref resolution stored separately when available.
E0047-TITLE,P0047,F0047,pdf_metadata_or_page_text,,1,1,,,,,f56f734b6b7200dc2efcb9a95f1a08fc7f4940444bd201e10ca3e718f0e05dc7,pdf_page_1_text_candidate,E0,0.55,title_candidate_needs_review,2026-05-16T10:44:20+00:00,Title candidate; verify against title page or Crossref before using in final bibliography.
E0047-YEAR,P0047,F0047,pdf_metadata_or_page_text,,1,1,,,,,1788e04537ff51ca96476c5b3e59b538c32fc4fc45cc1980b91e326d8f4f9441,pdf_text_candidate,E0,0.45,year_candidate_needs_review,2026-05-16T10:44:20+00:00,Year candidate from metadata/text; prefer Crossref year when DOI resolves.
E0048-TEXT,P0048,F0048,pdf_text_cache,,1,1,,,,,2ef13c3b675592c089ca95cb393b1803759b616b74a6469f7cf83e82cc6964bc,pymupdf_first_pages,E0,0.6,source_extracted_needs_review,2026-05-16T10:44:21+00:00,Automatic text cache for search and later human review.
E0048-DOI,P0048,F0048,pdf_text_identifier,,2,2,,,,,38a9853e05a18811fa97b532393873ae01c54ad12c6be14a46aee65676be6024,regex_doi_from_pdf_text,E1,0.8,identifier_extracted_needs_review,2026-05-16T10:44:21+00:00,Identifier string found in local PDF text; Crossref resolution stored separately when available.
E0048-TITLE,P0048,F0048,pdf_metadata_or_page_text,,1,1,,,,,365285dddfc7773625d1476d4ee2075e18f45cdc2539cebbda0a5329d47c1759,pdf_page_1_text_candidate,E0,0.55,title_candidate_needs_review,2026-05-16T10:44:21+00:00,Title candidate; verify against title page or Crossref before using in final bibliography.
E0048-YEAR,P0048,F0048,pdf_metadata_or_page_text,,1,1,,,,,93e30c13d139eabc221a0d7f619dcf80e1a3ee15293d75101483f6060c81bce7,pdf_text_candidate,E0,0.45,year_candidate_needs_review,2026-05-16T10:44:21+00:00,Year candidate from metadata/text; prefer Crossref year when DOI resolves.
E0049-TEXT,P0049,F0049,pdf_text_cache,,1,1,,,,,b1854657b34c18a78157b32eee84e61d2cff7dc08b093013f727ae9c85b21e14,pymupdf_first_pages,E0,0.6,source_extracted_needs_review,2026-05-16T10:44:22+00:00,Automatic text cache for search and later human review.
E0049-DOI,P0049,F0049,pdf_text_identifier,,1,1,,,,,66b4cb177726d169c10c5b1adf45486e90e36eea9654aead701f0922cbbf4b69,regex_doi_from_pdf_text,E1,0.8,identifier_extracted_needs_review,2026-05-16T10:44:22+00:00,Identifier string found in local PDF text; Crossref resolution stored separately when available.
E0049-TITLE,P0049,F0049,pdf_metadata_or_page_text,,1,1,,,,,5c5fecfb8bcc1e64ab28ccf7958d9f4842e72781ded55ae6680ae7b22f4b011c,pdf_page_1_text_candidate,E0,0.55,title_candidate_needs_review,2026-05-16T10:44:22+00:00,Title candidate; verify against title page or Crossref before using in final bibliography.
E0049-YEAR,P0049,F0049,pdf_metadata_or_page_text,,1,1,,,,,0c1d21349102b1c55531a84f2f48a63aafc5079c3fcac7296eb30b7c6078e6bd,pdf_text_candidate,E0,0.45,year_candidate_needs_review,2026-05-16T10:44:22+00:00,Year candidate from metadata/text; prefer Crossref year when DOI resolves.
E0050-TEXT,P0050,F0050,pdf_text_cache,,1,1,,,,,72199bb003ec0c5db07f11ed96f33e3ae5565ea83386c4fc003064655f5952fb,pymupdf_first_pages,E0,0.6,source_extracted_needs_review,2026-05-16T10:44:23+00:00,Automatic text cache for search and later human review.
E0050-DOI,P0050,F0050,pdf_text_identifier,,1,1,,,,,a247a3f5e8ea05ec98773d5e6bf1cdbb924f0a8b796869f63f0d5a01f930a309,regex_doi_from_pdf_text,E1,0.8,identifier_extracted_needs_review,2026-05-16T10:44:23+00:00,Identifier string found in local PDF text; Crossref resolution stored separately when available.
E0050-TITLE,P0050,F0050,pdf_metadata_or_page_text,,1,1,,,,,a55b5f1729633d083f27866ecac8fbb518fe2cc2454770c813bc645c1d4336d0,pdf_page_1_text_candidate,E0,0.55,title_candidate_needs_review,2026-05-16T10:44:23+00:00,Title candidate; verify against title page or Crossref before using in final bibliography.
E0050-YEAR,P0050,F0050,pdf_metadata_or_page_text,,1,1,,,,,f02414bb910506eabeca7630c70d10d51eae45060b1aa60fafa7739814c8c89e,pdf_text_candidate,E0,0.45,year_candidate_needs_review,2026-05-16T10:44:23+00:00,Year candidate from metadata/text; prefer Crossref year when DOI resolves.
E-P0013-COREVERIFY,P0013,F0013,local_pdf_manual_core_check,,1,,,,,,d20769664e6198a8eb7b070efb4e66bc33cf499be2d90a224027c9fe43a61cf4,manual_core_list_verified_against_pdf_text,E1,0.9,verified_core_bibliography_only,2026-05-16 10:44:23,Bibliographic core check. Does not verify numerical device/resonance data.
E-P0028-COREVERIFY,P0028,F0028,local_pdf_manual_core_check,,1,,,,,,e55649341e59b6d48eb3e20e41e8ad727fa87cfd34f3bdf4a13cbbaa715b1c93,manual_core_list_verified_against_pdf_text,E1,0.9,verified_core_bibliography_only,2026-05-16 10:44:23,Bibliographic core check. Does not verify numerical device/resonance data.
E-P0030-COREVERIFY,P0030,F0030,local_pdf_manual_core_check,,1,,,,,,ea8a0d6a272f15a6a17df7a8e15b6eda5ee802fa820b0d4c17951ec6495b659a,manual_core_list_verified_against_pdf_text,E1,0.9,verified_core_bibliography_only,2026-05-16 10:44:23,Bibliographic core check. Does not verify numerical device/resonance data.
E-P0011-COREVERIFY,P0011,F0011,local_pdf_manual_core_check,,1,,,,,,8fb7f2bcbafcf8698da8ceef8c7b5d242073ead4a9fc0bb5b2c237ca044f5c5e,manual_core_list_verified_against_pdf_text,E1,0.9,verified_core_bibliography_only,2026-05-16 10:44:23,Bibliographic core check. Does not verify numerical device/resonance data.
E-P0042-COREVERIFY,P0042,F0042,local_pdf_manual_core_check,,1,,,,,,4e56ed098c84eab73c19fee50bfa22d82686f0cfc86604c005cdb0cd1b46869f,manual_core_list_verified_against_pdf_text,E1,0.9,verified_core_bibliography_only,2026-05-16 10:44:23,Bibliographic core check. Does not verify numerical device/resonance data.
E-P0023-COREVERIFY,P0023,F0023,local_pdf_manual_core_check,,1,,,,,,476fd922d37651b2f897168bb1566afbc3faa9618b567d67e326cb9e6701d4b7,manual_core_list_verified_against_pdf_text,E1,0.9,verified_core_bibliography_only,2026-05-16 10:44:24,Bibliographic core check. Does not verify numerical device/resonance data.
E-P0008-COREVERIFY,P0008,F0008,local_pdf_manual_core_check,,1,,,,,,39c4f8173da7e8e76079847ba5ba4da31c58224c1936cc212f027cb318767401,manual_core_list_verified_against_pdf_text,E1,0.9,verified_core_bibliography_only,2026-05-16 10:44:24,Bibliographic core check. Does not verify numerical device/resonance data.
E-P0050-COREVERIFY,P0050,F0050,local_pdf_manual_core_check,,1,,,,,,dfa46e527c8cc68639e0239dd25316c18ee5e1ce6edf33703f5ee4532f373f43,manual_core_list_verified_against_pdf_text,E1,0.9,verified_core_bibliography_only,2026-05-16 10:44:24,Bibliographic core check. Does not verify numerical device/resonance data.
E-P0031-COREVERIFY,P0031,F0031,local_pdf_manual_core_check,,1,,,,,,b24b821823a1604f94e22a87dd2bd51cb5987db0f441ce9f3b0e1af8abe88fd9,manual_core_list_verified_against_pdf_text,E1,0.9,verified_core_bibliography_only,2026-05-16 10:44:24,Bibliographic core check. Does not verify numerical device/resonance data.
E-P0003-COREVERIFY,P0003,F0003,local_pdf_manual_core_check,,1,,,,,,caafb6b151f6ff5e3e391b40835097d9a6e2025d6f573a9b0601934325a020e6,manual_core_list_verified_against_pdf_text,E1,0.9,verified_core_bibliography_only,2026-05-16 10:44:24,Bibliographic core check. Does not verify numerical device/resonance data.
E-P0002-COREVERIFY,P0002,F0002,local_pdf_manual_core_check,,1,,,,,,a646494954d26449ec35f75de8a653700179ea8b4f1557ab80743d7d9535028b,manual_core_list_verified_against_pdf_text,E1,0.9,verified_core_bibliography_only,2026-05-16 10:44:24,Bibliographic core check. Does not verify numerical device/resonance data.
E-P0024-COREVERIFY,P0024,F0024,local_pdf_manual_core_check,,1,,,,,,52469c89ffbb1848284c18e0ac861b3469a55286c281c2abe5f943d8f9c9140a,manual_core_list_verified_against_pdf_text,E1,0.9,verified_core_bibliography_only,2026-05-16 10:44:24,Bibliographic core check. Does not verify numerical device/resonance data.
E-P0035-COREVERIFY,P0035,F0035,local_pdf_manual_core_check,,1,,,,,,39b69704531d304e50cd0e420e067daf0b9d3de7670aff3378e42fa40d8e8ac9,manual_core_list_verified_against_pdf_text,E1,0.9,verified_core_bibliography_only,2026-05-16 10:44:24,Bibliographic core check. Does not verify numerical device/resonance data.
E-OBS-P0001-q_factor-1-ae9dcf73671357bb,P0001,F0001,local_pdf_text_observation,,1,1,,,,,ae9dcf73671357bba6d50fccc6b0f41559add6480c18262adbd763f7003583bc,regex:q_factor,E0,0.62,candidate_needs_review,2026-05-16 10:44:24,Automatically extracted observation candidate. Verify against PDF before using as fact.
E-OBS-P0001-q_factor-1-f8d8f20c41a07eb3,P0001,F0001,local_pdf_text_observation,,1,1,,,,,f8d8f20c41a07eb3ec84906503faf4a6a3cb00f07b84aeeecc2894855ba16090,regex:q_factor,E0,0.62,candidate_needs_review,2026-05-16 10:44:24,Automatically extracted observation candidate. Verify against PDF before using as fact.
E-OBS-P0001-q_factor-1-f8c6041b72d33247,P0001,F0001,local_pdf_text_observation,,1,1,,,,,f8c6041b72d33247e2f016eedb8ec1f0705a3ec224f9764804bd633b3782f8aa,regex:q_factor,E0,0.62,candidate_needs_review,2026-05-16 10:44:24,Automatically extracted observation candidate. Verify against PDF before using as fact.
E-OBS-P0001-material-1-d42a7281ba70ee11,P0001,F0001,local_pdf_text_observation,,1,1,,,,,d42a7281ba70ee11a1f3e3dc3244172c86ca0150c2c703728038a5d9c1ae245f,regex:material,E0,0.42,candidate_needs_review,2026-05-16 10:44:24,Automatically extracted observation candidate. Verify against PDF before using as fact.
E-OBS-P0001-material-1-1cab5f8716ce8b17,P0001,F0001,local_pdf_text_observation,,1,1,,,,,1cab5f8716ce8b17bb6ad1c22000b0779e2c6b0151e472f143ca185e7953c389,regex:material,E0,0.42,candidate_needs_review,2026-05-16 10:44:24,Automatically extracted observation candidate. Verify against PDF before using as fact.
E-OBS-P0001-material-1-8ee97462fd06c76e,P0001,F0001,local_pdf_text_observation,,1,1,,,,,8ee97462fd06c76ed753cf4d3ead1b2e86565e607c2627f4a3cb2c499f18ffe6,regex:material,E0,0.42,candidate_needs_review,2026-05-16 10:44:24,Automatically extracted observation candidate. Verify against PDF before using as fact.
E-OBS-P0001-polarization-1-e2788f8d573b2573,P0001,F0001,local_pdf_text_observation,,1,1,,,,,e2788f8d573b2573a7e812b3834a0bd4ec831fbc31fe388dbf3dc3eb1a9d3544,regex:polarization,E0,0.46,candidate_needs_review,2026-05-16 10:44:24,Automatically extracted observation candidate. Verify against PDF before using as fact.
E-OBS-P0001-material-2-4aab24e85626be4c,P0001,F0001,local_pdf_text_observation,,2,2,,,,,4aab24e85626be4c4db0633632c24ac9e03998d17af66a81d8551f68feb8e12a,regex:material,E0,0.42,candidate_needs_review,2026-05-16 10:44:24,Automatically extracted observation candidate. Verify against PDF before using as fact.
E-OBS-P0001-material-2-577608cfe7c2318b,P0001,F0001,local_pdf_text_observation,,2,2,,,,,577608cfe7c2318bd69e123cdbf1a91f7ae4fd6d8721fb279aec43426eafe128,regex:material,E0,0.42,candidate_needs_review,2026-05-16 10:44:24,Automatically extracted observation candidate. Verify against PDF before using as fact.
E-OBS-P0001-material-2-22fd76ace0a4997c,P0001,F0001,local_pdf_text_observation,,2,2,,,,,22fd76ace0a4997ccb837924b11d7a588b2307ea4c08a3917b9409db8bc7c8cb,regex:material,E0,0.42,candidate_needs_review,2026-05-16 10:44:24,Automatically extracted observation candidate. Verify against PDF before using as fact.
E-OBS-P0001-material-2-4c375934863d814a,P0001,F0001,local_pdf_text_observation,,2,2,,,,,4c375934863d814a4946c6b023c4331a8c94d9a38d84b9bb450425f99e766091,regex:material,E0,0.42,candidate_needs_review,2026-05-16 10:44:24,Automatically extracted observation candidate. Verify against PDF before using as fact.
E-OBS-P0001-polarization-2-83b2ac2beb29938a,P0001,F0001,local_pdf_text_observation,,2,2,,,,,83b2ac2beb29938a749074e21cd2904da25f8d0f15144427e742eb50d28c9258,regex:polarization,E0,0.46,candidate_needs_review,2026-05-16 10:44:24,Automatically extracted observation candidate. Verify against PDF before using as fact.
E-OBS-P0001-polarization-2-a3e9ada8e810a86f,P0001,F0001,local_pdf_text_observation,,2,2,,,,,a3e9ada8e810a86f88ecf556f01286fc909b062c30b90c88747a45c859520395,regex:polarization,E0,0.46,candidate_needs_review,2026-05-16 10:44:24,Automatically extracted observation candidate. Verify against PDF before using as fact.
E-OBS-P0001-q_factor-3-9381349fc354a950,P0001,F0001,local_pdf_text_observation,,3,3,,,,,9381349fc354a950dc845c27638b22ea3fac05ad278bad14966772565c159ae3,regex:q_factor,E0,0.62,candidate_needs_review,2026-05-16 10:44:24,Automatically extracted observation candidate. Verify against PDF before using as fact.
E-OBS-P0001-material-3-9c1694fe4da1cf24,P0001,F0001,local_pdf_text_observation,,3,3,,,,,9c1694fe4da1cf24c6da9157ea56cfb1e5262bef5beb2984dfce61abf8c60cca,regex:material,E0,0.42,candidate_needs_review,2026-05-16 10:44:24,Automatically extracted observation candidate. Verify against PDF before using as fact.
E-OBS-P0001-q_factor-5-8557abed18930c81,P0001,F0001,local_pdf_text_observation,,5,5,,,,,8557abed18930c813a564af2db8bc02d706823398cf2d1ec6066867b7f66e20a,regex:q_factor,E0,0.62,candidate_needs_review,2026-05-16 10:44:24,Automatically extracted observation candidate. Verify against PDF before using as fact.
E-OBS-P0001-q_factor-5-447694f916c53c1d,P0001,F0001,local_pdf_text_observation,,5,5,,,,,447694f916c53c1d38f388950d6a5e0ae43324361cd0aa5943a850a75f83d021,regex:q_factor,E0,0.62,candidate_needs_review,2026-05-16 10:44:24,Automatically extracted observation candidate. Verify against PDF before using as fact.
E-OBS-P0001-frequency-5-eacb43e065f6b7ae,P0001,F0001,local_pdf_text_observation,,5,5,,,,,eacb43e065f6b7ae64521060c00c91f6282220b9be5ca472475de99faa90f68c,regex:frequency,E0,0.58,candidate_needs_review,2026-05-16 10:44:24,Automatically extracted observation candidate. Verify against PDF before using as fact.
E-OBS-P0001-thickness-5-25301d3b0289f749,P0001,F0001,local_pdf_text_observation,,5,5,,,,,25301d3b0289f74905f2a7348eb903695973299ef1fee3554d9f0f03c19b6060,regex:thickness,E0,0.58,candidate_needs_review,2026-05-16 10:44:24,Automatically extracted observation candidate. Verify against PDF before using as fact.
E-OBS-P0001-diameter-5-d29bbe716d55e3c3,P0001,F0001,local_pdf_text_observation,,5,5,,,,,d29bbe716d55e3c31f0ad7afa2034e262f3d4e2bbd57f581281ea148153c4cab,regex:diameter,E0,0.45,candidate_needs_review,2026-05-16 10:44:24,Automatically extracted observation candidate. Verify against PDF before using as fact.
E-OBS-P0001-spectrum-7-61a8b41c082eb3e3,P0001,F0001,local_pdf_text_observation,,7,7,,,,,61a8b41c082eb3e30093418a173180ae523aa7e2948395d9bd2b10d93f574512,regex:spectrum,E0,0.48,candidate_needs_review,2026-05-16 10:44:24,Automatically extracted observation candidate. Verify against PDF before using as fact.
E-OBS-P0001-polarization-7-8eb3a36af89de465,P0001,F0001,local_pdf_text_observation,,7,7,,,,,8eb3a36af89de465fef0d24caabdb200edea6fb22e3dd5150ccac308515f625c,regex:polarization,E0,0.46,candidate_needs_review,2026-05-16 10:44:24,Automatically extracted observation candidate. Verify against PDF before using as fact.
E-OBS-P0002-k_space-1-0ac25304e76837e5,P0002,F0002,local_pdf_text_observation,,1,1,,,,,0ac25304e76837e56f7b2f8522e0b6c1ac373701399802271cee17d447644cfe,regex:k_space,E0,0.5,candidate_needs_review,2026-05-16 10:44:24,Automatically extracted observation candidate. Verify against PDF before using as fact.
E-OBS-P0002-k_space-1-2fb0f7a07efe2ff9,P0002,F0002,local_pdf_text_observation,,1,1,,,,,2fb0f7a07efe2ff9f8066f0f9fe93ef0f2e1603f16ab6556dc8ae865a08ba3fe,regex:k_space,E0,0.5,candidate_needs_review,2026-05-16 10:44:24,Automatically extracted observation candidate. Verify against PDF before using as fact.
E-OBS-P0002-k_space-1-f45f5328a2c5c9b4,P0002,F0002,local_pdf_text_observation,,1,1,,,,,f45f5328a2c5c9b436e6f284930c24424e8b00ac11015594daa3c1e14acacfde,regex:k_space,E0,0.5,candidate_needs_review,2026-05-16 10:44:24,Automatically extracted observation candidate. Verify against PDF before using as fact.
E-OBS-P0002-k_space-1-96288b10ba141e8e,P0002,F0002,local_pdf_text_observation,,1,1,,,,,96288b10ba141e8ebabc1856cde62b0eff126e506b64c0ba2b5b9effc50e0ada,regex:k_space,E0,0.5,candidate_needs_review,2026-05-16 10:44:24,Automatically extracted observation candidate. Verify against PDF before using as fact.
E-OBS-P0002-k_space-1-0f9b401e2e94d26f,P0002,F0002,local_pdf_text_observation,,1,1,,,,,0f9b401e2e94d26ff5e6e1b99010908af29af0fba7f42f857fb5409dafb2b7ca,regex:k_space,E0,0.5,candidate_needs_review,2026-05-16 10:44:24,Automatically extracted observation candidate. Verify against PDF before using as fact.
E-OBS-P0002-k_space-1-d9e62840fdad865c,P0002,F0002,local_pdf_text_observation,,1,1,,,,,d9e62840fdad865cfe5eac464cdc1446dd735679f083cc2dae7b83ee16cd3a97,regex:k_space,E0,0.5,candidate_needs_review,2026-05-16 10:44:24,Automatically extracted observation candidate. Verify against PDF before using as fact.
E-OBS-P0002-k_space-1-b545569844b3f294,P0002,F0002,local_pdf_text_observation,,1,1,,,,,b545569844b3f294934d96de9ad097b419ea9aa93d21f7d1984a5c4eaf6b6d98,regex:k_space,E0,0.5,candidate_needs_review,2026-05-16 10:44:24,Automatically extracted observation candidate. Verify against PDF before using as fact.
E-OBS-P0002-k_space-1-0d6e0bebb46c980b,P0002,F0002,local_pdf_text_observation,,1,1,,,,,0d6e0bebb46c980bc92ce49caee77e8e31b0f442e5bc66e929cdf57feb94750b,regex:k_space,E0,0.5,candidate_needs_review,2026-05-16 10:44:24,Automatically extracted observation candidate. Verify against PDF before using as fact.
E-OBS-P0002-polarization-1-7d687d6e43340a59,P0002,F0002,local_pdf_text_observation,,1,1,,,,,7d687d6e43340a594ed9a4070f91409f3055a7ff49af5221894be8259e005066,regex:polarization,E0,0.46,candidate_needs_review,2026-05-16 10:44:24,Automatically extracted observation candidate. Verify against PDF before using as fact.
E-OBS-P0002-polarization-1-cc728b524f54d7e9,P0002,F0002,local_pdf_text_observation,,1,1,,,,,cc728b524f54d7e945519b432eae936bbf38da4d25081db51f2f90576322461e,regex:polarization,E0,0.46,candidate_needs_review,2026-05-16 10:44:24,Automatically extracted observation candidate. Verify against PDF before using as fact.
E-OBS-P0002-polarization-1-2b1a837aa958cf82,P0002,F0002,local_pdf_text_observation,,1,1,,,,,2b1a837aa958cf829f5a9cf4864f06a7bfae55c216ed5b261ca76225f7586f65,regex:polarization,E0,0.46,candidate_needs_review,2026-05-16 10:44:24,Automatically extracted observation candidate. Verify against PDF before using as fact.
E-OBS-P0002-polarization-1-b18072a6a8b32551,P0002,F0002,local_pdf_text_observation,,1,1,,,,,b18072a6a8b325510ac3706dab1f7da15a83e27a559c2096dcb3150a5e56b56b,regex:polarization,E0,0.46,candidate_needs_review,2026-05-16 10:44:24,Automatically extracted observation candidate. Verify against PDF before using as fact.
E-OBS-P0002-polarization-1-12bbea18391a5d0f,P0002,F0002,local_pdf_text_observation,,1,1,,,,,12bbea18391a5d0f27dee2739450ce82b9fc029a7b1ce21af1d445fb20a04506,regex:polarization,E0,0.46,candidate_needs_review,2026-05-16 10:44:24,Automatically extracted observation candidate. Verify against PDF before using as fact.
E-OBS-P0002-polarization-1-9afeed502753fea3,P0002,F0002,local_pdf_text_observation,,1,1,,,,,9afeed502753fea314035814b073f9ca9d33f492497861ef78367353c713be61,regex:polarization,E0,0.46,candidate_needs_review,2026-05-16 10:44:24,Automatically extracted observation candidate. Verify against PDF before using as fact.
E-OBS-P0002-band_structure-2-92c4173f68e7291e,P0002,F0002,local_pdf_text_observation,,2,2,,,,,92c4173f68e7291ea4f6e8a7964898dba38567a3331de0bf42233d9bb5eba5c8,regex:band_structure,E0,0.48,candidate_needs_review,2026-05-16 10:44:24,Automatically extracted observation candidate. Verify against PDF before using as fact.
E-OBS-P0002-band_structure-2-c1c4252d3b796d79,P0002,F0002,local_pdf_text_observation,,2,2,,,,,c1c4252d3b796d7991ad7b5545dcb45cd6855a0b9e8606b3566d693794f8157e,regex:band_structure,E0,0.48,candidate_needs_review,2026-05-16 10:44:24,Automatically extracted observation candidate. Verify against PDF before using as fact.
E-OBS-P0002-spectrum-2-4b9749a8ae6b1e6c,P0002,F0002,local_pdf_text_observation,,2,2,,,,,4b9749a8ae6b1e6c938197eb1a1568fea037a5c2402007ae478b7f777e57e108,regex:spectrum,E0,0.48,candidate_needs_review,2026-05-16 10:44:24,Automatically extracted observation candidate. Verify against PDF before using as fact.
E-OBS-P0002-polarization-2-43e162fe78b87658,P0002,F0002,local_pdf_text_observation,,2,2,,,,,43e162fe78b87658ed877841c071ae92da4e682ea10289733d22079f2af346fa,regex:polarization,E0,0.46,candidate_needs_review,2026-05-16 10:44:24,Automatically extracted observation candidate. Verify against PDF before using as fact.
E-OBS-P0002-polarization-2-5ffcd6572e99eb3d,P0002,F0002,local_pdf_text_observation,,2,2,,,,,5ffcd6572e99eb3d8787ba8ef88d616cacb13ddbb6f911f22653d0a097c7cfcb,regex:polarization,E0,0.46,candidate_needs_review,2026-05-16 10:44:24,Automatically extracted observation candidate. Verify against PDF before using as fact.
E-OBS-P0002-material-3-7e19e8e924fbbff1,P0002,F0002,local_pdf_text_observation,,3,3,,,,,7e19e8e924fbbff181883140b0f4f4718facb5783df85c7b6a36bd5b9127745b,regex:material,E0,0.42,candidate_needs_review,2026-05-16 10:44:24,Automatically extracted observation candidate. Verify against PDF before using as fact.
E-OBS-P0002-material-3-e80c4c08e414d916,P0002,F0002,local_pdf_text_observation,,3,3,,,,,e80c4c08e414d916cdeb226500dc6ab52c2a28e037a0ba45a3c77ef8877587ef,regex:material,E0,0.42,candidate_needs_review,2026-05-16 10:44:24,Automatically extracted observation candidate. Verify against PDF before using as fact.
E-OBS-P0002-material-3-ea7265fa1810c30b,P0002,F0002,local_pdf_text_observation,,3,3,,,,,ea7265fa1810c30b1cb32875c62c9b9339c6a1594d50aa0639aa8af108e25929,regex:material,E0,0.42,candidate_needs_review,2026-05-16 10:44:24,Automatically extracted observation candidate. Verify against PDF before using as fact.
E-OBS-P0002-material-3-89760e2903071261,P0002,F0002,local_pdf_text_observation,,3,3,,,,,89760e29030712616b799c7c6f2bdf807d940c6020e69ff42394f6ec57bc7c9e,regex:material,E0,0.42,candidate_needs_review,2026-05-16 10:44:24,Automatically extracted observation candidate. Verify against PDF before using as fact.
E-OBS-P0002-material-3-909772514160e998,P0002,F0002,local_pdf_text_observation,,3,3,,,,,909772514160e99858507cfe03e05b3a60e47c059e01ce2a41bdb20ec4581e2c,regex:material,E0,0.42,candidate_needs_review,2026-05-16 10:44:24,Automatically extracted observation candidate. Verify against PDF before using as fact.
E-OBS-P0002-band_structure-3-31bd1778bf5ae075,P0002,F0002,local_pdf_text_observation,,3,3,,,,,31bd1778bf5ae0753b5cbd34b57484ac8ab093bd6dd572ef35133628f5f43824,regex:band_structure,E0,0.48,candidate_needs_review,2026-05-16 10:44:24,Automatically extracted observation candidate. Verify against PDF before using as fact.
E-OBS-P0002-band_structure-3-14f84d3f7f08c6c7,P0002,F0002,local_pdf_text_observation,,3,3,,,,,14f84d3f7f08c6c7a0b516f0ca93eafa16d8fbec7eee8b27abb77dcbfb21e3ad,regex:band_structure,E0,0.48,candidate_needs_review,2026-05-16 10:44:24,Automatically extracted observation candidate. Verify against PDF before using as fact.
E-OBS-P0002-band_structure-3-f8ac6be3899a5743,P0002,F0002,local_pdf_text_observation,,3,3,,,,,f8ac6be3899a5743d3144e36bb9b30ca263aaaa2401c30818bbe2abb5d05626a,regex:band_structure,E0,0.48,candidate_needs_review,2026-05-16 10:44:24,Automatically extracted observation candidate. Verify against PDF before using as fact.
E-OBS-P0002-spectrum-3-2a33b87ba105e4d0,P0002,F0002,local_pdf_text_observation,,3,3,,,,,2a33b87ba105e4d05272903bc307117eb0a67d057dfe17a4c5e789feba03b3ea,regex:spectrum,E0,0.48,candidate_needs_review,2026-05-16 10:44:24,Automatically extracted observation candidate. Verify against PDF before using as fact.
E-OBS-P0002-spectrum-3-7cb22683f39cebbf,P0002,F0002,local_pdf_text_observation,,3,3,,,,,7cb22683f39cebbf7b7b2abf8ccce713e0cd15c28eb9b125d49691a83a5ff3b2,regex:spectrum,E0,0.48,candidate_needs_review,2026-05-16 10:44:24,Automatically extracted observation candidate. Verify against PDF before using as fact.
E-OBS-P0002-band_structure-4-bc58ccb982b7a496,P0002,F0002,local_pdf_text_observation,,4,4,,,,,bc58ccb982b7a496098d15da760bf21ddb44de564de1400e99b1801d15c6325c,regex:band_structure,E0,0.48,candidate_needs_review,2026-05-16 10:44:24,Automatically extracted observation candidate. Verify against PDF before using as fact.
E-OBS-P0002-band_structure-4-47f13c68293df651,P0002,F0002,local_pdf_text_observation,,4,4,,,,,47f13c68293df6516f855624682ac3c472fbff023ac640d20aa8f459b50ca077,regex:band_structure,E0,0.48,candidate_needs_review,2026-05-16 10:44:24,Automatically extracted observation candidate. Verify against PDF before using as fact.
E-OBS-P0002-band_structure-4-977baf90b6342c5f,P0002,F0002,local_pdf_text_observation,,4,4,,,,,977baf90b6342c5f7d4a5a5c7f35b1b5c51f1754e6550ed264b731eb7c85650d,regex:band_structure,E0,0.48,candidate_needs_review,2026-05-16 10:44:24,Automatically extracted observation candidate. Verify against PDF before using as fact.
E-OBS-P0002-spectrum-4-0589e13251eb222a,P0002,F0002,local_pdf_text_observation,,4,4,,,,,0589e13251eb222affe8de8708d8f9dbf98a653e58284fc0b1f5084f1a46b7ec,regex:spectrum,E0,0.48,candidate_needs_review,2026-05-16 10:44:24,Automatically extracted observation candidate. Verify against PDF before using as fact.
E-OBS-P0002-spectrum-4-d53169efadf14656,P0002,F0002,local_pdf_text_observation,,4,4,,,,,d53169efadf14656bf28bd423dfabbef3910b67e1d3b31b2135e605b996ef6c1,regex:spectrum,E0,0.48,candidate_needs_review,2026-05-16 10:44:24,Automatically extracted observation candidate. Verify against PDF before using as fact.
E-OBS-P0002-material-5-3c6e353dd3a65243,P0002,F0002,local_pdf_text_observation,,5,5,,,,,3c6e353dd3a6524355c8b590c3b6430e5239f8d5a0eb8bbf2f9a48c11d5221d2,regex:material,E0,0.42,candidate_needs_review,2026-05-16 10:44:24,Automatically extracted observation candidate. Verify against PDF before using as fact.
E-OBS-P0002-material-7-16c428c3883c1234,P0002,F0002,local_pdf_text_observation,,7,7,,,,,16c428c3883c12342a58e0093fd25772d20366e8797828d031d6c125c296ed25,regex:material,E0,0.42,candidate_needs_review,2026-05-16 10:44:24,Automatically extracted observation candidate. Verify against PDF before using as fact.
E-OBS-P0002-material-7-879695088ff45107,P0002,F0002,local_pdf_text_observation,,7,7,,,,,879695088ff45107ee52c47d057838da8cb67024dbb39547c31540cc2a183b73,regex:material,E0,0.42,candidate_needs_review,2026-05-16 10:44:24,Automatically extracted observation candidate. Verify against PDF before using as fact.
E-OBS-P0002-spectrum-7-ee23f4d30f3d3951,P0002,F0002,local_pdf_text_observation,,7,7,,,,,ee23f4d30f3d395147895041aac2d23c883f037b863e843db731a7ec57580b66,regex:spectrum,E0,0.48,candidate_needs_review,2026-05-16 10:44:24,Automatically extracted observation candidate. Verify against PDF before using as fact.
E-OBS-P0003-material-1-796de39a70c7f6e3,P0003,F0003,local_pdf_text_observation,,1,1,,,,,796de39a70c7f6e3528af6cc980052f3da7df40c92fef3e5fc148413af1bb685,regex:material,E0,0.42,candidate_needs_review,2026-05-16 10:44:24,Automatically extracted observation candidate. Verify against PDF before using as fact.
E-OBS-P0003-material-1-80906976f2e7d22b,P0003,F0003,local_pdf_text_observation,,1,1,,,,,80906976f2e7d22b4125f1f910d94a96fe59d1f3b4340c5beb4dfe7d59d1b4af,regex:material,E0,0.42,candidate_needs_review,2026-05-16 10:44:24,Automatically extracted observation candidate. Verify against PDF before using as fact.
E-OBS-P0003-material-1-873757e3bb4af5d1,P0003,F0003,local_pdf_text_observation,,1,1,,,,,873757e3bb4af5d18d7491596a3f6e7cb27d11f7a2c28ebb9e6d429cbd17821c,regex:material,E0,0.42,candidate_needs_review,2026-05-16 10:44:24,Automatically extracted observation candidate. Verify against PDF before using as fact.
E-OBS-P0003-material-1-d001a2471c118af7,P0003,F0003,local_pdf_text_observation,,1,1,,,,,d001a2471c118af73fbff6181786c134cdc94ae8ac25ba9f1e23e4f2aa648d27,regex:material,E0,0.42,candidate_needs_review,2026-05-16 10:44:24,Automatically extracted observation candidate. Verify against PDF before using as fact.
E-OBS-P0003-material-1-3834f511efcacd90,P0003,F0003,local_pdf_text_observation,,1,1,,,,,3834f511efcacd90de9ee04b06ee18f9e0ca114526d11341fa440c4e9fb6f345,regex:material,E0,0.42,candidate_needs_review,2026-05-16 10:44:24,Automatically extracted observation candidate. Verify against PDF before using as fact.
E-OBS-P0003-material-1-77cde07ce3b019d3,P0003,F0003,local_pdf_text_observation,,1,1,,,,,77cde07ce3b019d3f99d795f2ee9fce19beeb078cde927f7902a10beb48f549e,regex:material,E0,0.42,candidate_needs_review,2026-05-16 10:44:24,Automatically extracted observation candidate. Verify against PDF before using as fact.
E-OBS-P0003-material-1-648a9c40a18b1721,P0003,F0003,local_pdf_text_observation,,1,1,,,,,648a9c40a18b1721d49b7055ebf7834dd329931f3489b09ebaaf7cd8e12e19b5,regex:material,E0,0.42,candidate_needs_review,2026-05-16 10:44:24,Automatically extracted observation candidate. Verify against PDF before using as fact.
E-OBS-P0003-material-2-cee0b1aa7fae1a0d,P0003,F0003,local_pdf_text_observation,,2,2,,,,,cee0b1aa7fae1a0dbf0c5ebe667661a509b225aa47195c8c1ddcf69ee33ebef8,regex:material,E0,0.42,candidate_needs_review,2026-05-16 10:44:24,Automatically extracted observation candidate. Verify against PDF before using as fact.
E-OBS-P0003-band_structure-2-2fb5f175f267f82a,P0003,F0003,local_pdf_text_observation,,2,2,,,,,2fb5f175f267f82aef6eeba3d2c9abaa6cae24815bdd4762822d52639c373b6d,regex:band_structure,E0,0.48,candidate_needs_review,2026-05-16 10:44:24,Automatically extracted observation candidate. Verify against PDF before using as fact.
E-OBS-P0003-wavelength-3-5477f884d2093981,P0003,F0003,local_pdf_text_observation,,3,3,,,,,5477f884d20939815fd8e8527cdb3496d8a98f3240b836c02cd1359c4e4b1846,regex:wavelength,E0,0.6,candidate_needs_review,2026-05-16 10:44:24,Automatically extracted observation candidate. Verify against PDF before using as fact.
E-OBS-P0003-wavelength-3-5b06e5b67aab56ae,P0003,F0003,local_pdf_text_observation,,3,3,,,,,5b06e5b67aab56ae91b9cc3f5a93b193fe114947159d7866d493f92413ed1da5,regex:wavelength,E0,0.6,candidate_needs_review,2026-05-16 10:44:24,Automatically extracted observation candidate. Verify against PDF before using as fact.
E-OBS-P0003-radius-3-9a4473dd3ceee201,P0003,F0003,local_pdf_text_observation,,3,3,,,,,9a4473dd3ceee20106fd374a1a2fd6a1ec2b17c832ba1d1d74aae0f05ff97365,regex:radius,E0,0.48,candidate_needs_review,2026-05-16 10:44:24,Automatically extracted observation candidate. Verify against PDF before using as fact.
E-OBS-P0003-spectrum-3-b48a6abb2c5537b0,P0003,F0003,local_pdf_text_observation,,3,3,,,,,b48a6abb2c5537b0d859d805c8d535c0c951932c022f7950d043714193bfcb3b,regex:spectrum,E0,0.48,candidate_needs_review,2026-05-16 10:44:24,Automatically extracted observation candidate. Verify against PDF before using as fact.
E-OBS-P0003-spectrum-3-12efc3345563e128,P0003,F0003,local_pdf_text_observation,,3,3,,,,,12efc3345563e1285123316d3f6af378fec3f93c9a4a442c92f6d20307886461,regex:spectrum,E0,0.48,candidate_needs_review,2026-05-16 10:44:24,Automatically extracted observation candidate. Verify against PDF before using as fact.
E-OBS-P0003-spectrum-3-b65b55e288e31834,P0003,F0003,local_pdf_text_observation,,3,3,,,,,b65b55e288e31834b71afe76cdb3e1c582e0f4c0140d01ce013e087f9c160fb1,regex:spectrum,E0,0.48,candidate_needs_review,2026-05-16 10:44:24,Automatically extracted observation candidate. Verify against PDF before using as fact.
E-OBS-P0003-band_structure-4-db8a7587011d2597,P0003,F0003,local_pdf_text_observation,,4,4,,,,,db8a7587011d25970b8c29bc4bcb997d25964620f346555ab7b4b5904846b5b8,regex:band_structure,E0,0.48,candidate_needs_review,2026-05-16 10:44:24,Automatically extracted observation candidate. Verify against PDF before using as fact.
E-OBS-P0003-k_space-5-4a649162f064d473,P0003,F0003,local_pdf_text_observation,,5,5,,,,,4a649162f064d47387b23d4a22ca47bd45c36275085ef4a07de72fee2cb2ffc1,regex:k_space,E0,0.5,candidate_needs_review,2026-05-16 10:44:24,Automatically extracted observation candidate. Verify against PDF before using as fact.
E-OBS-P0003-k_space-5-b33d75b4c2479c19,P0003,F0003,local_pdf_text_observation,,5,5,,,,,b33d75b4c2479c19371f212d1f3607773c940ee92e5a872ac0ae02bca18081a8,regex:k_space,E0,0.5,candidate_needs_review,2026-05-16 10:44:24,Automatically extracted observation candidate. Verify against PDF before using as fact.
E-OBS-P0003-band_structure-5-35bf6d61f5ce652a,P0003,F0003,local_pdf_text_observation,,5,5,,,,,35bf6d61f5ce652aff56becbd1db5d75969134163d191257073413f00364b12b,regex:band_structure,E0,0.48,candidate_needs_review,2026-05-16 10:44:24,Automatically extracted observation candidate. Verify against PDF before using as fact.
E-OBS-P0003-band_structure-5-8325d28c8cd22df1,P0003,F0003,local_pdf_text_observation,,5,5,,,,,8325d28c8cd22df147a6434df83612287da8c7cb3c1886b22899750f7d4e4ecf,regex:band_structure,E0,0.48,candidate_needs_review,2026-05-16 10:44:24,Automatically extracted observation candidate. Verify against PDF before using as fact.
E-OBS-P0003-k_space-6-eaccfc6eecb8cd35,P0003,F0003,local_pdf_text_observation,,6,6,,,,,eaccfc6eecb8cd35b20e1c2f844506aa7bfa199c5949faa9e309cc412d708296,regex:k_space,E0,0.5,candidate_needs_review,2026-05-16 10:44:24,Automatically extracted observation candidate. Verify against PDF before using as fact.
E-OBS-P0003-k_space-6-23a4f4ba91c13174,P0003,F0003,local_pdf_text_observation,,6,6,,,,,23a4f4ba91c1317407c2616ee57c3de3230a17cf018fabfd3109c9d2765c8041,regex:k_space,E0,0.5,candidate_needs_review,2026-05-16 10:44:24,Automatically extracted observation candidate. Verify against PDF before using as fact.
E-OBS-P0003-spectrum-6-06abd6beb72448e5,P0003,F0003,local_pdf_text_observation,,6,6,,,,,06abd6beb72448e5f40470b9ed5be160918942de33fedfca5fbffce61f9d8cac,regex:spectrum,E0,0.48,candidate_needs_review,2026-05-16 10:44:24,Automatically extracted observation candidate. Verify against PDF before using as fact.
E-OBS-P0003-polarization-6-20789c4d5e16e217,P0003,F0003,local_pdf_text_observation,,6,6,,,,,20789c4d5e16e217e0831fed1bdd93c66b4910aef5aca28b5a19513c7e69f87a,regex:polarization,E0,0.46,candidate_needs_review,2026-05-16 10:44:24,Automatically extracted observation candidate. Verify against PDF before using as fact.
E-OBS-P0003-polarization-6-8360d2ec3cbcce64,P0003,F0003,local_pdf_text_observation,,6,6,,,,,8360d2ec3cbcce6443a89c1a7f7f5f394a398a4ff4599507ef6f848a48efa205,regex:polarization,E0,0.46,candidate_needs_review,2026-05-16 10:44:24,Automatically extracted observation candidate. Verify against PDF before using as fact.
E-OBS-P0003-polarization-6-54cf037acf5e57a6,P0003,F0003,local_pdf_text_observation,,6,6,,,,,54cf037acf5e57a6308c746c50ed7bad33fc06612ac6324144aca96428eda669,regex:polarization,E0,0.46,candidate_needs_review,2026-05-16 10:44:24,Automatically extracted observation candidate. Verify against PDF before using as fact.
E-OBS-P0004-material-1-6db5f9eab51d2740,P0004,F0004,local_pdf_text_observation,,1,1,,,,,6db5f9eab51d2740efa20c83b3c6131ae875acfaa41c6bd7d9a3c3eb694127a2,regex:material,E0,0.42,candidate_needs_review,2026-05-16 10:44:25,Automatically extracted observation candidate. Verify against PDF before using as fact.
E-OBS-P0004-material-1-1d90e30c8c465c24,P0004,F0004,local_pdf_text_observation,,1,1,,,,,1d90e30c8c465c24e6d5d9161a9ecae93e92ba33b90db8914c7dc9d0a6fb803d,regex:material,E0,0.42,candidate_needs_review,2026-05-16 10:44:25,Automatically extracted observation candidate. Verify against PDF before using as fact.
E-OBS-P0004-material-1-d18306b5c89153d2,P0004,F0004,local_pdf_text_observation,,1,1,,,,,d18306b5c89153d2db74ac60e69da9dcd4d5ffb6fd53e4d28c6cd87b228208ec,regex:material,E0,0.42,candidate_needs_review,2026-05-16 10:44:25,Automatically extracted observation candidate. Verify against PDF before using as fact.
E-OBS-P0004-material-1-4e6ebb3c5e0b0b4e,P0004,F0004,local_pdf_text_observation,,1,1,,,,,4e6ebb3c5e0b0b4e70d5fdd28544e0e44075e80a8c950568b700e744745dc9b6,regex:material,E0,0.42,candidate_needs_review,2026-05-16 10:44:25,Automatically extracted observation candidate. Verify against PDF before using as fact.
E-OBS-P0004-material-1-02d2669135f74d17,P0004,F0004,local_pdf_text_observation,,1,1,,,,,02d2669135f74d17ae41b304e6eae896567b83cb5a06dc76d3ce2b0ac66ee515,regex:material,E0,0.42,candidate_needs_review,2026-05-16 10:44:25,Automatically extracted observation candidate. Verify against PDF before using as fact.
E-OBS-P0004-material-1-d35b53f2d326c74d,P0004,F0004,local_pdf_text_observation,,1,1,,,,,d35b53f2d326c74d282f9d6fdc17a798acdcc453546b979ea369f05910708b7a,regex:material,E0,0.42,candidate_needs_review,2026-05-16 10:44:25,Automatically extracted observation candidate. Verify against PDF before using as fact.
E-OBS-P0004-material-1-c427154039f13608,P0004,F0004,local_pdf_text_observation,,1,1,,,,,c427154039f1360876ea493f6e9b82a3f39c4a39abdfeaadf3b0f3a76e55c5b5,regex:material,E0,0.42,candidate_needs_review,2026-05-16 10:44:25,Automatically extracted observation candidate. Verify against PDF before using as fact.
E-OBS-P0004-material-1-ab010dfad27a661f,P0004,F0004,local_pdf_text_observation,,1,1,,,,,ab010dfad27a661fde56319cf96445ff9e4d8323941c0892ed0d060bc1256f27,regex:material,E0,0.42,candidate_needs_review,2026-05-16 10:44:25,Automatically extracted observation candidate. Verify against PDF before using as fact.
E-OBS-P0004-thickness-3-46c5902e8804bcbd,P0004,F0004,local_pdf_text_observation,,3,3,,,,,46c5902e8804bcbdde83d7c80dfbff713dab2501dd8a91454fe6b12082b0a3c4,regex:thickness,E0,0.58,candidate_needs_review,2026-05-16 10:44:25,Automatically extracted observation candidate. Verify against PDF before using as fact.
E-OBS-P0004-thickness-3-a535ecfce98e2120,P0004,F0004,local_pdf_text_observation,,3,3,,,,,a535ecfce98e2120f9b72a084bb12680538cc68c7fae06ade51998b8e6ed4878,regex:thickness,E0,0.58,candidate_needs_review,2026-05-16 10:44:25,Automatically extracted observation candidate. Verify against PDF before using as fact.
E-OBS-P0005-q_factor-1-192500ee066394e9,P0005,F0005,local_pdf_text_observation,,1,1,,,,,192500ee066394e92b945b0f43abd4fd4a1c30f1ae015d65a7da3e6f7b0b64b5,regex:q_factor,E0,0.62,candidate_needs_review,2026-05-16 10:44:25,Automatically extracted observation candidate. Verify against PDF before using as fact.
E-OBS-P0005-q_factor-1-da157a820ccf0fa0,P0005,F0005,local_pdf_text_observation,,1,1,,,,,da157a820ccf0fa0d82d4d89e25e7fcaf6bd6b05d23eb7a06a92f600371631f0,regex:q_factor,E0,0.62,candidate_needs_review,2026-05-16 10:44:25,Automatically extracted observation candidate. Verify against PDF before using as fact.
E-OBS-P0005-q_factor-1-33af0e509953e490,P0005,F0005,local_pdf_text_observation,,1,1,,,,,33af0e509953e49032cf70cf6f85d8beb2b0becda6e3bbc087e21694c979182c,regex:q_factor,E0,0.62,candidate_needs_review,2026-05-16 10:44:25,Automatically extracted observation candidate. Verify against PDF before using as fact.
E-OBS-P0005-material-1-067a95d229b58a7b,P0005,F0005,local_pdf_text_observation,,1,1,,,,,067a95d229b58a7bd146033b36e4eb9a692aebedb99838962a7e40f285fc7bdf,regex:material,E0,0.42,candidate_needs_review,2026-05-16 10:44:25,Automatically extracted observation candidate. Verify against PDF before using as fact.
E-OBS-P0005-material-1-9aedb862b04a4026,P0005,F0005,local_pdf_text_observation,,1,1,,,,,9aedb862b04a40269da2e1ad5b29676f8072a0917c968ea4e1409b8b314b4372,regex:material,E0,0.42,candidate_needs_review,2026-05-16 10:44:25,Automatically extracted observation candidate. Verify against PDF before using as fact.
E-OBS-P0005-material-1-efc9e6256e009004,P0005,F0005,local_pdf_text_observation,,1,1,,,,,efc9e6256e0090040c6c1425ff72b3d85d85438dfa8590d4e72456099a15c58f,regex:material,E0,0.42,candidate_needs_review,2026-05-16 10:44:25,Automatically extracted observation candidate. Verify against PDF before using as fact.
E-OBS-P0005-material-1-d6ade7f0fbde95f4,P0005,F0005,local_pdf_text_observation,,1,1,,,,,d6ade7f0fbde95f4b6631333648017b245d318a586730f2f69a7025858ebdd18,regex:material,E0,0.42,candidate_needs_review,2026-05-16 10:44:25,Automatically extracted observation candidate. Verify against PDF before using as fact.
E-OBS-P0005-material-1-59c69bd4ca89a13e,P0005,F0005,local_pdf_text_observation,,1,1,,,,,59c69bd4ca89a13eae1fc2fcdb5e68635368e17855bf97cc4303a2feb72ba602,regex:material,E0,0.42,candidate_needs_review,2026-05-16 10:44:25,Automatically extracted observation candidate. Verify against PDF before using as fact.
E-OBS-P0005-material-1-09db6341be8f0fda,P0005,F0005,local_pdf_text_observation,,1,1,,,,,09db6341be8f0fdafa6cbadbf21327fbe9f5e057a16f8f0699859195f3ab3597,regex:material,E0,0.42,candidate_needs_review,2026-05-16 10:44:25,Automatically extracted observation candidate. Verify against PDF before using as fact.
E-OBS-P0005-material-1-2308b6b73b2c99a1,P0005,F0005,local_pdf_text_observation,,1,1,,,,,2308b6b73b2c99a1dc58b39f84bac9aaaca4ba9ecbf72f2bb992bb838a1e1bd1,regex:material,E0,0.42,candidate_needs_review,2026-05-16 10:44:25,Automatically extracted observation candidate. Verify against PDF before using as fact.
E-OBS-P0005-material-1-982a350860e3c983,P0005,F0005,local_pdf_text_observation,,1,1,,,,,982a350860e3c9832d3565c2fea457931239cd8f480ff30508e3b1fb2b4f74ee,regex:material,E0,0.42,candidate_needs_review,2026-05-16 10:44:25,Automatically extracted observation candidate. Verify against PDF before using as fact.
E-OBS-P0005-k_space-1-d7affe2bc3235f33,P0005,F0005,local_pdf_text_observation,,1,1,,,,,d7affe2bc3235f3331f28e3d2b599377eb738544c2734261a19a22cdd132a324,regex:k_space,E0,0.5,candidate_needs_review,2026-05-16 10:44:25,Automatically extracted observation candidate. Verify against PDF before using as fact.
E-OBS-P0005-band_structure-1-4640efc6baaccce8,P0005,F0005,local_pdf_text_observation,,1,1,,,,,4640efc6baaccce8564f9a60e74b028efcc4229e408fe2a86af0e8da3e99f98b,regex:band_structure,E0,0.48,candidate_needs_review,2026-05-16 10:44:25,Automatically extracted observation candidate. Verify against PDF before using as fact.
E-OBS-P0005-band_structure-1-5366a8eadb99a295,P0005,F0005,local_pdf_text_observation,,1,1,,,,,5366a8eadb99a295b70a08402fb1df026a7840e160a31aa9600b4903f20e3d9d,regex:band_structure,E0,0.48,candidate_needs_review,2026-05-16 10:44:25,Automatically extracted observation candidate. Verify against PDF before using as fact.
E-OBS-P0005-band_structure-1-0072d7c62ecb8a39,P0005,F0005,local_pdf_text_observation,,1,1,,,,,0072d7c62ecb8a39ed123918237fe1186e23becef875c276a0406e179b58a09f,regex:band_structure,E0,0.48,candidate_needs_review,2026-05-16 10:44:25,Automatically extracted observation candidate. Verify against PDF before using as fact.
E-OBS-P0005-k_space-2-91f7b823caf7ae45,P0005,F0005,local_pdf_text_observation,,2,2,,,,,91f7b823caf7ae45d54c7e8ea268bdc56fdac60db8ac7d10156e17c214ccb0f8,regex:k_space,E0,0.5,candidate_needs_review,2026-05-16 10:44:25,Automatically extracted observation candidate. Verify against PDF before using as fact.
E-OBS-P0005-band_structure-2-58395bd66ee17478,P0005,F0005,local_pdf_text_observation,,2,2,,,,,58395bd66ee1747818bb2cc61182ecb78c0fc2347e1f97f697b415cd8b1a4c0e,regex:band_structure,E0,0.48,candidate_needs_review,2026-05-16 10:44:25,Automatically extracted observation candidate. Verify against PDF before using as fact.
E-OBS-P0005-band_structure-2-0463ab56808894de,P0005,F0005,local_pdf_text_observation,,2,2,,,,,0463ab56808894de370ce3d6e99e28dfbfc6362a5f9330cc84f6020dd4184f2c,regex:band_structure,E0,0.48,candidate_needs_review,2026-05-16 10:44:25,Automatically extracted observation candidate. Verify against PDF before using as fact.
E-OBS-P0005-polarization-2-e749cde1709e1843,P0005,F0005,local_pdf_text_observation,,2,2,,,,,e749cde1709e1843771deac298e6253d631d3af67962eb5cd324dacfdac506bb,regex:polarization,E0,0.46,candidate_needs_review,2026-05-16 10:44:25,Automatically extracted observation candidate. Verify against PDF before using as fact.
E-OBS-P0005-polarization-2-89a1ccabcbc382ef,P0005,F0005,local_pdf_text_observation,,2,2,,,,,89a1ccabcbc382ef0edb54f7c671024ef62a4748480ec60eabc487db7966c601,regex:polarization,E0,0.46,candidate_needs_review,2026-05-16 10:44:25,Automatically extracted observation candidate. Verify against PDF before using as fact.
E-OBS-P0005-polarization-2-6e9995fe96a1baec,P0005,F0005,local_pdf_text_observation,,2,2,,,,,6e9995fe96a1baec4f8e56311bf4c84253842f93d36c2c6c23b9361decdbea42,regex:polarization,E0,0.46,candidate_needs_review,2026-05-16 10:44:25,Automatically extracted observation candidate. Verify against PDF before using as fact.
E-OBS-P0005-polarization-3-ccd91a9d2206fde8,P0005,F0005,local_pdf_text_observation,,3,3,,,,,ccd91a9d2206fde8214989acc046e5a2be5f4d07a6c1538fc2ff70515e8c2422,regex:polarization,E0,0.46,candidate_needs_review,2026-05-16 10:44:25,Automatically extracted observation candidate. Verify against PDF before using as fact.
E-OBS-P0005-k_space-5-50ad7bbcf7e306de,P0005,F0005,local_pdf_text_observation,,5,5,,,,,50ad7bbcf7e306dea90413d6d292b5afa8cf939bc5676046ed3bdd47fb4b18f6,regex:k_space,E0,0.5,candidate_needs_review,2026-05-16 10:44:25,Automatically extracted observation candidate. Verify against PDF before using as fact.
E-OBS-P0005-k_space-5-962d013fc05486de,P0005,F0005,local_pdf_text_observation,,5,5,,,,,962d013fc05486de32c8071ea9d85724b4714ba8321ee70bd697a835ee605092,regex:k_space,E0,0.5,candidate_needs_review,2026-05-16 10:44:25,Automatically extracted observation candidate. Verify against PDF before using as fact.
E-OBS-P0005-k_space-5-919bd4999f7937f5,P0005,F0005,local_pdf_text_observation,,5,5,,,,,919bd4999f7937f5cc827a2b247d4e253966ef4a2dfe929a7c9546b06bc79c50,regex:k_space,E0,0.5,candidate_needs_review,2026-05-16 10:44:25,Automatically extracted observation candidate. Verify against PDF before using as fact.
E-OBS-P0005-spectrum-5-83ba17253edc8b55,P0005,F0005,local_pdf_text_observation,,5,5,,,,,83ba17253edc8b558381360c6fbc353bb128870cb18f0c6bd131b329b322042c,regex:spectrum,E0,0.48,candidate_needs_review,2026-05-16 10:44:25,Automatically extracted observation candidate. Verify against PDF before using as fact.
E-OBS-P0005-polarization-5-508a8c4956c9c9ab,P0005,F0005,local_pdf_text_observation,,5,5,,,,,508a8c4956c9c9ab583df100f9719e78ef8b8f588054802683cef0561acfdfba,regex:polarization,E0,0.46,candidate_needs_review,2026-05-16 10:44:25,Automatically extracted observation candidate. Verify against PDF before using as fact.
E-OBS-P0005-polarization-5-1f6af8c83fcb5915,P0005,F0005,local_pdf_text_observation,,5,5,,,,,1f6af8c83fcb591529ef577c10520c9b2cf7ec67364d27a291895a15c828de61,regex:polarization,E0,0.46,candidate_needs_review,2026-05-16 10:44:25,Automatically extracted observation candidate. Verify against PDF before using as fact.
E-OBS-P0005-thickness-7-9e24667bc0fa53f4,P0005,F0005,local_pdf_text_observation,,7,7,,,,,9e24667bc0fa53f433df8bd66ffb1de443f08aa8570632240ba0bf732a2caf4f,regex:thickness,E0,0.58,candidate_needs_review,2026-05-16 10:44:25,Automatically extracted observation candidate. Verify against PDF before using as fact.
E-OBS-P0005-polarization-7-3996acf4f4ba1290,P0005,F0005,local_pdf_text_observation,,7,7,,,,,3996acf4f4ba129005a732d3089d928658b839b87a0a4c12e452e3a88cab4b30,regex:polarization,E0,0.46,candidate_needs_review,2026-05-16 10:44:25,Automatically extracted observation candidate. Verify against PDF before using as fact.
E-OBS-P0005-polarization-7-68c035cbf58a410a,P0005,F0005,local_pdf_text_observation,,7,7,,,,,68c035cbf58a410a92bfae47325c89d7078ed5371fc66de334a9618ba2d55b92,regex:polarization,E0,0.46,candidate_needs_review,2026-05-16 10:44:25,Automatically extracted observation candidate. Verify against PDF before using as fact.
E-OBS-P0005-k_space-8-0ab7d8d5b1f20726,P0005,F0005,local_pdf_text_observation,,8,8,,,,,0ab7d8d5b1f2072698ed2b66e77cb567e870e6d01ca03ee437a1a62d1d85e381,regex:k_space,E0,0.5,candidate_needs_review,2026-05-16 10:44:25,Automatically extracted observation candidate. Verify against PDF before using as fact.
E-OBS-P0005-band_structure-8-5c2d90301b9eeeba,P0005,F0005,local_pdf_text_observation,,8,8,,,,,5c2d90301b9eeeba02ea049c362b2824363c571d6b8bb0f36c5e036d680f25c3,regex:band_structure,E0,0.48,candidate_needs_review,2026-05-16 10:44:25,Automatically extracted observation candidate. Verify against PDF before using as fact.
E-OBS-P0006-material-1-40254d62d3aff457,P0006,F0006,local_pdf_text_observation,,1,1,,,,,40254d62d3aff457a56422c1217e1ee25e503a33fd379b0ac69231780e58fbfd,regex:material,E0,0.42,candidate_needs_review,2026-05-16 10:44:25,Automatically extracted observation candidate. Verify against PDF before using as fact.
E-OBS-P0006-band_structure-1-f1366b4645d69f44,P0006,F0006,local_pdf_text_observation,,1,1,,,,,f1366b4645d69f44507fffea200a5b93dd06dd0390cbe050191f9f33383e0fc2,regex:band_structure,E0,0.48,candidate_needs_review,2026-05-16 10:44:25,Automatically extracted observation candidate. Verify against PDF before using as fact.
E-OBS-P0006-band_structure-1-4dad45a0562c03d2,P0006,F0006,local_pdf_text_observation,,1,1,,,,,4dad45a0562c03d25fe982eafc62dd569622b68fac95536bdb635b2e8562734c,regex:band_structure,E0,0.48,candidate_needs_review,2026-05-16 10:44:25,Automatically extracted observation candidate. Verify against PDF before using as fact.
E-OBS-P0006-band_structure-1-c092f17e7a03150c,P0006,F0006,local_pdf_text_observation,,1,1,,,,,c092f17e7a03150cf34c5d8b84ead2d85de4ffcae66dda2c6bd65e7fee1b7e8c,regex:band_structure,E0,0.48,candidate_needs_review,2026-05-16 10:44:25,Automatically extracted observation candidate. Verify against PDF before using as fact.
E-OBS-P0006-band_structure-1-1def32fd77c1b252,P0006,F0006,local_pdf_text_observation,,1,1,,,,,1def32fd77c1b252b66882642ae6b7deda785d6b4dded482ae0fd74a5dfcca54,regex:band_structure,E0,0.48,candidate_needs_review,2026-05-16 10:44:25,Automatically extracted observation candidate. Verify against PDF before using as fact.
E-OBS-P0006-band_structure-1-564c31d563f2d47c,P0006,F0006,local_pdf_text_observation,,1,1,,,,,564c31d563f2d47ce17131bcdcfb5f34a960fe5df53f3d6eb6a9704bc9697fa8,regex:band_structure,E0,0.48,candidate_needs_review,2026-05-16 10:44:25,Automatically extracted observation candidate. Verify against PDF before using as fact.
E-OBS-P0006-material-2-0394eaf2e58711a5,P0006,F0006,local_pdf_text_observation,,2,2,,,,,0394eaf2e58711a5da2525724bc60e38fa8f8d76949e53d4bd30b748fa51eec3,regex:material,E0,0.42,candidate_needs_review,2026-05-16 10:44:25,Automatically extracted observation candidate. Verify against PDF before using as fact.
E-OBS-P0006-material-2-f0fd5c1449337f4f,P0006,F0006,local_pdf_text_observation,,2,2,,,,,f0fd5c1449337f4f0c3c821d2f1c40e6b211c167192222893848942c8d4b068a,regex:material,E0,0.42,candidate_needs_review,2026-05-16 10:44:25,Automatically extracted observation candidate. Verify against PDF before using as fact.
E-OBS-P0006-material-2-bb2005917b2b0f82,P0006,F0006,local_pdf_text_observation,,2,2,,,,,bb2005917b2b0f82685e12d0d5a1a71b0795082af95fe3ed1caeafa91d93b77f,regex:material,E0,0.42,candidate_needs_review,2026-05-16 10:44:25,Automatically extracted observation candidate. Verify against PDF before using as fact.
E-OBS-P0006-material-2-8b8cd58f318a2fac,P0006,F0006,local_pdf_text_observation,,2,2,,,,,8b8cd58f318a2facb3a32e1fad8012921d3305511aed165a6ddbe78de9e95191,regex:material,E0,0.42,candidate_needs_review,2026-05-16 10:44:25,Automatically extracted observation candidate. Verify against PDF before using as fact.
E-OBS-P0006-material-2-095dc09945a19a42,P0006,F0006,local_pdf_text_observation,,2,2,,,,,095dc09945a19a427cad3c3023ddfa1bfd5ffca6d2b92d216ae0081186db9f04,regex:material,E0,0.42,candidate_needs_review,2026-05-16 10:44:25,Automatically extracted observation candidate. Verify against PDF before using as fact.
E-OBS-P0006-material-2-27ad5ea6ca7421c8,P0006,F0006,local_pdf_text_observation,,2,2,,,,,27ad5ea6ca7421c81b943fa0bbc7c47152961e22b0fa4d868a7444cd34e80368,regex:material,E0,0.42,candidate_needs_review,2026-05-16 10:44:25,Automatically extracted observation candidate. Verify against PDF before using as fact.
E-OBS-P0006-material-2-5cb063c52d7f899c,P0006,F0006,local_pdf_text_observation,,2,2,,,,,5cb063c52d7f899c9c229966c36cd46a60ae8c9dfeda2445298832f309b094fe,regex:material,E0,0.42,candidate_needs_review,2026-05-16 10:44:25,Automatically extracted observation candidate. Verify against PDF before using as fact.
E-OBS-P0006-polarization-2-647a8eb2741dcebf,P0006,F0006,local_pdf_text_observation,,2,2,,,,,647a8eb2741dcebf996c2c619b1f05806af40d742f87aa3cd865f292030bf242,regex:polarization,E0,0.46,candidate_needs_review,2026-05-16 10:44:25,Automatically extracted observation candidate. Verify against PDF before using as fact.
E-OBS-P0006-polarization-3-f35fd46cc88cc520,P0006,F0006,local_pdf_text_observation,,3,3,,,,,f35fd46cc88cc52001481deb606903a3b96e77712f9a3b693163d9bf94dc2633,regex:polarization,E0,0.46,candidate_needs_review,2026-05-16 10:44:25,Automatically extracted observation candidate. Verify against PDF before using as fact.
E-OBS-P0006-polarization-3-01b0692c8ef4d0e7,P0006,F0006,local_pdf_text_observation,,3,3,,,,,01b0692c8ef4d0e7b647b348ec72eafe9c33c16ec7eb455536f74981ae78339d,regex:polarization,E0,0.46,candidate_needs_review,2026-05-16 10:44:25,Automatically extracted observation candidate. Verify against PDF before using as fact.
E-OBS-P0006-polarization-3-b281cce460119aab,P0006,F0006,local_pdf_text_observation,,3,3,,,,,b281cce460119aab4218d870e18ead4a997f1a8b6b30e33ca16afb721488f52e,regex:polarization,E0,0.46,candidate_needs_review,2026-05-16 10:44:25,Automatically extracted observation candidate. Verify against PDF before using as fact.
E-OBS-P0006-polarization-3-4aa9c7891db9222d,P0006,F0006,local_pdf_text_observation,,3,3,,,,,4aa9c7891db9222dcf6d0bbe448f760cf1babcb44c3bac80850389f6f04654b8,regex:polarization,E0,0.46,candidate_needs_review,2026-05-16 10:44:25,Automatically extracted observation candidate. Verify against PDF before using as fact.
E-OBS-P0006-polarization-4-3924cda86f59a814,P0006,F0006,local_pdf_text_observation,,4,4,,,,,3924cda86f59a814034d9ef617816b19d1b9e03c20917cc5a832d90f605cd72e,regex:polarization,E0,0.46,candidate_needs_review,2026-05-16 10:44:25,Automatically extracted observation candidate. Verify against PDF before using as fact.
E-OBS-P0006-polarization-4-021c8db6f406b507,P0006,F0006,local_pdf_text_observation,,4,4,,,,,021c8db6f406b507d249216544afc847a9d8c12b6c5928801267253ad15e42e9,regex:polarization,E0,0.46,candidate_needs_review,2026-05-16 10:44:25,Automatically extracted observation candidate. Verify against PDF before using as fact.
E-OBS-P0006-polarization-4-c6e62a79da2fbda0,P0006,F0006,local_pdf_text_observation,,4,4,,,,,c6e62a79da2fbda07981d66507d015b7db448c0ccd11332d37b7a316baa86cdd,regex:polarization,E0,0.46,candidate_needs_review,2026-05-16 10:44:25,Automatically extracted observation candidate. Verify against PDF before using as fact.
E-OBS-P0006-band_structure-6-3078502d695e4b13,P0006,F0006,local_pdf_text_observation,,6,6,,,,,3078502d695e4b1319a795894a3fc286287fe66637e81679ec5f77e1adf934b5,regex:band_structure,E0,0.48,candidate_needs_review,2026-05-16 10:44:25,Automatically extracted observation candidate. Verify against PDF before using as fact.
E-OBS-P0006-band_structure-7-4907a40d84a017d3,P0006,F0006,local_pdf_text_observation,,7,7,,,,,4907a40d84a017d351e8565ac54a44a539e57223f532f1266822d9c314ba3910,regex:band_structure,E0,0.48,candidate_needs_review,2026-05-16 10:44:25,Automatically extracted observation candidate. Verify against PDF before using as fact.
E-OBS-P0006-band_structure-7-2941b7fe3efec2a2,P0006,F0006,local_pdf_text_observation,,7,7,,,,,2941b7fe3efec2a2b44bea34d1b47ec52a0b6f84932f9c035a5b1f4038b1472c,regex:band_structure,E0,0.48,candidate_needs_review,2026-05-16 10:44:25,Automatically extracted observation candidate. Verify against PDF before using as fact.
E-OBS-P0007-material-2-ba9cec61d59e21da,P0007,F0007,local_pdf_text_observation,,2,2,,,,,ba9cec61d59e21daac4160211b45b158eb2a10c54808219ab7a41dd6c6416af8,regex:material,E0,0.42,candidate_needs_review,2026-05-16 10:44:25,Automatically extracted observation candidate. Verify against PDF before using as fact.
E-OBS-P0007-material-4-6ba53cf343f4b4b1,P0007,F0007,local_pdf_text_observation,,4,4,,,,,6ba53cf343f4b4b15058396d7e80faae0b89bfcdcef535cce6d47988281611fb,regex:material,E0,0.42,candidate_needs_review,2026-05-16 10:44:25,Automatically extracted observation candidate. Verify against PDF before using as fact.
E-OBS-P0008-material-1-8bf764d7fd407b13,P0008,F0008,local_pdf_text_observation,,1,1,,,,,8bf764d7fd407b135c665a968ddc7e111c45853f432b8206d3dcd6a463c10974,regex:material,E0,0.42,candidate_needs_review,2026-05-16 10:44:25,Automatically extracted observation candidate. Verify against PDF before using as fact.
E-OBS-P0008-band_structure-1-d044de268ea82bf0,P0008,F0008,local_pdf_text_observation,,1,1,,,,,d044de268ea82bf06e93184a3f34f907bb3737fd04c3d61cb63bacc2e34deec1,regex:band_structure,E0,0.48,candidate_needs_review,2026-05-16 10:44:25,Automatically extracted observation candidate. Verify against PDF before using as fact.
E-OBS-P0008-band_structure-2-b51b090493ba7f35,P0008,F0008,local_pdf_text_observation,,2,2,,,,,b51b090493ba7f35f59b2d4437baf077f2d00cac9c66be52f9dc30aca70349da,regex:band_structure,E0,0.48,candidate_needs_review,2026-05-16 10:44:25,Automatically extracted observation candidate. Verify against PDF before using as fact.
E-OBS-P0008-band_structure-2-b68ed2cac128fb2d,P0008,F0008,local_pdf_text_observation,,2,2,,,,,b68ed2cac128fb2dcadd9fb2da4d21a50f6f2104ae6e1d19a59a2e9b728503f4,regex:band_structure,E0,0.48,candidate_needs_review,2026-05-16 10:44:25,Automatically extracted observation candidate. Verify against PDF before using as fact.
E-OBS-P0008-band_structure-2-1612eb7983ca182b,P0008,F0008,local_pdf_text_observation,,2,2,,,,,1612eb7983ca182b9116eb6e5aee5ac6bfb347f1d9ec9b75f88b4e4827a5cbb5,regex:band_structure,E0,0.48,candidate_needs_review,2026-05-16 10:44:25,Automatically extracted observation candidate. Verify against PDF before using as fact.
E-OBS-P0008-band_structure-2-bda8394cbed7b272,P0008,F0008,local_pdf_text_observation,,2,2,,,,,bda8394cbed7b272e9696377c3d0e7c488ea2641f0dd452ae743fd4ec8d51aac,regex:band_structure,E0,0.48,candidate_needs_review,2026-05-16 10:44:25,Automatically extracted observation candidate. Verify against PDF before using as fact.
E-OBS-P0008-material-3-4c791e1ecbb7ef1d,P0008,F0008,local_pdf_text_observation,,3,3,,,,,4c791e1ecbb7ef1db2b9618ff40d13bc6f0f9d408af68cd01c7df223589a8081,regex:material,E0,0.42,candidate_needs_review,2026-05-16 10:44:25,Automatically extracted observation candidate. Verify against PDF before using as fact.
E-OBS-P0008-band_structure-4-8fddd2d264d0673c,P0008,F0008,local_pdf_text_observation,,4,4,,,,,8fddd2d264d0673cf022c6aa751e00cecc26719efca324c5920f0495757a1d48,regex:band_structure,E0,0.48,candidate_needs_review,2026-05-16 10:44:25,Automatically extracted observation candidate. Verify against PDF before using as fact.
E-OBS-P0008-band_structure-4-0822288fd407b544,P0008,F0008,local_pdf_text_observation,,4,4,,,,,0822288fd407b544f9ebb6a17fb508a799cd7da80213d5d655ffb3bf4d41d489,regex:band_structure,E0,0.48,candidate_needs_review,2026-05-16 10:44:25,Automatically extracted observation candidate. Verify against PDF before using as fact.
E-OBS-P0008-band_structure-4-be88638024128955,P0008,F0008,local_pdf_text_observation,,4,4,,,,,be886380241289553f34f43fda75ded68fe56a76018ed5e1e680a8a1c8406846,regex:band_structure,E0,0.48,candidate_needs_review,2026-05-16 10:44:25,Automatically extracted observation candidate. Verify against PDF before using as fact.
E-OBS-P0008-polarization-4-05ebc91fd1ee6a1f,P0008,F0008,local_pdf_text_observation,,4,4,,,,,05ebc91fd1ee6a1fcb0b83c5ccc69314bcc109b8f9f88a0dd7d20179e074eab9,regex:polarization,E0,0.46,candidate_needs_review,2026-05-16 10:44:25,Automatically extracted observation candidate. Verify against PDF before using as fact.
E-OBS-P0008-q_factor-6-fce9b094135a7634,P0008,F0008,local_pdf_text_observation,,6,6,,,,,fce9b094135a763478e48f0fc01ced7854414ae0389efc78796a67c0f098d966,regex:q_factor,E0,0.62,candidate_needs_review,2026-05-16 10:44:25,Automatically extracted observation candidate. Verify against PDF before using as fact.
E-OBS-P0008-material-7-3515bd8774a01072,P0008,F0008,local_pdf_text_observation,,7,7,,,,,3515bd8774a01072de0ff80cd53494487ffd5f1f2300c23de2ccd4d84fd28b8c,regex:material,E0,0.42,candidate_needs_review,2026-05-16 10:44:25,Automatically extracted observation candidate. Verify against PDF before using as fact.
E-OBS-P0008-material-7-753b5d5b8567ef6d,P0008,F0008,local_pdf_text_observation,,7,7,,,,,753b5d5b8567ef6d4e78297396db92509e0ac98854b88b507830983d3331693b,regex:material,E0,0.42,candidate_needs_review,2026-05-16 10:44:25,Automatically extracted observation candidate. Verify against PDF before using as fact.
E-OBS-P0008-material-7-aa90387e5e610df1,P0008,F0008,local_pdf_text_observation,,7,7,,,,,aa90387e5e610df1f06a599cef086367659a62c44d798eb1cbc3872579a966f5,regex:material,E0,0.42,candidate_needs_review,2026-05-16 10:44:25,Automatically extracted observation candidate. Verify against PDF before using as fact.
E-OBS-P0008-polarization-7-a5ef9f434da2051a,P0008,F0008,local_pdf_text_observation,,7,7,,,,,a5ef9f434da2051aa22b5caf52090356329e703a2637c00e95be84e9e73a145b,regex:polarization,E0,0.46,candidate_needs_review,2026-05-16 10:44:25,Automatically extracted observation candidate. Verify against PDF before using as fact.
E-OBS-P0008-material-8-38125176ce570fe2,P0008,F0008,local_pdf_text_observation,,8,8,,,,,38125176ce570fe2d1edfba1e3cc0a35a0a2af9fed9a1adc34d26c1fa5ea7f8c,regex:material,E0,0.42,candidate_needs_review,2026-05-16 10:44:25,Automatically extracted observation candidate. Verify against PDF before using as fact.
E-OBS-P0008-material-8-ccb747560466fda1,P0008,F0008,local_pdf_text_observation,,8,8,,,,,ccb747560466fda10c3479093365ef80f2b5376e92451c2801a3fd9d3209d83d,regex:material,E0,0.42,candidate_needs_review,2026-05-16 10:44:25,Automatically extracted observation candidate. Verify against PDF before using as fact.
E-OBS-P0008-material-8-35a7f4d843540faa,P0008,F0008,local_pdf_text_observation,,8,8,,,,,35a7f4d843540faac8454da29530b17c44ab2875161142c659079aafce076359,regex:material,E0,0.42,candidate_needs_review,2026-05-16 10:44:25,Automatically extracted observation candidate. Verify against PDF before using as fact.
E-OBS-P0008-polarization-8-5b7cb2d315dff1cd,P0008,F0008,local_pdf_text_observation,,8,8,,,,,5b7cb2d315dff1cd026deb0b842d1733eea7411aae47bbd659549ea0a59c1274,regex:polarization,E0,0.46,candidate_needs_review,2026-05-16 10:44:25,Automatically extracted observation candidate. Verify against PDF before using as fact.
E-OBS-P0009-material-1-80675bba4f4a7852,P0009,F0009,local_pdf_text_observation,,1,1,,,,,80675bba4f4a7852affe63c003814cf5e90683c47bbd0328d42089b95ad4939b,regex:material,E0,0.42,candidate_needs_review,2026-05-16 10:44:25,Automatically extracted observation candidate. Verify against PDF before using as fact.
E-OBS-P0009-band_structure-2-7716e7ad112c1a11,P0009,F0009,local_pdf_text_observation,,2,2,,,,,7716e7ad112c1a117538ee355e9a1473d34d5064b03bbee7412f98a4383e90e2,regex:band_structure,E0,0.48,candidate_needs_review,2026-05-16 10:44:25,Automatically extracted observation candidate. Verify against PDF before using as fact.
E-OBS-P0009-material-3-9e69a5b2ed062d6e,P0009,F0009,local_pdf_text_observation,,3,3,,,,,9e69a5b2ed062d6efb4673948a1b4960a6624b0b3eba17ccf9abf55763800b68,regex:material,E0,0.42,candidate_needs_review,2026-05-16 10:44:25,Automatically extracted observation candidate. Verify against PDF before using as fact.
E-OBS-P0009-material-3-d06cdf9c159653a5,P0009,F0009,local_pdf_text_observation,,3,3,,,,,d06cdf9c159653a5475e0435b4a51b2dfb1e06d882bb7f25c12eab655fc9a675,regex:material,E0,0.42,candidate_needs_review,2026-05-16 10:44:25,Automatically extracted observation candidate. Verify against PDF before using as fact.
E-OBS-P0010-material-1-f420d4e5485d249c,P0010,F0010,local_pdf_text_observation,,1,1,,,,,f420d4e5485d249cd0eb8e307ee6b670728bb258d4bec43d7b6434ebfc0b8337,regex:material,E0,0.42,candidate_needs_review,2026-05-16 10:44:25,Automatically extracted observation candidate. Verify against PDF before using as fact.
E-OBS-P0010-material-1-2c6298634a31b164,P0010,F0010,local_pdf_text_observation,,1,1,,,,,2c6298634a31b1646a0f7c2a6d1eca3e4205f73abf16ebfc7fd4d54065bd64c9,regex:material,E0,0.42,candidate_needs_review,2026-05-16 10:44:25,Automatically extracted observation candidate. Verify against PDF before using as fact.
E-OBS-P0010-material-1-8df582a300932d26,P0010,F0010,local_pdf_text_observation,,1,1,,,,,8df582a300932d26ff27344ad780c790cdaf55c411a07eca61e5e81af7cd6e97,regex:material,E0,0.42,candidate_needs_review,2026-05-16 10:44:25,Automatically extracted observation candidate. Verify against PDF before using as fact.
E-OBS-P0010-spectrum-1-02dff46a5a3b8fc4,P0010,F0010,local_pdf_text_observation,,1,1,,,,,02dff46a5a3b8fc43982a499e86435a98443173bc9fe0c90d34516d847799a2b,regex:spectrum,E0,0.48,candidate_needs_review,2026-05-16 10:44:25,Automatically extracted observation candidate. Verify against PDF before using as fact.
E-OBS-P0010-material-2-b859d1457574aaef,P0010,F0010,local_pdf_text_observation,,2,2,,,,,b859d1457574aaefc4577afe9674e1b8996f258a47d96bd0633eebf562dd0c38,regex:material,E0,0.42,candidate_needs_review,2026-05-16 10:44:25,Automatically extracted observation candidate. Verify against PDF before using as fact.
E-OBS-P0010-material-2-8a49f9c136d471f4,P0010,F0010,local_pdf_text_observation,,2,2,,,,,8a49f9c136d471f4da5a4665df6eeb17adaacca05a502f11a0baf57dac4d075a,regex:material,E0,0.42,candidate_needs_review,2026-05-16 10:44:25,Automatically extracted observation candidate. Verify against PDF before using as fact.
E-OBS-P0010-material-2-2ef30368b16dc481,P0010,F0010,local_pdf_text_observation,,2,2,,,,,2ef30368b16dc4816a35e2ec841712b1dc3d3d6e62e232eb3997081fc80a04f3,regex:material,E0,0.42,candidate_needs_review,2026-05-16 10:44:25,Automatically extracted observation candidate. Verify against PDF before using as fact.
E-OBS-P0010-spectrum-2-de353178e0dfebd2,P0010,F0010,local_pdf_text_observation,,2,2,,,,,de353178e0dfebd240d974a60e561ca2d9ecc3f3a0b7d026933a66cee8b3f02b,regex:spectrum,E0,0.48,candidate_needs_review,2026-05-16 10:44:25,Automatically extracted observation candidate. Verify against PDF before using as fact.
E-OBS-P0010-material-3-f51a930d27df56f4,P0010,F0010,local_pdf_text_observation,,3,3,,,,,f51a930d27df56f4691aac84958cf4a3d16c8ae531381b0fc0e5e0bdd8d2564f,regex:material,E0,0.42,candidate_needs_review,2026-05-16 10:44:25,Automatically extracted observation candidate. Verify against PDF before using as fact.
E-OBS-P0010-material-3-cb65d7d9796f84b7,P0010,F0010,local_pdf_text_observation,,3,3,,,,,cb65d7d9796f84b7adf132bf5035bee50891d0158849ff53f90598b8c20d856d,regex:material,E0,0.42,candidate_needs_review,2026-05-16 10:44:25,Automatically extracted observation candidate. Verify against PDF before using as fact.
E-OBS-P0010-spectrum-4-08dc03bd0c46be89,P0010,F0010,local_pdf_text_observation,,4,4,,,,,08dc03bd0c46be890130a83e80e1df6d1079050daa715f0bfc3fedfb25be08d6,regex:spectrum,E0,0.48,candidate_needs_review,2026-05-16 10:44:25,Automatically extracted observation candidate. Verify against PDF before using as fact.
E-OBS-P0010-spectrum-5-56946d09703b3025,P0010,F0010,local_pdf_text_observation,,5,5,,,,,56946d09703b3025a4907d0572d2ad89e54a47c3f97f2694394b6c7488fe713c,regex:spectrum,E0,0.48,candidate_needs_review,2026-05-16 10:44:25,Automatically extracted observation candidate. Verify against PDF before using as fact.
E-OBS-P0010-polarization-5-5c13f5c7a2c213ae,P0010,F0010,local_pdf_text_observation,,5,5,,,,,5c13f5c7a2c213ae0c6352716b4b552f9b57c3d385b7f072968f4587ebb28af1,regex:polarization,E0,0.46,candidate_needs_review,2026-05-16 10:44:25,Automatically extracted observation candidate. Verify against PDF before using as fact.
E-OBS-P0010-polarization-5-dea9d2c9de9544f6,P0010,F0010,local_pdf_text_observation,,5,5,,,,,dea9d2c9de9544f608b3a4eef2017486c8cce69ead670242a9ed7e1bddf54494,regex:polarization,E0,0.46,candidate_needs_review,2026-05-16 10:44:25,Automatically extracted observation candidate. Verify against PDF before using as fact.
E-OBS-P0010-polarization-5-f27dca363e0bd750,P0010,F0010,local_pdf_text_observation,,5,5,,,,,f27dca363e0bd750fc4a1af48d6db42986a2adc7667ae8ce49f64b31ab7c3e35,regex:polarization,E0,0.46,candidate_needs_review,2026-05-16 10:44:25,Automatically extracted observation candidate. Verify against PDF before using as fact.
E-OBS-P0010-polarization-5-ab143dadce6ccfd5,P0010,F0010,local_pdf_text_observation,,5,5,,,,,ab143dadce6ccfd5ce570f1f2ef68989c9d2dff6d16bb79ee5631b7152e834ea,regex:polarization,E0,0.46,candidate_needs_review,2026-05-16 10:44:25,Automatically extracted observation candidate. Verify against PDF before using as fact.
E-OBS-P0010-spectrum-7-6030cb877b854089,P0010,F0010,local_pdf_text_observation,,7,7,,,,,6030cb877b854089c765de75a7946367321ed3f4239671d4df639407beae91fe,regex:spectrum,E0,0.48,candidate_needs_review,2026-05-16 10:44:25,Automatically extracted observation candidate. Verify against PDF before using as fact.
E-OBS-P0010-spectrum-7-4670b127dfdbb8fd,P0010,F0010,local_pdf_text_observation,,7,7,,,,,4670b127dfdbb8fdc7e842471b415c816b62761198f2a96757c4e00283403458,regex:spectrum,E0,0.48,candidate_needs_review,2026-05-16 10:44:25,Automatically extracted observation candidate. Verify against PDF before using as fact.
E-OBS-P0010-polarization-7-1aa775b40e14ffb7,P0010,F0010,local_pdf_text_observation,,7,7,,,,,1aa775b40e14ffb729b3403306504f93ea1447d574719cbf2d41db9cd916020a,regex:polarization,E0,0.46,candidate_needs_review,2026-05-16 10:44:25,Automatically extracted observation candidate. Verify against PDF before using as fact.
E-OBS-P0010-polarization-7-3eef55d36e238ca6,P0010,F0010,local_pdf_text_observation,,7,7,,,,,3eef55d36e238ca6f68e960e489dc26712b73d71da5ecfa2076ef998f8132ec4,regex:polarization,E0,0.46,candidate_needs_review,2026-05-16 10:44:25,Automatically extracted observation candidate. Verify against PDF before using as fact.
E-OBS-P0011-band_structure-1-1d2720fbc5df1095,P0011,F0011,local_pdf_text_observation,,1,1,,,,,1d2720fbc5df10958eccf6527e06a20f8f98faa83247399296975a2e480febcc,regex:band_structure,E0,0.48,candidate_needs_review,2026-05-16 10:44:25,Automatically extracted observation candidate. Verify against PDF before using as fact.
E-OBS-P0011-band_structure-1-88bc7805142f93fd,P0011,F0011,local_pdf_text_observation,,1,1,,,,,88bc7805142f93fdf9b5e996177c29f6c3f8e406a6a7edf1eb4c508e0c06c0e2,regex:band_structure,E0,0.48,candidate_needs_review,2026-05-16 10:44:25,Automatically extracted observation candidate. Verify against PDF before using as fact.
E-OBS-P0011-band_structure-1-ca958ca883395c45,P0011,F0011,local_pdf_text_observation,,1,1,,,,,ca958ca883395c4506685fc7bf3ac24e358543768fd1651d602ab08cea14efcc,regex:band_structure,E0,0.48,candidate_needs_review,2026-05-16 10:44:25,Automatically extracted observation candidate. Verify against PDF before using as fact.
E-OBS-P0011-material-2-f047e2ba65cdaa8a,P0011,F0011,local_pdf_text_observation,,2,2,,,,,f047e2ba65cdaa8ae925c1629e7b2965dbe252892af3747de6e83b8916b99a5c,regex:material,E0,0.42,candidate_needs_review,2026-05-16 10:44:25,Automatically extracted observation candidate. Verify against PDF before using as fact.
E-OBS-P0011-material-2-5be07ad5acdad7cc,P0011,F0011,local_pdf_text_observation,,2,2,,,,,5be07ad5acdad7cc6265673e6b0ceddb2a73246d1ff6d21f48237250df5099bc,regex:material,E0,0.42,candidate_needs_review,2026-05-16 10:44:25,Automatically extracted observation candidate. Verify against PDF before using as fact.
E-OBS-P0011-material-2-12903efa7d10579f,P0011,F0011,local_pdf_text_observation,,2,2,,,,,12903efa7d10579f84b67a0d0a9ff571c07421a8b1a87ce04ce628314114b6b2,regex:material,E0,0.42,candidate_needs_review,2026-05-16 10:44:25,Automatically extracted observation candidate. Verify against PDF before using as fact.
E-OBS-P0011-material-3-511b36fed08cd43b,P0011,F0011,local_pdf_text_observation,,3,3,,,,,511b36fed08cd43be309a00579f493e4e52372e310005a9a6e1a1797914f8294,regex:material,E0,0.42,candidate_needs_review,2026-05-16 10:44:25,Automatically extracted observation candidate. Verify against PDF before using as fact.
E-OBS-P0011-material-3-dbc4eef22e7a351f,P0011,F0011,local_pdf_text_observation,,3,3,,,,,dbc4eef22e7a351f25eb1703239f65aeb9005265eed430781d099cc1a63bfe62,regex:material,E0,0.42,candidate_needs_review,2026-05-16 10:44:25,Automatically extracted observation candidate. Verify against PDF before using as fact.
E-OBS-P0011-band_structure-3-4bf31a16789e1244,P0011,F0011,local_pdf_text_observation,,3,3,,,,,4bf31a16789e1244e9fc584b02ddd9815c287b851b67c404a426f5ab538e860b,regex:band_structure,E0,0.48,candidate_needs_review,2026-05-16 10:44:25,Automatically extracted observation candidate. Verify against PDF before using as fact.
E-OBS-P0011-band_structure-3-b532b028a15469c0,P0011,F0011,local_pdf_text_observation,,3,3,,,,,b532b028a15469c0a7ce5de248fd4fbd6beb4047b7b27873c7493a20031b0f24,regex:band_structure,E0,0.48,candidate_needs_review,2026-05-16 10:44:25,Automatically extracted observation candidate. Verify against PDF before using as fact.
E-OBS-P0012-band_structure-5-8b0d41498d550a98,P0012,F0012,local_pdf_text_observation,,5,5,,,,,8b0d41498d550a983bebba266d108d5da5bc7d1e73ea9a75a1143487a2f9d261,regex:band_structure,E0,0.48,candidate_needs_review,2026-05-16 10:44:25,Automatically extracted observation candidate. Verify against PDF before using as fact.
E-OBS-P0012-material-6-108ea232c0a70755,P0012,F0012,local_pdf_text_observation,,6,6,,,,,108ea232c0a70755e6355084d27d9647d70a315d1d80097e32ca921f80b4dfd2,regex:material,E0,0.42,candidate_needs_review,2026-05-16 10:44:25,Automatically extracted observation candidate. Verify against PDF before using as fact.
E-OBS-P0012-material-6-a8b88f18396e5f05,P0012,F0012,local_pdf_text_observation,,6,6,,,,,a8b88f18396e5f0587f15c3c63526825e7ca035ffb9de83aee635bcd8c590433,regex:material,E0,0.42,candidate_needs_review,2026-05-16 10:44:25,Automatically extracted observation candidate. Verify against PDF before using as fact.
E-OBS-P0012-q_factor-7-0a34adecf9dac553,P0012,F0012,local_pdf_text_observation,,7,7,,,,,0a34adecf9dac55352a84e5e6a9c8851364043602951e8675907a67b877934b4,regex:q_factor,E0,0.62,candidate_needs_review,2026-05-16 10:44:25,Automatically extracted observation candidate. Verify against PDF before using as fact.
E-OBS-P0012-q_factor-7-a9a4b50ea93d7499,P0012,F0012,local_pdf_text_observation,,7,7,,,,,a9a4b50ea93d74991d6d8a491d925e03014d6c1781f8975615a17fe125a68f4c,regex:q_factor,E0,0.62,candidate_needs_review,2026-05-16 10:44:25,Automatically extracted observation candidate. Verify against PDF before using as fact.
E-OBS-P0012-q_factor-8-e4fed9d6db0308d6,P0012,F0012,local_pdf_text_observation,,8,8,,,,,e4fed9d6db0308d649ae54e48a954f5c601309129e60d2759001a84ed0cc5c1a,regex:q_factor,E0,0.62,candidate_needs_review,2026-05-16 10:44:25,Automatically extracted observation candidate. Verify against PDF before using as fact.
E-OBS-P0012-q_factor-8-9dbbd33202563910,P0012,F0012,local_pdf_text_observation,,8,8,,,,,9dbbd3320256391009268e6d7563881a459240cdee8b48a4a7367b47e5f74cad,regex:q_factor,E0,0.62,candidate_needs_review,2026-05-16 10:44:25,Automatically extracted observation candidate. Verify against PDF before using as fact.
E-OBS-P0013-material-2-a51b87b255cba9c6,P0013,F0013,local_pdf_text_observation,,2,2,,,,,a51b87b255cba9c67865a9312d74340e7d082eb753dc9928c39135ae513bdf04,regex:material,E0,0.42,candidate_needs_review,2026-05-16 10:44:25,Automatically extracted observation candidate. Verify against PDF before using as fact.
E-OBS-P0013-band_structure-2-f5be5c2a8537eaa4,P0013,F0013,local_pdf_text_observation,,2,2,,,,,f5be5c2a8537eaa4b4c818894e26e3f43e1b922067bbdbe56723d59883db4ffd,regex:band_structure,E0,0.48,candidate_needs_review,2026-05-16 10:44:25,Automatically extracted observation candidate. Verify against PDF before using as fact.
E-OBS-P0013-material-3-de9fc7caa919c430,P0013,F0013,local_pdf_text_observation,,3,3,,,,,de9fc7caa919c430664279fc1a2e07f6e6cff7148113e538c40c2ccb2581bef7,regex:material,E0,0.42,candidate_needs_review,2026-05-16 10:44:25,Automatically extracted observation candidate. Verify against PDF before using as fact.
E-OBS-P0013-band_structure-3-d307c3dfda989bab,P0013,F0013,local_pdf_text_observation,,3,3,,,,,d307c3dfda989bab736f6afa5db692f70f3633347d1de9152478aea27d179c05,regex:band_structure,E0,0.48,candidate_needs_review,2026-05-16 10:44:25,Automatically extracted observation candidate. Verify against PDF before using as fact.
E-OBS-P0014-material-1-af91d100820200a3,P0014,F0014,local_pdf_text_observation,,1,1,,,,,af91d100820200a351b2dbf7cdc218c147a4fd4e15bb351366a4b9b3d232b12a,regex:material,E0,0.42,candidate_needs_review,2026-05-16 10:44:25,Automatically extracted observation candidate. Verify against PDF before using as fact.
E-OBS-P0014-material-1-149add7566561d77,P0014,F0014,local_pdf_text_observation,,1,1,,,,,149add7566561d776ba75d3aa688948db40e04e0e86dbaf2565dcc85e77fdbf4,regex:material,E0,0.42,candidate_needs_review,2026-05-16 10:44:25,Automatically extracted observation candidate. Verify against PDF before using as fact.
E-OBS-P0014-polarization-1-4456ed4bd7d6eb4a,P0014,F0014,local_pdf_text_observation,,1,1,,,,,4456ed4bd7d6eb4a97de2fa9e6dc64b6656f8fb01dcf8c2490bbdf87645aa970,regex:polarization,E0,0.46,candidate_needs_review,2026-05-16 10:44:25,Automatically extracted observation candidate. Verify against PDF before using as fact.
E-OBS-P0014-material-3-05306bd90af9ed08,P0014,F0014,local_pdf_text_observation,,3,3,,,,,05306bd90af9ed08e8fc0712c66abd598745344a1acf086bf3f68c5680713e44,regex:material,E0,0.42,candidate_needs_review,2026-05-16 10:44:25,Automatically extracted observation candidate. Verify against PDF before using as fact.
E-OBS-P0014-material-3-f7206c17044d8782,P0014,F0014,local_pdf_text_observation,,3,3,,,,,f7206c17044d87821c6cb4b425b98eb21f2e88843d984c3a79213804c14e3fba,regex:material,E0,0.42,candidate_needs_review,2026-05-16 10:44:25,Automatically extracted observation candidate. Verify against PDF before using as fact.
E-OBS-P0014-material-3-4be1d1b2d6f66f87,P0014,F0014,local_pdf_text_observation,,3,3,,,,,4be1d1b2d6f66f876976260ed26ad46de8beef160fdc54ebb31202167035774e,regex:material,E0,0.42,candidate_needs_review,2026-05-16 10:44:25,Automatically extracted observation candidate. Verify against PDF before using as fact.
E-OBS-P0014-material-3-f78c6e28a75957b1,P0014,F0014,local_pdf_text_observation,,3,3,,,,,f78c6e28a75957b1ba9747f6cc025667a6b52524b9b25e8819d4d5c9957b96de,regex:material,E0,0.42,candidate_needs_review,2026-05-16 10:44:25,Automatically extracted observation candidate. Verify against PDF before using as fact.
E-OBS-P0014-material-4-420a1e4e41afa9a9,P0014,F0014,local_pdf_text_observation,,4,4,,,,,420a1e4e41afa9a9317eaed72dc77a66a0b5a92f4afe3ffc7675da30a712ef55,regex:material,E0,0.42,candidate_needs_review,2026-05-16 10:44:25,Automatically extracted observation candidate. Verify against PDF before using as fact.
E-OBS-P0014-material-4-d04d7a7164cdeef6,P0014,F0014,local_pdf_text_observation,,4,4,,,,,d04d7a7164cdeef6e52a4b922386698ded5d59954a25e217912027cd4e15180e,regex:material,E0,0.42,candidate_needs_review,2026-05-16 10:44:25,Automatically extracted observation candidate. Verify against PDF before using as fact.
E-OBS-P0014-band_structure-4-49f3aaccc407e56b,P0014,F0014,local_pdf_text_observation,,4,4,,,,,49f3aaccc407e56bb9022f42ed4187fe727825135ca2f4b7402b03e6d19c55ac,regex:band_structure,E0,0.48,candidate_needs_review,2026-05-16 10:44:25,Automatically extracted observation candidate. Verify against PDF before using as fact.
E-OBS-P0014-spectrum-4-ad7eb1cb47067abf,P0014,F0014,local_pdf_text_observation,,4,4,,,,,ad7eb1cb47067abfebf0095cb61182d1f668f6d86476d274a2ba6dcf44241a3f,regex:spectrum,E0,0.48,candidate_needs_review,2026-05-16 10:44:25,Automatically extracted observation candidate. Verify against PDF before using as fact.
E-OBS-P0015-q_factor-1-53d9aa3a474e8ce6,P0015,F0015,local_pdf_text_observation,,1,1,,,,,53d9aa3a474e8ce64bf32de4107595b81a5e7299e8906f9f5b6969f44a6d5459,regex:q_factor,E0,0.62,candidate_needs_review,2026-05-16 10:44:25,Automatically extracted observation candidate. Verify against PDF before using as fact.
E-OBS-P0015-material-1-52fb4fd9ac2e7d52,P0015,F0015,local_pdf_text_observation,,1,1,,,,,52fb4fd9ac2e7d5209772e9840e2f0f2a06606c1935f5a3481f221f54a6f54f5,regex:material,E0,0.42,candidate_needs_review,2026-05-16 10:44:25,Automatically extracted observation candidate. Verify against PDF before using as fact.
E-OBS-P0015-material-1-1baa305a7a4ed161,P0015,F0015,local_pdf_text_observation,,1,1,,,,,1baa305a7a4ed16119a59e2601e097644d678b24e58e61ec1accabfee24c3ef9,regex:material,E0,0.42,candidate_needs_review,2026-05-16 10:44:25,Automatically extracted observation candidate. Verify against PDF before using as fact.
E-OBS-P0015-material-1-fe4d0e1d1093d57e,P0015,F0015,local_pdf_text_observation,,1,1,,,,,fe4d0e1d1093d57eca0b8372aebc57ecdb1f8eea0ae63a6a011184abdfbce933,regex:material,E0,0.42,candidate_needs_review,2026-05-16 10:44:25,Automatically extracted observation candidate. Verify against PDF before using as fact.
E-OBS-P0015-material-2-9ce10020712ce418,P0015,F0015,local_pdf_text_observation,,2,2,,,,,9ce10020712ce418dbc9ea31aff0480e0991859d99ab826956447c2d05f711a9,regex:material,E0,0.42,candidate_needs_review,2026-05-16 10:44:25,Automatically extracted observation candidate. Verify against PDF before using as fact.
E-OBS-P0015-material-2-cc98ef1e06d76465,P0015,F0015,local_pdf_text_observation,,2,2,,,,,cc98ef1e06d76465cd59325c85d461600d16698b8fba01b71055c32add6da3b6,regex:material,E0,0.42,candidate_needs_review,2026-05-16 10:44:25,Automatically extracted observation candidate. Verify against PDF before using as fact.
E-OBS-P0015-material-2-8833648397a24548,P0015,F0015,local_pdf_text_observation,,2,2,,,,,8833648397a24548049aa02b17eab8163f8109bd22ab6a63148354aae2d9ce16,regex:material,E0,0.42,candidate_needs_review,2026-05-16 10:44:25,Automatically extracted observation candidate. Verify against PDF before using as fact.
E-OBS-P0015-material-2-ec977fe57f51877c,P0015,F0015,local_pdf_text_observation,,2,2,,,,,ec977fe57f51877c0fb4a70cb5a5fc314654c11514efd6920f7b1df2497b90e6,regex:material,E0,0.42,candidate_needs_review,2026-05-16 10:44:25,Automatically extracted observation candidate. Verify against PDF before using as fact.
E-OBS-P0015-material-2-694865bfd3dc7d6d,P0015,F0015,local_pdf_text_observation,,2,2,,,,,694865bfd3dc7d6d91a89fd0aa2305f1606d7d34a9bac8603178f77be700773c,regex:material,E0,0.42,candidate_needs_review,2026-05-16 10:44:25,Automatically extracted observation candidate. Verify against PDF before using as fact.
E-OBS-P0015-polarization-2-4a2e831ca02dde1a,P0015,F0015,local_pdf_text_observation,,2,2,,,,,4a2e831ca02dde1a6b7d6d4514fd6e082b5609f8c65a73d76dd1cbf765700894,regex:polarization,E0,0.46,candidate_needs_review,2026-05-16 10:44:25,Automatically extracted observation candidate. Verify against PDF before using as fact.
E-OBS-P0015-polarization-2-544e78482adeef81,P0015,F0015,local_pdf_text_observation,,2,2,,,,,544e78482adeef81e57ea2076ca8e01d700185d35b805f51339f0c09c50bed3b,regex:polarization,E0,0.46,candidate_needs_review,2026-05-16 10:44:25,Automatically extracted observation candidate. Verify against PDF before using as fact.
E-OBS-P0015-thickness-4-422700b9a46b67c3,P0015,F0015,local_pdf_text_observation,,4,4,,,,,422700b9a46b67c37f35a3145dbd85436dd954904f41bca780a848ed76618c2c,regex:thickness,E0,0.58,candidate_needs_review,2026-05-16 10:44:25,Automatically extracted observation candidate. Verify against PDF before using as fact.
E-OBS-P0015-k_space-4-43b5eff37dd91bf8,P0015,F0015,local_pdf_text_observation,,4,4,,,,,43b5eff37dd91bf8a4959ef778b255389bf6dda7a52088287e43aacabb43c167,regex:k_space,E0,0.5,candidate_needs_review,2026-05-16 10:44:25,Automatically extracted observation candidate. Verify against PDF before using as fact.
E-OBS-P0015-spectrum-4-07c965e3a3bbb227,P0015,F0015,local_pdf_text_observation,,4,4,,,,,07c965e3a3bbb22769f41e95245449728808e2b0e47c1b63ffae9c7802212241,regex:spectrum,E0,0.48,candidate_needs_review,2026-05-16 10:44:25,Automatically extracted observation candidate. Verify against PDF before using as fact.
E-OBS-P0015-polarization-4-33e7f2c9b6b4c5e7,P0015,F0015,local_pdf_text_observation,,4,4,,,,,33e7f2c9b6b4c5e707f28d54e23db8a3fa33685ad0b87fa1198fe9e4adadefd4,regex:polarization,E0,0.46,candidate_needs_review,2026-05-16 10:44:25,Automatically extracted observation candidate. Verify against PDF before using as fact.
E-OBS-P0015-polarization-4-43b5eff37dd91bf8,P0015,F0015,local_pdf_text_observation,,4,4,,,,,43b5eff37dd91bf8a4959ef778b255389bf6dda7a52088287e43aacabb43c167,regex:polarization,E0,0.46,candidate_needs_review,2026-05-16 10:44:25,Automatically extracted observation candidate. Verify against PDF before using as fact.
E-OBS-P0015-thickness-6-140014e47bcd2d85,P0015,F0015,local_pdf_text_observation,,6,6,,,,,140014e47bcd2d8583ab6998f60c7316e2a3699034a088ea89a0bf6e48ecf8fe,regex:thickness,E0,0.58,candidate_needs_review,2026-05-16 10:44:25,Automatically extracted observation candidate. Verify against PDF before using as fact.
E-OBS-P0015-diameter-6-bad882168bbd7af1,P0015,F0015,local_pdf_text_observation,,6,6,,,,,bad882168bbd7af15431255e2301c2d7dbe1f185a1ca508701bc81166399bcb7,regex:diameter,E0,0.45,candidate_needs_review,2026-05-16 10:44:25,Automatically extracted observation candidate. Verify against PDF before using as fact.
E-OBS-P0015-diameter-6-bc46c6bad293fc26,P0015,F0015,local_pdf_text_observation,,6,6,,,,,bc46c6bad293fc26e84465101bb7106518c60294d114ed4fa8fdd8be2cc9efc0,regex:diameter,E0,0.45,candidate_needs_review,2026-05-16 10:44:25,Automatically extracted observation candidate. Verify against PDF before using as fact.
E-OBS-P0015-spectrum-6-bd6d383a8ea408e1,P0015,F0015,local_pdf_text_observation,,6,6,,,,,bd6d383a8ea408e1f1b3d72ca0ca88b7e29572e8080df98daf15c3617cd1d5ca,regex:spectrum,E0,0.48,candidate_needs_review,2026-05-16 10:44:25,Automatically extracted observation candidate. Verify against PDF before using as fact.
E-OBS-P0015-spectrum-7-39685b8fc42a999c,P0015,F0015,local_pdf_text_observation,,7,7,,,,,39685b8fc42a999ce12f270cb3332af767ac93e6c508f665e2420da2b77cfcf0,regex:spectrum,E0,0.48,candidate_needs_review,2026-05-16 10:44:25,Automatically extracted observation candidate. Verify against PDF before using as fact.
E-OBS-P0015-polarization-7-5db6c3800f0be34d,P0015,F0015,local_pdf_text_observation,,7,7,,,,,5db6c3800f0be34d7c39d4494ae0f235b592171a9c518b65a6e574b9eaab2c9b,regex:polarization,E0,0.46,candidate_needs_review,2026-05-16 10:44:25,Automatically extracted observation candidate. Verify against PDF before using as fact.
E-OBS-P0015-polarization-7-6608fb56a4210596,P0015,F0015,local_pdf_text_observation,,7,7,,,,,6608fb56a42105962314c706e84fad98fc330fc66d179d0ffc685bc81eac3b85,regex:polarization,E0,0.46,candidate_needs_review,2026-05-16 10:44:25,Automatically extracted observation candidate. Verify against PDF before using as fact.
E-OBS-P0015-k_space-8-8b2e276b90e1cca3,P0015,F0015,local_pdf_text_observation,,8,8,,,,,8b2e276b90e1cca3b852373f476962fcd77ecb5d0a8e7011829c62b1d2954123,regex:k_space,E0,0.5,candidate_needs_review,2026-05-16 10:44:25,Automatically extracted observation candidate. Verify against PDF before using as fact.
E-OBS-P0015-k_space-8-1c06ee66fc7bd0e6,P0015,F0015,local_pdf_text_observation,,8,8,,,,,1c06ee66fc7bd0e650d3fba21f7d506fe7bc848aba18cfbfb8030c672e03c0de,regex:k_space,E0,0.5,candidate_needs_review,2026-05-16 10:44:25,Automatically extracted observation candidate. Verify against PDF before using as fact.
E-OBS-P0015-spectrum-8-c89782b5b44ef338,P0015,F0015,local_pdf_text_observation,,8,8,,,,,c89782b5b44ef338ae71e748571fa97fd7e15fb4835d60ea13bfd89da26dfd5a,regex:spectrum,E0,0.48,candidate_needs_review,2026-05-16 10:44:25,Automatically extracted observation candidate. Verify against PDF before using as fact.
E-OBS-P0016-material-3-79d9a5cd05c3a665,P0016,F0016,local_pdf_text_observation,,3,3,,,,,79d9a5cd05c3a6654201b02d3c9b477835dde1c54cbd098d5b7b465d2f32c4d5,regex:material,E0,0.42,candidate_needs_review,2026-05-16 10:44:25,Automatically extracted observation candidate. Verify against PDF before using as fact.
E-OBS-P0016-material-4-208975bc93afeb24,P0016,F0016,local_pdf_text_observation,,4,4,,,,,208975bc93afeb24801cdcd93dc98d86aebe6f17108c4af75d263f0b4d228fac,regex:material,E0,0.42,candidate_needs_review,2026-05-16 10:44:25,Automatically extracted observation candidate. Verify against PDF before using as fact.
E-OBS-P0017-material-1-e045c281ed901ffa,P0017,F0017,local_pdf_text_observation,,1,1,,,,,e045c281ed901ffa0ef7bb5eda50d0dff47bf579912c56355961b4bd00918fde,regex:material,E0,0.42,candidate_needs_review,2026-05-16 10:44:25,Automatically extracted observation candidate. Verify against PDF before using as fact.
E-OBS-P0017-material-1-33adbfd802816f16,P0017,F0017,local_pdf_text_observation,,1,1,,,,,33adbfd802816f162327fd95fdb6dfc8af61cd509fbfe87c4c2d877d3a08cf86,regex:material,E0,0.42,candidate_needs_review,2026-05-16 10:44:25,Automatically extracted observation candidate. Verify against PDF before using as fact.
E-OBS-P0017-material-1-a09579b7349f04d2,P0017,F0017,local_pdf_text_observation,,1,1,,,,,a09579b7349f04d2c99cc0f22c91e9193ec895b782eea096b08519a15313f6b1,regex:material,E0,0.42,candidate_needs_review,2026-05-16 10:44:25,Automatically extracted observation candidate. Verify against PDF before using as fact.
E-OBS-P0017-material-1-52808172a006da12,P0017,F0017,local_pdf_text_observation,,1,1,,,,,52808172a006da1266606cd8f7af0b7a234dd1c0a1329a77a74c241340f718a3,regex:material,E0,0.42,candidate_needs_review,2026-05-16 10:44:25,Automatically extracted observation candidate. Verify against PDF before using as fact.
E-OBS-P0017-material-1-62ea91a5e1f4afb1,P0017,F0017,local_pdf_text_observation,,1,1,,,,,62ea91a5e1f4afb13db88fbb4e489e640d0e91d7189b19577d6db2c000c1d2c1,regex:material,E0,0.42,candidate_needs_review,2026-05-16 10:44:25,Automatically extracted observation candidate. Verify against PDF before using as fact.
E-OBS-P0017-material-1-6fa117e82461260b,P0017,F0017,local_pdf_text_observation,,1,1,,,,,6fa117e82461260bd8bf6604a8bdc5a39cd287335ed08787e81f1f9357810625,regex:material,E0,0.42,candidate_needs_review,2026-05-16 10:44:25,Automatically extracted observation candidate. Verify against PDF before using as fact.
E-OBS-P0017-material-1-bd51324b63c42fdd,P0017,F0017,local_pdf_text_observation,,1,1,,,,,bd51324b63c42fddebeb99aa2a3e245db1450e615b060bf9d8ac2c9853526969,regex:material,E0,0.42,candidate_needs_review,2026-05-16 10:44:25,Automatically extracted observation candidate. Verify against PDF before using as fact.
E-OBS-P0017-material-1-b2c071196f58c70b,P0017,F0017,local_pdf_text_observation,,1,1,,,,,b2c071196f58c70b17f3733ade68d990d6e1ff09fe5ddf962fb58d2b941ea635,regex:material,E0,0.42,candidate_needs_review,2026-05-16 10:44:25,Automatically extracted observation candidate. Verify against PDF before using as fact.
E-OBS-P0017-band_structure-1-c2c7d9d13c597a42,P0017,F0017,local_pdf_text_observation,,1,1,,,,,c2c7d9d13c597a4265aba9b4ba0956095ba714840ec0e094e7f589a470995b92,regex:band_structure,E0,0.48,candidate_needs_review,2026-05-16 10:44:25,Automatically extracted observation candidate. Verify against PDF before using as fact.
E-OBS-P0017-band_structure-1-76015f6084517b80,P0017,F0017,local_pdf_text_observation,,1,1,,,,,76015f6084517b809b7c9567e7249a864e6280a699b444fe3a50f0ac25907ad5,regex:band_structure,E0,0.48,candidate_needs_review,2026-05-16 10:44:25,Automatically extracted observation candidate. Verify against PDF before using as fact.
E-OBS-P0017-band_structure-1-09529cb79caa3429,P0017,F0017,local_pdf_text_observation,,1,1,,,,,09529cb79caa342993fa1ab14f87e0efaeb0688ed849fa0ffdd96ca2b35f2967,regex:band_structure,E0,0.48,candidate_needs_review,2026-05-16 10:44:25,Automatically extracted observation candidate. Verify against PDF before using as fact.
E-OBS-P0017-band_structure-1-7b426bf664200765,P0017,F0017,local_pdf_text_observation,,1,1,,,,,7b426bf664200765389a82a9edb2cd814c2930170bf02dcb3d419f9eb38d8951,regex:band_structure,E0,0.48,candidate_needs_review,2026-05-16 10:44:25,Automatically extracted observation candidate. Verify against PDF before using as fact.
E-OBS-P0017-band_structure-1-3d0be30a86c71632,P0017,F0017,local_pdf_text_observation,,1,1,,,,,3d0be30a86c71632a8826c2e8dd1ba5ceb453061b98027936040da0ad27a782e,regex:band_structure,E0,0.48,candidate_needs_review,2026-05-16 10:44:25,Automatically extracted observation candidate. Verify against PDF before using as fact.
E-OBS-P0017-band_structure-1-8b1861452384d994,P0017,F0017,local_pdf_text_observation,,1,1,,,,,8b1861452384d99491da3f325ad4cba92fe70088ff4504ca8bc618f2ddc53490,regex:band_structure,E0,0.48,candidate_needs_review,2026-05-16 10:44:25,Automatically extracted observation candidate. Verify against PDF before using as fact.
E-OBS-P0017-band_structure-1-fd37c2b47682dca8,P0017,F0017,local_pdf_text_observation,,1,1,,,,,fd37c2b47682dca8872de846e10b73035edf80bfa8fbaf47577fc9e91c66d5a3,regex:band_structure,E0,0.48,candidate_needs_review,2026-05-16 10:44:25,Automatically extracted observation candidate. Verify against PDF before using as fact.
E-OBS-P0017-band_structure-1-85ce3cfd4a4fff49,P0017,F0017,local_pdf_text_observation,,1,1,,,,,85ce3cfd4a4fff495121fdb0190858177118e5af28932536de0e592eb6df86b0,regex:band_structure,E0,0.48,candidate_needs_review,2026-05-16 10:44:25,Automatically extracted observation candidate. Verify against PDF before using as fact.
E-OBS-P0017-wavelength-4-f0eb82dd4c97dcc4,P0017,F0017,local_pdf_text_observation,,4,4,,,,,f0eb82dd4c97dcc4e9087a04026a9e10f7581ebf37ab831b1e60d45b164b73b0,regex:wavelength,E0,0.6,candidate_needs_review,2026-05-16 10:44:25,Automatically extracted observation candidate. Verify against PDF before using as fact.
E-OBS-P0017-spectrum-4-696084838e7d7b38,P0017,F0017,local_pdf_text_observation,,4,4,,,,,696084838e7d7b389781e3aa4a56faaf6e2bb9c56795acdf88a45f285f17ddce,regex:spectrum,E0,0.48,candidate_needs_review,2026-05-16 10:44:25,Automatically extracted observation candidate. Verify against PDF before using as fact.
E-OBS-P0018-material-1-7d91b64267509c6b,P0018,F0018,local_pdf_text_observation,,1,1,,,,,7d91b64267509c6bd1abf47f1f5e6c2599495b13f25a50a757e058abfcff2f83,regex:material,E0,0.42,candidate_needs_review,2026-05-16 10:44:25,Automatically extracted observation candidate. Verify against PDF before using as fact.
E-OBS-P0018-material-1-28f1129ba3505496,P0018,F0018,local_pdf_text_observation,,1,1,,,,,28f1129ba3505496a25c1b1d37f212fc8cc7616ceeb6f5c2a5a248c1773a9a67,regex:material,E0,0.42,candidate_needs_review,2026-05-16 10:44:25,Automatically extracted observation candidate. Verify against PDF before using as fact.
E-OBS-P0018-material-1-b4ad160d4bd3b6e3,P0018,F0018,local_pdf_text_observation,,1,1,,,,,b4ad160d4bd3b6e3a4235a2b0be1368f9422806b134406b5e1c0751387778697,regex:material,E0,0.42,candidate_needs_review,2026-05-16 10:44:25,Automatically extracted observation candidate. Verify against PDF before using as fact.
E-OBS-P0018-material-1-87321bd047746ef8,P0018,F0018,local_pdf_text_observation,,1,1,,,,,87321bd047746ef86ff397ad37ac909e7db6253bd3e09c7665eaab7dcd9c7a04,regex:material,E0,0.42,candidate_needs_review,2026-05-16 10:44:25,Automatically extracted observation candidate. Verify against PDF before using as fact.
E-OBS-P0018-material-1-35fd2d2c6c4c6d6f,P0018,F0018,local_pdf_text_observation,,1,1,,,,,35fd2d2c6c4c6d6f0ca870855771d4efd37fc4d1dd11141d29088746f7851cea,regex:material,E0,0.42,candidate_needs_review,2026-05-16 10:44:25,Automatically extracted observation candidate. Verify against PDF before using as fact.
E-OBS-P0018-material-1-dd1dc632644b12b0,P0018,F0018,local_pdf_text_observation,,1,1,,,,,dd1dc632644b12b0c169a276ef0fc485585d466493e2027bb0bbdba40e96177a,regex:material,E0,0.42,candidate_needs_review,2026-05-16 10:44:25,Automatically extracted observation candidate. Verify against PDF before using as fact.
E-OBS-P0018-material-1-1b4f3155c576b7c3,P0018,F0018,local_pdf_text_observation,,1,1,,,,,1b4f3155c576b7c3052bf18162e9b9b097e5ccf6f9e6a51c51c084e9ee25acd5,regex:material,E0,0.42,candidate_needs_review,2026-05-16 10:44:25,Automatically extracted observation candidate. Verify against PDF before using as fact.
E-OBS-P0018-material-1-0ef4e6cef5d8ccc3,P0018,F0018,local_pdf_text_observation,,1,1,,,,,0ef4e6cef5d8ccc3d009f7e294fdf2a97ddfe5cd5283a56843f3b01393dae5e7,regex:material,E0,0.42,candidate_needs_review,2026-05-16 10:44:25,Automatically extracted observation candidate. Verify against PDF before using as fact.
E-OBS-P0018-band_structure-1-e704e32a486ddaa0,P0018,F0018,local_pdf_text_observation,,1,1,,,,,e704e32a486ddaa0c4e9ea8dbd48ef8b9bb0aa6af8f63b60e87605f1d0893493,regex:band_structure,E0,0.48,candidate_needs_review,2026-05-16 10:44:25,Automatically extracted observation candidate. Verify against PDF before using as fact.
E-OBS-P0018-band_structure-1-a9e0021053c1656b,P0018,F0018,local_pdf_text_observation,,1,1,,,,,a9e0021053c1656bd5279dcea19dc2acb499059862fceabb02d68829cd500ac0,regex:band_structure,E0,0.48,candidate_needs_review,2026-05-16 10:44:25,Automatically extracted observation candidate. Verify against PDF before using as fact.
E-OBS-P0018-band_structure-1-b9ddd4fd4c44af3e,P0018,F0018,local_pdf_text_observation,,1,1,,,,,b9ddd4fd4c44af3ede542ebf7adebe830b4af683acb9a0693519700524f51b25,regex:band_structure,E0,0.48,candidate_needs_review,2026-05-16 10:44:25,Automatically extracted observation candidate. Verify against PDF before using as fact.
E-OBS-P0018-band_structure-1-4d917c5a388d276c,P0018,F0018,local_pdf_text_observation,,1,1,,,,,4d917c5a388d276c9d65feda8540d734ebd9b787b3dc1b09419519f176bd42b0,regex:band_structure,E0,0.48,candidate_needs_review,2026-05-16 10:44:25,Automatically extracted observation candidate. Verify against PDF before using as fact.
E-OBS-P0018-band_structure-1-d1050255ee5a07ba,P0018,F0018,local_pdf_text_observation,,1,1,,,,,d1050255ee5a07ba25c1da1d4cabfcdb8562ba023e7da26813b33a01e0fd5a94,regex:band_structure,E0,0.48,candidate_needs_review,2026-05-16 10:44:25,Automatically extracted observation candidate. Verify against PDF before using as fact.
E-OBS-P0018-polarization-1-3e69487cb984e250,P0018,F0018,local_pdf_text_observation,,1,1,,,,,3e69487cb984e25083126cace281fa506d301ac55062a307327b9c3e6a5fe25b,regex:polarization,E0,0.46,candidate_needs_review,2026-05-16 10:44:25,Automatically extracted observation candidate. Verify against PDF before using as fact.
E-OBS-P0018-band_structure-3-a9748368787ac3d4,P0018,F0018,local_pdf_text_observation,,3,3,,,,,a9748368787ac3d41bfc47a32503ad646ce22001c2a18161d352aa5e3e9971cc,regex:band_structure,E0,0.48,candidate_needs_review,2026-05-16 10:44:25,Automatically extracted observation candidate. Verify against PDF before using as fact.
E-OBS-P0018-band_structure-3-f309e351cd16e6dc,P0018,F0018,local_pdf_text_observation,,3,3,,,,,f309e351cd16e6dc9c4733f280857a4003f8b331f7d14237e901627826134010,regex:band_structure,E0,0.48,candidate_needs_review,2026-05-16 10:44:25,Automatically extracted observation candidate. Verify against PDF before using as fact.
E-OBS-P0018-polarization-3-fa5d20d838cde1bf,P0018,F0018,local_pdf_text_observation,,3,3,,,,,fa5d20d838cde1bfb60327657db73e9df8a3ba7bcf8af561c6268e16cb8e9bea,regex:polarization,E0,0.46,candidate_needs_review,2026-05-16 10:44:25,Automatically extracted observation candidate. Verify against PDF before using as fact.
E-OBS-P0018-polarization-3-155afbfb93946496,P0018,F0018,local_pdf_text_observation,,3,3,,,,,155afbfb939464960bd77b45a3797a8dc454a7ef32af294c2cf4f3dfd9f46a98,regex:polarization,E0,0.46,candidate_needs_review,2026-05-16 10:44:25,Automatically extracted observation candidate. Verify against PDF before using as fact.
E-OBS-P0018-polarization-4-8e9c9469d4863d81,P0018,F0018,local_pdf_text_observation,,4,4,,,,,8e9c9469d4863d81c0341f661970cd1868350947c54d8fd60e2ddf19de19af2a,regex:polarization,E0,0.46,candidate_needs_review,2026-05-16 10:44:25,Automatically extracted observation candidate. Verify against PDF before using as fact.
E-OBS-P0018-band_structure-5-33d4c5a6145eb100,P0018,F0018,local_pdf_text_observation,,5,5,,,,,33d4c5a6145eb10035f592d3a21c9dfe084ead4d7d6ff82be5bd0dd52f96891f,regex:band_structure,E0,0.48,candidate_needs_review,2026-05-16 10:44:25,Automatically extracted observation candidate. Verify against PDF before using as fact.
E-OBS-P0018-polarization-5-5a4b8bd55e2dc207,P0018,F0018,local_pdf_text_observation,,5,5,,,,,5a4b8bd55e2dc20709029883c8e06a6122e61e9625803d54038a5fa72434bfec,regex:polarization,E0,0.46,candidate_needs_review,2026-05-16 10:44:25,Automatically extracted observation candidate. Verify against PDF before using as fact.
E-OBS-P0018-polarization-7-e6de22b379181b92,P0018,F0018,local_pdf_text_observation,,7,7,,,,,e6de22b379181b923e0ea7b37f41383677c37e3c692f8843d29b9020f7a2410c,regex:polarization,E0,0.46,candidate_needs_review,2026-05-16 10:44:25,Automatically extracted observation candidate. Verify against PDF before using as fact.
E-OBS-P0019-q_factor-1-38fba153d643fc02,P0019,F0019,local_pdf_text_observation,,1,1,,,,,38fba153d643fc02af5f09ed99cde59a571446705cc8e781a2bf8d2629758e03,regex:q_factor,E0,0.62,candidate_needs_review,2026-05-16 10:44:25,Automatically extracted observation candidate. Verify against PDF before using as fact.
E-OBS-P0019-material-1-d5480d7b79281a1f,P0019,F0019,local_pdf_text_observation,,1,1,,,,,d5480d7b79281a1f4c501b58feb5687a24f648a8b76f89665857c181d8c5dcd5,regex:material,E0,0.42,candidate_needs_review,2026-05-16 10:44:25,Automatically extracted observation candidate. Verify against PDF before using as fact.
E-OBS-P0019-material-1-9828d32e81621640,P0019,F0019,local_pdf_text_observation,,1,1,,,,,9828d32e81621640ec7a1d471acbda8e8a188c6742099a063658077664817a7e,regex:material,E0,0.42,candidate_needs_review,2026-05-16 10:44:25,Automatically extracted observation candidate. Verify against PDF before using as fact.
E-OBS-P0019-material-1-3ed976612088bde0,P0019,F0019,local_pdf_text_observation,,1,1,,,,,3ed976612088bde0de5c360f76cde4d3f9c2e09cb39e76ee3a4ae5d137e82a05,regex:material,E0,0.42,candidate_needs_review,2026-05-16 10:44:25,Automatically extracted observation candidate. Verify against PDF before using as fact.
E-OBS-P0019-material-1-b044f085ced76030,P0019,F0019,local_pdf_text_observation,,1,1,,,,,b044f085ced76030f78c6d43ccc9741c72bd72a0769c8a846a3e4f749418b630,regex:material,E0,0.42,candidate_needs_review,2026-05-16 10:44:25,Automatically extracted observation candidate. Verify against PDF before using as fact.
E-OBS-P0019-material-1-82ca4a5b4e412853,P0019,F0019,local_pdf_text_observation,,1,1,,,,,82ca4a5b4e412853b89e28cbcc88af959e176cbf9c6a7aa5a75b29ed248ec5a2,regex:material,E0,0.42,candidate_needs_review,2026-05-16 10:44:25,Automatically extracted observation candidate. Verify against PDF before using as fact.
E-OBS-P0019-material-1-ec7d8490c5a68b67,P0019,F0019,local_pdf_text_observation,,1,1,,,,,ec7d8490c5a68b6779c2282059b355686a1bd801f19f74b20e267bf91fb69187,regex:material,E0,0.42,candidate_needs_review,2026-05-16 10:44:25,Automatically extracted observation candidate. Verify against PDF before using as fact.
E-OBS-P0019-material-1-dcbe80203d22f406,P0019,F0019,local_pdf_text_observation,,1,1,,,,,dcbe80203d22f406e4ca62aa74a2ef51eabe54a1133a1dc98eb47eecb321e467,regex:material,E0,0.42,candidate_needs_review,2026-05-16 10:44:25,Automatically extracted observation candidate. Verify against PDF before using as fact.
E-OBS-P0019-material-1-414c8678ba546085,P0019,F0019,local_pdf_text_observation,,1,1,,,,,414c8678ba54608558e4a5180e8f3da2cb7ad3a552e30fe6976a6d4016392756,regex:material,E0,0.42,candidate_needs_review,2026-05-16 10:44:25,Automatically extracted observation candidate. Verify against PDF before using as fact.
E-OBS-P0019-k_space-1-daafc9a8aac4bd06,P0019,F0019,local_pdf_text_observation,,1,1,,,,,daafc9a8aac4bd06288b88fc7c4237bd37a230f8af771569b22c39f6e80e54f5,regex:k_space,E0,0.5,candidate_needs_review,2026-05-16 10:44:25,Automatically extracted observation candidate. Verify against PDF before using as fact.
E-OBS-P0019-polarization-1-c16ff7b40736b118,P0019,F0019,local_pdf_text_observation,,1,1,,,,,c16ff7b40736b118005c9aa7f716c96612b8e9577e6c5ae4e283003f7a8b07f4,regex:polarization,E0,0.46,candidate_needs_review,2026-05-16 10:44:25,Automatically extracted observation candidate. Verify against PDF before using as fact.
E-OBS-P0019-polarization-1-e819b621b4c19d25,P0019,F0019,local_pdf_text_observation,,1,1,,,,,e819b621b4c19d253e1a13360ff4e1eb87c70baabca9892278fc4b67501403e0,regex:polarization,E0,0.46,candidate_needs_review,2026-05-16 10:44:25,Automatically extracted observation candidate. Verify against PDF before using as fact.
E-OBS-P0019-polarization-1-daafc9a8aac4bd06,P0019,F0019,local_pdf_text_observation,,1,1,,,,,daafc9a8aac4bd06288b88fc7c4237bd37a230f8af771569b22c39f6e80e54f5,regex:polarization,E0,0.46,candidate_needs_review,2026-05-16 10:44:25,Automatically extracted observation candidate. Verify against PDF before using as fact.
E-OBS-P0019-thickness-2-158105e1d849da4b,P0019,F0019,local_pdf_text_observation,,2,2,,,,,158105e1d849da4b84ce2643d09e2646fe2fd4ec1f886cfc52875c6e74b087e0,regex:thickness,E0,0.58,candidate_needs_review,2026-05-16 10:44:25,Automatically extracted observation candidate. Verify against PDF before using as fact.
E-OBS-P0019-thickness-2-695bf6d242a75e8a,P0019,F0019,local_pdf_text_observation,,2,2,,,,,695bf6d242a75e8a50a7181ee12c5df670ab3e378ff4e2193c86a573f180f576,regex:thickness,E0,0.58,candidate_needs_review,2026-05-16 10:44:25,Automatically extracted observation candidate. Verify against PDF before using as fact.
E-OBS-P0019-diameter-2-1e9b26dfc568c65e,P0019,F0019,local_pdf_text_observation,,2,2,,,,,1e9b26dfc568c65e3f8ba4cd86bfcd51b20246f5083dd283e2e7df2b999ee09a,regex:diameter,E0,0.45,candidate_needs_review,2026-05-16 10:44:25,Automatically extracted observation candidate. Verify against PDF before using as fact.
E-OBS-P0019-spectrum-2-061aab1f3ba2fda0,P0019,F0019,local_pdf_text_observation,,2,2,,,,,061aab1f3ba2fda0b458dbc65b34e91b2bfc9203fa1bd0673a354ac6116d866c,regex:spectrum,E0,0.48,candidate_needs_review,2026-05-16 10:44:25,Automatically extracted observation candidate. Verify against PDF before using as fact.
E-OBS-P0019-polarization-2-baf731d18cf26401,P0019,F0019,local_pdf_text_observation,,2,2,,,,,baf731d18cf26401fe688411f8aaffd6760bff6fab9c6d9942d1dd317f0ee4df,regex:polarization,E0,0.46,candidate_needs_review,2026-05-16 10:44:25,Automatically extracted observation candidate. Verify against PDF before using as fact.
E-OBS-P0019-q_factor-3-6fd67bfc25d55541,P0019,F0019,local_pdf_text_observation,,3,3,,,,,6fd67bfc25d555414e87977678a7f3e0aa5c9591bf0e63d09117517ad8a7ca57,regex:q_factor,E0,0.62,candidate_needs_review,2026-05-16 10:44:25,Automatically extracted observation candidate. Verify against PDF before using as fact.
E-OBS-P0019-k_space-3-bcf60f1a36d04b53,P0019,F0019,local_pdf_text_observation,,3,3,,,,,bcf60f1a36d04b53c694cb0465205d57f123c0234ef1d7c872bbe71672a6b0f9,regex:k_space,E0,0.5,candidate_needs_review,2026-05-16 10:44:25,Automatically extracted observation candidate. Verify against PDF before using as fact.
E-OBS-P0019-spectrum-3-f5172023384e6dd6,P0019,F0019,local_pdf_text_observation,,3,3,,,,,f5172023384e6dd6c86313e45267fe01332a5416263b05e2a9064abfbe0f3aba,regex:spectrum,E0,0.48,candidate_needs_review,2026-05-16 10:44:25,Automatically extracted observation candidate. Verify against PDF before using as fact.
E-OBS-P0019-spectrum-3-ac7c27a843e112c6,P0019,F0019,local_pdf_text_observation,,3,3,,,,,ac7c27a843e112c6fcc3551d58b1a3afd8a16af7e2fa26a98b9636ca07d7d6b2,regex:spectrum,E0,0.48,candidate_needs_review,2026-05-16 10:44:25,Automatically extracted observation candidate. Verify against PDF before using as fact.
E-OBS-P0019-spectrum-3-a34b4522a3fdfeeb,P0019,F0019,local_pdf_text_observation,,3,3,,,,,a34b4522a3fdfeeb34f9e5ba40bf64d15e12c69f86bfcaafeed8adea1f733ce4,regex:spectrum,E0,0.48,candidate_needs_review,2026-05-16 10:44:25,Automatically extracted observation candidate. Verify against PDF before using as fact.
E-OBS-P0019-polarization-3-5511844e4f17ca55,P0019,F0019,local_pdf_text_observation,,3,3,,,,,5511844e4f17ca559c335bce09b34658ee3334587898f681c781391ed06e928d,regex:polarization,E0,0.46,candidate_needs_review,2026-05-16 10:44:25,Automatically extracted observation candidate. Verify against PDF before using as fact.
E-OBS-P0019-spectrum-4-98f964fcde0bbba2,P0019,F0019,local_pdf_text_observation,,4,4,,,,,98f964fcde0bbba29f5320dd9d18c316b78104e29d9f35a48bf989bd5104eb26,regex:spectrum,E0,0.48,candidate_needs_review,2026-05-16 10:44:25,Automatically extracted observation candidate. Verify against PDF before using as fact.
E-OBS-P0019-polarization-4-b5ab4c3772f65934,P0019,F0019,local_pdf_text_observation,,4,4,,,,,b5ab4c3772f65934f28382b319ea7648a1c3c5f5cf78edfc4615ffb70a492d88,regex:polarization,E0,0.46,candidate_needs_review,2026-05-16 10:44:25,Automatically extracted observation candidate. Verify against PDF before using as fact.
E-OBS-P0019-spectrum-5-ab43a3a6b915b7c5,P0019,F0019,local_pdf_text_observation,,5,5,,,,,ab43a3a6b915b7c531500a89afa01acf65f94411d09ddb24213ba52180b29abf,regex:spectrum,E0,0.48,candidate_needs_review,2026-05-16 10:44:25,Automatically extracted observation candidate. Verify against PDF before using as fact.
E-OBS-P0019-spectrum-6-3261f104e1450271,P0019,F0019,local_pdf_text_observation,,6,6,,,,,3261f104e1450271752ed18ef0d3a28b74e55c67ed81d4ba7cfccd0869cc6c4e,regex:spectrum,E0,0.48,candidate_needs_review,2026-05-16 10:44:25,Automatically extracted observation candidate. Verify against PDF before using as fact.
E-OBS-P0019-polarization-6-37f69dd3a2287bdd,P0019,F0019,local_pdf_text_observation,,6,6,,,,,37f69dd3a2287bdd33a470b2fedcf10032e5e7ce1b8b454b39a03c63bae15711,regex:polarization,E0,0.46,candidate_needs_review,2026-05-16 10:44:25,Automatically extracted observation candidate. Verify against PDF before using as fact.
E-OBS-P0019-polarization-6-bd866bbccbc3a822,P0019,F0019,local_pdf_text_observation,,6,6,,,,,bd866bbccbc3a822bdf690db08bbebbcfb641761367457a823e9b1875364bf86,regex:polarization,E0,0.46,candidate_needs_review,2026-05-16 10:44:25,Automatically extracted observation candidate. Verify against PDF before using as fact.
E-OBS-P0019-spectrum-7-32e15b0475bc8a34,P0019,F0019,local_pdf_text_observation,,7,7,,,,,32e15b0475bc8a34512e241e20ca4ffd670df6584706e7d6fd0b7f847c28d74a,regex:spectrum,E0,0.48,candidate_needs_review,2026-05-16 10:44:25,Automatically extracted observation candidate. Verify against PDF before using as fact.
E-OBS-P0020-band_structure-1-ac93ba799a9dd4bd,P0020,F0020,local_pdf_text_observation,,1,1,,,,,ac93ba799a9dd4bd33d476d491a18b812aeea3815b78daa560bd7c6b5e6b8ad0,regex:band_structure,E0,0.48,candidate_needs_review,2026-05-16 10:44:25,Automatically extracted observation candidate. Verify against PDF before using as fact.
E-OBS-P0020-band_structure-1-184736584afddc2b,P0020,F0020,local_pdf_text_observation,,1,1,,,,,184736584afddc2b5a6d90db593836e0653d5ca54d6b506e42bfad6ea1a955c4,regex:band_structure,E0,0.48,candidate_needs_review,2026-05-16 10:44:25,Automatically extracted observation candidate. Verify against PDF before using as fact.
E-OBS-P0020-band_structure-1-f262a87707bfbdb5,P0020,F0020,local_pdf_text_observation,,1,1,,,,,f262a87707bfbdb5805244214f19e7f65c12a14cd851ba55e6efc89bfed77b67,regex:band_structure,E0,0.48,candidate_needs_review,2026-05-16 10:44:25,Automatically extracted observation candidate. Verify against PDF before using as fact.
E-OBS-P0020-band_structure-1-9105a4a0dcd72968,P0020,F0020,local_pdf_text_observation,,1,1,,,,,9105a4a0dcd7296813218bdbc1479a319ed6395e72922266a6fe83cd0ec7fe40,regex:band_structure,E0,0.48,candidate_needs_review,2026-05-16 10:44:25,Automatically extracted observation candidate. Verify against PDF before using as fact.
E-OBS-P0020-polarization-1-d731c001bf29b6bc,P0020,F0020,local_pdf_text_observation,,1,1,,,,,d731c001bf29b6bc0fceabf2c2621efe2f439fe66951de4afb4dd7c4b9af1f18,regex:polarization,E0,0.46,candidate_needs_review,2026-05-16 10:44:25,Automatically extracted observation candidate. Verify against PDF before using as fact.
E-OBS-P0020-polarization-1-5cadb7761b62f651,P0020,F0020,local_pdf_text_observation,,1,1,,,,,5cadb7761b62f651e629d73853a9b1deb13c97aeb948962d44bf873b910f5d5b,regex:polarization,E0,0.46,candidate_needs_review,2026-05-16 10:44:25,Automatically extracted observation candidate. Verify against PDF before using as fact.
E-OBS-P0020-polarization-1-479815d61ffe8af7,P0020,F0020,local_pdf_text_observation,,1,1,,,,,479815d61ffe8af78b6b4c61afee7884b62999fde170a80580154af07e14c9d2,regex:polarization,E0,0.46,candidate_needs_review,2026-05-16 10:44:25,Automatically extracted observation candidate. Verify against PDF before using as fact.
E-OBS-P0020-band_structure-2-bb19b380d5bddfaa,P0020,F0020,local_pdf_text_observation,,2,2,,,,,bb19b380d5bddfaaa20105c4768e4ff4a3dbc4e8cc0b7ebf27327da35ea5e16a,regex:band_structure,E0,0.48,candidate_needs_review,2026-05-16 10:44:25,Automatically extracted observation candidate. Verify against PDF before using as fact.
E-OBS-P0020-band_structure-2-f32500f62d3558cf,P0020,F0020,local_pdf_text_observation,,2,2,,,,,f32500f62d3558cfc4b08811bad07251d928521a737a96dea25e3c78923a4b19,regex:band_structure,E0,0.48,candidate_needs_review,2026-05-16 10:44:25,Automatically extracted observation candidate. Verify against PDF before using as fact.
E-OBS-P0020-band_structure-2-e5e0c9ebab548a81,P0020,F0020,local_pdf_text_observation,,2,2,,,,,e5e0c9ebab548a815b8a857487b310686817fbf1d8d34301463e773318f6ed0b,regex:band_structure,E0,0.48,candidate_needs_review,2026-05-16 10:44:25,Automatically extracted observation candidate. Verify against PDF before using as fact.
E-OBS-P0020-band_structure-2-4581302f29869b3c,P0020,F0020,local_pdf_text_observation,,2,2,,,,,4581302f29869b3c6fe682e7e2d71f8e92b62d26e36621cb0277ffb7db7fa62a,regex:band_structure,E0,0.48,candidate_needs_review,2026-05-16 10:44:25,Automatically extracted observation candidate. Verify against PDF before using as fact.
E-OBS-P0020-polarization-2-3471e5dc0d6387c4,P0020,F0020,local_pdf_text_observation,,2,2,,,,,3471e5dc0d6387c4fa0490050fbde205737b4515173c9c19ce57b33782725833,regex:polarization,E0,0.46,candidate_needs_review,2026-05-16 10:44:25,Automatically extracted observation candidate. Verify against PDF before using as fact.
E-OBS-P0020-polarization-2-b28053f80dba1657,P0020,F0020,local_pdf_text_observation,,2,2,,,,,b28053f80dba165796ceaa64bf31f58aeadf5f395fd8ef9e38b941d8c63e98f1,regex:polarization,E0,0.46,candidate_needs_review,2026-05-16 10:44:25,Automatically extracted observation candidate. Verify against PDF before using as fact.
E-OBS-P0020-polarization-3-d13d19e1e0651f20,P0020,F0020,local_pdf_text_observation,,3,3,,,,,d13d19e1e0651f202e650f72badfae8a61f9ac83d9b6742a073cfc7e6bfda658,regex:polarization,E0,0.46,candidate_needs_review,2026-05-16 10:44:25,Automatically extracted observation candidate. Verify against PDF before using as fact.
E-OBS-P0020-polarization-4-3ce74e5ca442cbca,P0020,F0020,local_pdf_text_observation,,4,4,,,,,3ce74e5ca442cbcadafbec764eadc4b2fb45bc8da4544cfaa608e2d67403d7a9,regex:polarization,E0,0.46,candidate_needs_review,2026-05-16 10:44:25,Automatically extracted observation candidate. Verify against PDF before using as fact.
E-OBS-P0020-polarization-4-272190a3a3043d96,P0020,F0020,local_pdf_text_observation,,4,4,,,,,272190a3a3043d96905dd17ff2221bd0022c4112fd5dca8af848bca4cd1ab881,regex:polarization,E0,0.46,candidate_needs_review,2026-05-16 10:44:25,Automatically extracted observation candidate. Verify against PDF before using as fact.
E-OBS-P0020-material-5-c95e931d04852cad,P0020,F0020,local_pdf_text_observation,,5,5,,,,,c95e931d04852cada0e963b6bff24843a4d066dd7ba6fa34dbbb17c9551279ec,regex:material,E0,0.42,candidate_needs_review,2026-05-16 10:44:25,Automatically extracted observation candidate. Verify against PDF before using as fact.
E-OBS-P0020-material-5-cfb8fbb5df28b1a2,P0020,F0020,local_pdf_text_observation,,5,5,,,,,cfb8fbb5df28b1a2f2f5429c24c4381b834ba8b806aef0632d5ce7527dd41403,regex:material,E0,0.42,candidate_needs_review,2026-05-16 10:44:25,Automatically extracted observation candidate. Verify against PDF before using as fact.
E-OBS-P0020-spectrum-5-94b8b7e526685022,P0020,F0020,local_pdf_text_observation,,5,5,,,,,94b8b7e526685022962b4e1d25d91059307b7bb3c29bdda219e81627c20ef285,regex:spectrum,E0,0.48,candidate_needs_review,2026-05-16 10:44:25,Automatically extracted observation candidate. Verify against PDF before using as fact.
E-OBS-P0021-material-1-8a1d5e10ae355555,P0021,F0021,local_pdf_text_observation,,1,1,,,,,8a1d5e10ae35555523a6358f6194d40e97b9e36f041f2d6cf45df640f01f2dcd,regex:material,E0,0.42,candidate_needs_review,2026-05-16 10:44:25,Automatically extracted observation candidate. Verify against PDF before using as fact.
E-OBS-P0021-material-1-5f3d027dacd084d7,P0021,F0021,local_pdf_text_observation,,1,1,,,,,5f3d027dacd084d74d8ddeda60f60dd3739b6d829b2832c841ff794f76e37d2a,regex:material,E0,0.42,candidate_needs_review,2026-05-16 10:44:25,Automatically extracted observation candidate. Verify against PDF before using as fact.
E-OBS-P0021-material-1-e16f64c959ae16c9,P0021,F0021,local_pdf_text_observation,,1,1,,,,,e16f64c959ae16c930240e1d0c976135cd51e6362fdc19d58509c0debed6e1d7,regex:material,E0,0.42,candidate_needs_review,2026-05-16 10:44:25,Automatically extracted observation candidate. Verify against PDF before using as fact.
E-OBS-P0021-material-1-bd703f636879b64e,P0021,F0021,local_pdf_text_observation,,1,1,,,,,bd703f636879b64e64c7e5a0d54b2eada0938f199057cea52a4f2050b1197d40,regex:material,E0,0.42,candidate_needs_review,2026-05-16 10:44:25,Automatically extracted observation candidate. Verify against PDF before using as fact.
E-OBS-P0021-k_space-4-d5530bf0b9048775,P0021,F0021,local_pdf_text_observation,,4,4,,,,,d5530bf0b904877541379dd730c9b2b4a4ff94961eb3b795f33a0061e66cec3b,regex:k_space,E0,0.5,candidate_needs_review,2026-05-16 10:44:25,Automatically extracted observation candidate. Verify against PDF before using as fact.
E-OBS-P0021-k_space-4-12130af66daa5d58,P0021,F0021,local_pdf_text_observation,,4,4,,,,,12130af66daa5d58f0cd9c070dcfffca6fe0ce225e2e02fd9d355347558969a8,regex:k_space,E0,0.5,candidate_needs_review,2026-05-16 10:44:25,Automatically extracted observation candidate. Verify against PDF before using as fact.
E-OBS-P0022-band_structure-1-14cc606ebac231b9,P0022,F0022,local_pdf_text_observation,,1,1,,,,,14cc606ebac231b96908c1dea3e95a7c153b2eecd638b052ad6a57a4c77b9c1c,regex:band_structure,E0,0.48,candidate_needs_review,2026-05-16 10:44:25,Automatically extracted observation candidate. Verify against PDF before using as fact.
E-OBS-P0022-spectrum-1-dab548da86cb3cb7,P0022,F0022,local_pdf_text_observation,,1,1,,,,,dab548da86cb3cb7f507b543cb233d32cf43385d4bfae0859652af4f0f3381ad,regex:spectrum,E0,0.48,candidate_needs_review,2026-05-16 10:44:25,Automatically extracted observation candidate. Verify against PDF before using as fact.
E-OBS-P0022-k_space-2-ea563d6bcb03c86c,P0022,F0022,local_pdf_text_observation,,2,2,,,,,ea563d6bcb03c86c6dcce7e9b2ba3dec68f2384011846910652af31283f45452,regex:k_space,E0,0.5,candidate_needs_review,2026-05-16 10:44:25,Automatically extracted observation candidate. Verify against PDF before using as fact.
E-OBS-P0022-band_structure-2-c9fd232dad5b3476,P0022,F0022,local_pdf_text_observation,,2,2,,,,,c9fd232dad5b347617028eb25154cefd6ed9e188f1028d609f6cd78a90a80b85,regex:band_structure,E0,0.48,candidate_needs_review,2026-05-16 10:44:25,Automatically extracted observation candidate. Verify against PDF before using as fact.
E-OBS-P0022-band_structure-2-f52027ac1146bd87,P0022,F0022,local_pdf_text_observation,,2,2,,,,,f52027ac1146bd877cce3723bf1b077a1e6c9b06afaf4a28cf952015ef63c3c0,regex:band_structure,E0,0.48,candidate_needs_review,2026-05-16 10:44:25,Automatically extracted observation candidate. Verify against PDF before using as fact.
E-OBS-P0022-band_structure-2-c60a96271004737a,P0022,F0022,local_pdf_text_observation,,2,2,,,,,c60a96271004737a43a8040eb0365587235cba38d07583a048e039010ffa498b,regex:band_structure,E0,0.48,candidate_needs_review,2026-05-16 10:44:25,Automatically extracted observation candidate. Verify against PDF before using as fact.
E-OBS-P0022-band_structure-2-613d45d6cbf0cb49,P0022,F0022,local_pdf_text_observation,,2,2,,,,,613d45d6cbf0cb492d9268a1130c89c97a634dc7c0dd08f2912bfcacefc2def9,regex:band_structure,E0,0.48,candidate_needs_review,2026-05-16 10:44:25,Automatically extracted observation candidate. Verify against PDF before using as fact.
E-OBS-P0022-band_structure-2-7cd60c192d70abd1,P0022,F0022,local_pdf_text_observation,,2,2,,,,,7cd60c192d70abd11ea52cd5f94f082ac15942d40635213716c53418df364c32,regex:band_structure,E0,0.48,candidate_needs_review,2026-05-16 10:44:25,Automatically extracted observation candidate. Verify against PDF before using as fact.
E-OBS-P0022-spectrum-2-d4ec778e7d53086e,P0022,F0022,local_pdf_text_observation,,2,2,,,,,d4ec778e7d53086ee59c33498620c1f7205b0d47d9f98b5e20c110048aa95dd4,regex:spectrum,E0,0.48,candidate_needs_review,2026-05-16 10:44:25,Automatically extracted observation candidate. Verify against PDF before using as fact.
E-OBS-P0022-radius-3-0453c8984211bf17,P0022,F0022,local_pdf_text_observation,,3,3,,,,,0453c8984211bf17f6402b3050e63b33418621e56ef93d9aa12a91e3b4f7c134,regex:radius,E0,0.48,candidate_needs_review,2026-05-16 10:44:25,Automatically extracted observation candidate. Verify against PDF before using as fact.
E-OBS-P0022-k_space-3-1dbd00fb9d931327,P0022,F0022,local_pdf_text_observation,,3,3,,,,,1dbd00fb9d931327729b8ae8713054df1e49b61775f9d70fa08b609459e139ff,regex:k_space,E0,0.5,candidate_needs_review,2026-05-16 10:44:25,Automatically extracted observation candidate. Verify against PDF before using as fact.
E-OBS-P0022-k_space-3-1bb69ed3b934e140,P0022,F0022,local_pdf_text_observation,,3,3,,,,,1bb69ed3b934e14049bb4b5785c18944217a208f886d48b4a61bf40b7633ebea,regex:k_space,E0,0.5,candidate_needs_review,2026-05-16 10:44:25,Automatically extracted observation candidate. Verify against PDF before using as fact.
E-OBS-P0022-band_structure-3-a16373de6b940ebc,P0022,F0022,local_pdf_text_observation,,3,3,,,,,a16373de6b940ebc25410f3458df499db12348d9e4ae26d855f2d6996bc6800f,regex:band_structure,E0,0.48,candidate_needs_review,2026-05-16 10:44:25,Automatically extracted observation candidate. Verify against PDF before using as fact.
E-OBS-P0022-k_space-4-26a0c72d51efc1ef,P0022,F0022,local_pdf_text_observation,,4,4,,,,,26a0c72d51efc1ef7cca9db7eaf822c933df4c07b74a46aaf24a456578216217,regex:k_space,E0,0.5,candidate_needs_review,2026-05-16 10:44:25,Automatically extracted observation candidate. Verify against PDF before using as fact.
E-OBS-P0022-band_structure-4-e29d6e2ae986c854,P0022,F0022,local_pdf_text_observation,,4,4,,,,,e29d6e2ae986c854fe2aa0cc419114c14cc44b4c6a10389bb696da191968b100,regex:band_structure,E0,0.48,candidate_needs_review,2026-05-16 10:44:25,Automatically extracted observation candidate. Verify against PDF before using as fact.
E-OBS-P0022-spectrum-4-6ae71e3d53984c01,P0022,F0022,local_pdf_text_observation,,4,4,,,,,6ae71e3d53984c012928f9ca928324c87a07eb72e64144e760b1967729326835,regex:spectrum,E0,0.48,candidate_needs_review,2026-05-16 10:44:25,Automatically extracted observation candidate. Verify against PDF before using as fact.
E-OBS-P0022-spectrum-4-ef3a3e4b3eb1e8d6,P0022,F0022,local_pdf_text_observation,,4,4,,,,,ef3a3e4b3eb1e8d637c59d51e7fc977a4f5690020e82bd25a29e4f6a5ab4851c,regex:spectrum,E0,0.48,candidate_needs_review,2026-05-16 10:44:25,Automatically extracted observation candidate. Verify against PDF before using as fact.
E-OBS-P0022-spectrum-4-326b8e50fb32c038,P0022,F0022,local_pdf_text_observation,,4,4,,,,,326b8e50fb32c0388c82abd38bfaf60386f812950bac7d687832a2d852a38eda,regex:spectrum,E0,0.48,candidate_needs_review,2026-05-16 10:44:25,Automatically extracted observation candidate. Verify against PDF before using as fact.
E-OBS-P0022-polarization-4-e1be32e28423588d,P0022,F0022,local_pdf_text_observation,,4,4,,,,,e1be32e28423588d30a5f5773da53411967d2529380ddb256d410c7eaed61250,regex:polarization,E0,0.46,candidate_needs_review,2026-05-16 10:44:25,Automatically extracted observation candidate. Verify against PDF before using as fact.
E-OBS-P0023-band_structure-1-14cc606ebac231b9,P0023,F0023,local_pdf_text_observation,,1,1,,,,,14cc606ebac231b96908c1dea3e95a7c153b2eecd638b052ad6a57a4c77b9c1c,regex:band_structure,E0,0.48,candidate_needs_review,2026-05-16 10:44:25,Automatically extracted observation candidate. Verify against PDF before using as fact.
E-OBS-P0023-spectrum-1-dab548da86cb3cb7,P0023,F0023,local_pdf_text_observation,,1,1,,,,,dab548da86cb3cb7f507b543cb233d32cf43385d4bfae0859652af4f0f3381ad,regex:spectrum,E0,0.48,candidate_needs_review,2026-05-16 10:44:25,Automatically extracted observation candidate. Verify against PDF before using as fact.
E-OBS-P0023-k_space-2-ea563d6bcb03c86c,P0023,F0023,local_pdf_text_observation,,2,2,,,,,ea563d6bcb03c86c6dcce7e9b2ba3dec68f2384011846910652af31283f45452,regex:k_space,E0,0.5,candidate_needs_review,2026-05-16 10:44:25,Automatically extracted observation candidate. Verify against PDF before using as fact.
E-OBS-P0023-band_structure-2-c9fd232dad5b3476,P0023,F0023,local_pdf_text_observation,,2,2,,,,,c9fd232dad5b347617028eb25154cefd6ed9e188f1028d609f6cd78a90a80b85,regex:band_structure,E0,0.48,candidate_needs_review,2026-05-16 10:44:25,Automatically extracted observation candidate. Verify against PDF before using as fact.
E-OBS-P0023-band_structure-2-f52027ac1146bd87,P0023,F0023,local_pdf_text_observation,,2,2,,,,,f52027ac1146bd877cce3723bf1b077a1e6c9b06afaf4a28cf952015ef63c3c0,regex:band_structure,E0,0.48,candidate_needs_review,2026-05-16 10:44:25,Automatically extracted observation candidate. Verify against PDF before using as fact.
E-OBS-P0023-band_structure-2-c60a96271004737a,P0023,F0023,local_pdf_text_observation,,2,2,,,,,c60a96271004737a43a8040eb0365587235cba38d07583a048e039010ffa498b,regex:band_structure,E0,0.48,candidate_needs_review,2026-05-16 10:44:25,Automatically extracted observation candidate. Verify against PDF before using as fact.
E-OBS-P0023-band_structure-2-613d45d6cbf0cb49,P0023,F0023,local_pdf_text_observation,,2,2,,,,,613d45d6cbf0cb492d9268a1130c89c97a634dc7c0dd08f2912bfcacefc2def9,regex:band_structure,E0,0.48,candidate_needs_review,2026-05-16 10:44:25,Automatically extracted observation candidate. Verify against PDF before using as fact.
E-OBS-P0023-band_structure-2-7cd60c192d70abd1,P0023,F0023,local_pdf_text_observation,,2,2,,,,,7cd60c192d70abd11ea52cd5f94f082ac15942d40635213716c53418df364c32,regex:band_structure,E0,0.48,candidate_needs_review,2026-05-16 10:44:25,Automatically extracted observation candidate. Verify against PDF before using as fact.
E-OBS-P0023-spectrum-2-d4ec778e7d53086e,P0023,F0023,local_pdf_text_observation,,2,2,,,,,d4ec778e7d53086ee59c33498620c1f7205b0d47d9f98b5e20c110048aa95dd4,regex:spectrum,E0,0.48,candidate_needs_review,2026-05-16 10:44:25,Automatically extracted observation candidate. Verify against PDF before using as fact.
E-OBS-P0023-radius-3-0453c8984211bf17,P0023,F0023,local_pdf_text_observation,,3,3,,,,,0453c8984211bf17f6402b3050e63b33418621e56ef93d9aa12a91e3b4f7c134,regex:radius,E0,0.48,candidate_needs_review,2026-05-16 10:44:25,Automatically extracted observation candidate. Verify against PDF before using as fact.
E-OBS-P0023-k_space-3-1dbd00fb9d931327,P0023,F0023,local_pdf_text_observation,,3,3,,,,,1dbd00fb9d931327729b8ae8713054df1e49b61775f9d70fa08b609459e139ff,regex:k_space,E0,0.5,candidate_needs_review,2026-05-16 10:44:25,Automatically extracted observation candidate. Verify against PDF before using as fact.
E-OBS-P0023-k_space-3-1bb69ed3b934e140,P0023,F0023,local_pdf_text_observation,,3,3,,,,,1bb69ed3b934e14049bb4b5785c18944217a208f886d48b4a61bf40b7633ebea,regex:k_space,E0,0.5,candidate_needs_review,2026-05-16 10:44:25,Automatically extracted observation candidate. Verify against PDF before using as fact.
E-OBS-P0023-band_structure-3-a16373de6b940ebc,P0023,F0023,local_pdf_text_observation,,3,3,,,,,a16373de6b940ebc25410f3458df499db12348d9e4ae26d855f2d6996bc6800f,regex:band_structure,E0,0.48,candidate_needs_review,2026-05-16 10:44:25,Automatically extracted observation candidate. Verify against PDF before using as fact.
E-OBS-P0023-k_space-4-26a0c72d51efc1ef,P0023,F0023,local_pdf_text_observation,,4,4,,,,,26a0c72d51efc1ef7cca9db7eaf822c933df4c07b74a46aaf24a456578216217,regex:k_space,E0,0.5,candidate_needs_review,2026-05-16 10:44:25,Automatically extracted observation candidate. Verify against PDF before using as fact.
E-OBS-P0023-band_structure-4-e29d6e2ae986c854,P0023,F0023,local_pdf_text_observation,,4,4,,,,,e29d6e2ae986c854fe2aa0cc419114c14cc44b4c6a10389bb696da191968b100,regex:band_structure,E0,0.48,candidate_needs_review,2026-05-16 10:44:25,Automatically extracted observation candidate. Verify against PDF before using as fact.
E-OBS-P0023-spectrum-4-6ae71e3d53984c01,P0023,F0023,local_pdf_text_observation,,4,4,,,,,6ae71e3d53984c012928f9ca928324c87a07eb72e64144e760b1967729326835,regex:spectrum,E0,0.48,candidate_needs_review,2026-05-16 10:44:25,Automatically extracted observation candidate. Verify against PDF before using as fact.
E-OBS-P0023-spectrum-4-ef3a3e4b3eb1e8d6,P0023,F0023,local_pdf_text_observation,,4,4,,,,,ef3a3e4b3eb1e8d637c59d51e7fc977a4f5690020e82bd25a29e4f6a5ab4851c,regex:spectrum,E0,0.48,candidate_needs_review,2026-05-16 10:44:25,Automatically extracted observation candidate. Verify against PDF before using as fact.
E-OBS-P0023-spectrum-4-326b8e50fb32c038,P0023,F0023,local_pdf_text_observation,,4,4,,,,,326b8e50fb32c0388c82abd38bfaf60386f812950bac7d687832a2d852a38eda,regex:spectrum,E0,0.48,candidate_needs_review,2026-05-16 10:44:25,Automatically extracted observation candidate. Verify against PDF before using as fact.
E-OBS-P0023-polarization-4-e1be32e28423588d,P0023,F0023,local_pdf_text_observation,,4,4,,,,,e1be32e28423588d30a5f5773da53411967d2529380ddb256d410c7eaed61250,regex:polarization,E0,0.46,candidate_needs_review,2026-05-16 10:44:25,Automatically extracted observation candidate. Verify against PDF before using as fact.
E-OBS-P0024-material-1-62448612f5ae81a4,P0024,F0024,local_pdf_text_observation,,1,1,,,,,62448612f5ae81a4ac683d68f4062dbe2b939ec36095932c474e390c104b0a8a,regex:material,E0,0.42,candidate_needs_review,2026-05-16 10:44:25,Automatically extracted observation candidate. Verify against PDF before using as fact.
E-OBS-P0024-material-1-d0d78c3b4d2578e4,P0024,F0024,local_pdf_text_observation,,1,1,,,,,d0d78c3b4d2578e42105035e84513c17d029d8db48c002cde7d64a2a9d108dec,regex:material,E0,0.42,candidate_needs_review,2026-05-16 10:44:25,Automatically extracted observation candidate. Verify against PDF before using as fact.
E-OBS-P0024-material-1-f8b32da4e8a0e0cb,P0024,F0024,local_pdf_text_observation,,1,1,,,,,f8b32da4e8a0e0cb0a9f3dadd0c9c4d8579c66951143ee54307b60550883269c,regex:material,E0,0.42,candidate_needs_review,2026-05-16 10:44:25,Automatically extracted observation candidate. Verify against PDF before using as fact.
E-OBS-P0024-material-2-94a5c9d10e8893b9,P0024,F0024,local_pdf_text_observation,,2,2,,,,,94a5c9d10e8893b91e7890374dc7980954500d4209d6940bbb2c5224adaf05f3,regex:material,E0,0.42,candidate_needs_review,2026-05-16 10:44:25,Automatically extracted observation candidate. Verify against PDF before using as fact.
E-OBS-P0024-material-2-cdeff9ac2206ac54,P0024,F0024,local_pdf_text_observation,,2,2,,,,,cdeff9ac2206ac545ad7183a3425df1d0ff5f08ee9ae2b7b6ba291334e195710,regex:material,E0,0.42,candidate_needs_review,2026-05-16 10:44:25,Automatically extracted observation candidate. Verify against PDF before using as fact.
E-OBS-P0024-material-2-dfa0332d70ddae40,P0024,F0024,local_pdf_text_observation,,2,2,,,,,dfa0332d70ddae40b10113eb791c1ddd103b52a523479a4a2df804ad0d640eda,regex:material,E0,0.42,candidate_needs_review,2026-05-16 10:44:25,Automatically extracted observation candidate. Verify against PDF before using as fact.
E-OBS-P0024-material-2-19dc8a1efff0a05d,P0024,F0024,local_pdf_text_observation,,2,2,,,,,19dc8a1efff0a05df88e3df590fd496b83737edb9bcd224974e81fa77248d89a,regex:material,E0,0.42,candidate_needs_review,2026-05-16 10:44:25,Automatically extracted observation candidate. Verify against PDF before using as fact.
E-OBS-P0024-material-2-e3cc05226ae372c7,P0024,F0024,local_pdf_text_observation,,2,2,,,,,e3cc05226ae372c72b61e806ba28ce5691492e11e7cf787e3a4f16f191fbb505,regex:material,E0,0.42,candidate_needs_review,2026-05-16 10:44:25,Automatically extracted observation candidate. Verify against PDF before using as fact.
E-OBS-P0024-k_space-2-d9aca72fd5ca5e8d,P0024,F0024,local_pdf_text_observation,,2,2,,,,,d9aca72fd5ca5e8d5f5ae511fc9cc5c8da57fe426853c9e6597eb4314fc0ab4a,regex:k_space,E0,0.5,candidate_needs_review,2026-05-16 10:44:25,Automatically extracted observation candidate. Verify against PDF before using as fact.
E-OBS-P0024-band_structure-2-6a276ed193e8387a,P0024,F0024,local_pdf_text_observation,,2,2,,,,,6a276ed193e8387acdad98c380f513d1af4e0ae0ec379c10009c71191c504e18,regex:band_structure,E0,0.48,candidate_needs_review,2026-05-16 10:44:25,Automatically extracted observation candidate. Verify against PDF before using as fact.
E-OBS-P0024-polarization-2-010cb4ecdc5b3308,P0024,F0024,local_pdf_text_observation,,2,2,,,,,010cb4ecdc5b330861735151c19540c49ec0870ab63faf1ea6e89cba3592d7c7,regex:polarization,E0,0.46,candidate_needs_review,2026-05-16 10:44:25,Automatically extracted observation candidate. Verify against PDF before using as fact.
E-OBS-P0024-k_space-3-69761f33ae777026,P0024,F0024,local_pdf_text_observation,,3,3,,,,,69761f33ae777026d15e40a22b5aa96be3cdc06256aa092749b4fdd49b4d9f9b,regex:k_space,E0,0.5,candidate_needs_review,2026-05-16 10:44:25,Automatically extracted observation candidate. Verify against PDF before using as fact.
E-OBS-P0024-k_space-3-9d8c272c48580d87,P0024,F0024,local_pdf_text_observation,,3,3,,,,,9d8c272c48580d877c3371f2b18bac4772c425fea71b2a17c4c1afddf906cba6,regex:k_space,E0,0.5,candidate_needs_review,2026-05-16 10:44:25,Automatically extracted observation candidate. Verify against PDF before using as fact.
E-OBS-P0024-polarization-3-74be34b55c5b8a0f,P0024,F0024,local_pdf_text_observation,,3,3,,,,,74be34b55c5b8a0f2cc63692a811a1e673b1abc4601c8a95c7a31fd426ba28b8,regex:polarization,E0,0.46,candidate_needs_review,2026-05-16 10:44:25,Automatically extracted observation candidate. Verify against PDF before using as fact.
E-OBS-P0024-q_factor-4-5130da907455d99e,P0024,F0024,local_pdf_text_observation,,4,4,,,,,5130da907455d99e9ea2bfc5195dff438f655c25545540a9c386d1faa18d8185,regex:q_factor,E0,0.62,candidate_needs_review,2026-05-16 10:44:25,Automatically extracted observation candidate. Verify against PDF before using as fact.
E-OBS-P0024-q_factor-5-f4a590e06bb24cbd,P0024,F0024,local_pdf_text_observation,,5,5,,,,,f4a590e06bb24cbdb959816363a7b15d65879cebe96a8d8094141d6f6384753e,regex:q_factor,E0,0.62,candidate_needs_review,2026-05-16 10:44:25,Automatically extracted observation candidate. Verify against PDF before using as fact.
E-OBS-P0024-q_factor-5-cb232cc4544f3af9,P0024,F0024,local_pdf_text_observation,,5,5,,,,,cb232cc4544f3af9c3ced6196860994c244d9e14e647141aa9467f25090ba8ce,regex:q_factor,E0,0.62,candidate_needs_review,2026-05-16 10:44:25,Automatically extracted observation candidate. Verify against PDF before using as fact.
E-OBS-P0024-spectrum-5-1e3b57e53ed7a675,P0024,F0024,local_pdf_text_observation,,5,5,,,,,1e3b57e53ed7a675d463f153e4d47f5d3761e0e7a746fb7eeb665b0454e2ec6a,regex:spectrum,E0,0.48,candidate_needs_review,2026-05-16 10:44:25,Automatically extracted observation candidate. Verify against PDF before using as fact.
E-OBS-P0024-polarization-6-a4b487b939c4bc5d,P0024,F0024,local_pdf_text_observation,,6,6,,,,,a4b487b939c4bc5dbc8590415f23c868d2c7f90c62c0f9fe31685a6bb58a8902,regex:polarization,E0,0.46,candidate_needs_review,2026-05-16 10:44:25,Automatically extracted observation candidate. Verify against PDF before using as fact.
E-OBS-P0024-k_space-7-b9bb19118541eaf9,P0024,F0024,local_pdf_text_observation,,7,7,,,,,b9bb19118541eaf9fdb0b3cccdf4d6f94db4d7a878888808bf7b245df9b7d864,regex:k_space,E0,0.5,candidate_needs_review,2026-05-16 10:44:25,Automatically extracted observation candidate. Verify against PDF before using as fact.
E-OBS-P0024-k_space-7-3eb07c59110f0f45,P0024,F0024,local_pdf_text_observation,,7,7,,,,,3eb07c59110f0f45cc1addc308ad790db7d15f213290577d73243a35ad6c6780,regex:k_space,E0,0.5,candidate_needs_review,2026-05-16 10:44:25,Automatically extracted observation candidate. Verify against PDF before using as fact.
E-OBS-P0024-polarization-7-5d39b1a7cfd1d21a,P0024,F0024,local_pdf_text_observation,,7,7,,,,,5d39b1a7cfd1d21a37d5f2eccfd2a3fdab804f5389d86b36b85e7a9ae7a38d18,regex:polarization,E0,0.46,candidate_needs_review,2026-05-16 10:44:25,Automatically extracted observation candidate. Verify against PDF before using as fact.
E-OBS-P0024-polarization-7-a220605fa57e42e2,P0024,F0024,local_pdf_text_observation,,7,7,,,,,a220605fa57e42e2fbd3ab32838262518be4ae0a06d247e5bb9b806d370756d6,regex:polarization,E0,0.46,candidate_needs_review,2026-05-16 10:44:25,Automatically extracted observation candidate. Verify against PDF before using as fact.
E-OBS-P0024-polarization-7-559435ec87297958,P0024,F0024,local_pdf_text_observation,,7,7,,,,,559435ec8729795812007c59b4a0580a3551611477618295136e771f4ee3550d,regex:polarization,E0,0.46,candidate_needs_review,2026-05-16 10:44:25,Automatically extracted observation candidate. Verify against PDF before using as fact.
E-OBS-P0024-polarization-7-89ddeb51454c7539,P0024,F0024,local_pdf_text_observation,,7,7,,,,,89ddeb51454c7539a33d83b0dfd9eb9ff47af7a3bd8d91f7e3ad4450a3388d8d,regex:polarization,E0,0.46,candidate_needs_review,2026-05-16 10:44:25,Automatically extracted observation candidate. Verify against PDF before using as fact.
E-OBS-P0025-material-1-b741e77657521376,P0025,F0025,local_pdf_text_observation,,1,1,,,,,b741e77657521376687ee5c339776b632fa04e05736903a11e551090d2cae518,regex:material,E0,0.42,candidate_needs_review,2026-05-16 10:44:25,Automatically extracted observation candidate. Verify against PDF before using as fact.
E-OBS-P0025-material-1-1ac73e1f9e8a8c53,P0025,F0025,local_pdf_text_observation,,1,1,,,,,1ac73e1f9e8a8c53a7e109b1fae2cfe592c3d96ef620d232f028a530d7e4195f,regex:material,E0,0.42,candidate_needs_review,2026-05-16 10:44:25,Automatically extracted observation candidate. Verify against PDF before using as fact.
E-OBS-P0025-material-1-afb77a76f9a5c95f,P0025,F0025,local_pdf_text_observation,,1,1,,,,,afb77a76f9a5c95f6549d56e33969416ff4b8f8947571de7515f2eef2d1c66f7,regex:material,E0,0.42,candidate_needs_review,2026-05-16 10:44:25,Automatically extracted observation candidate. Verify against PDF before using as fact.
E-OBS-P0025-material-1-fe20c55326802a11,P0025,F0025,local_pdf_text_observation,,1,1,,,,,fe20c55326802a11f307eba01fac37040c17bd7f6e336c56939f99d9ea1c74a4,regex:material,E0,0.42,candidate_needs_review,2026-05-16 10:44:25,Automatically extracted observation candidate. Verify against PDF before using as fact.
E-OBS-P0025-material-1-26e4c42fa6039196,P0025,F0025,local_pdf_text_observation,,1,1,,,,,26e4c42fa60391967d8106641cdac57e73be158c99bb5f73b92e8bcd259f76a5,regex:material,E0,0.42,candidate_needs_review,2026-05-16 10:44:25,Automatically extracted observation candidate. Verify against PDF before using as fact.
E-OBS-P0025-material-1-6a5299c20762bfc5,P0025,F0025,local_pdf_text_observation,,1,1,,,,,6a5299c20762bfc591a7d0ec37ffb2fbc9c47233dd78eaa2d1b13beefe44c9a3,regex:material,E0,0.42,candidate_needs_review,2026-05-16 10:44:25,Automatically extracted observation candidate. Verify against PDF before using as fact.
E-OBS-P0025-band_structure-1-2d878c55def3f040,P0025,F0025,local_pdf_text_observation,,1,1,,,,,2d878c55def3f04023cdd4b194a4fff6b0958e23ba3328bc99e85a1d765da29e,regex:band_structure,E0,0.48,candidate_needs_review,2026-05-16 10:44:25,Automatically extracted observation candidate. Verify against PDF before using as fact.
E-OBS-P0025-band_structure-1-e3e5ba815e29acc2,P0025,F0025,local_pdf_text_observation,,1,1,,,,,e3e5ba815e29acc2d9fefcaba7cf44b1df29b7d0d614f18fb71396aab7a11c04,regex:band_structure,E0,0.48,candidate_needs_review,2026-05-16 10:44:25,Automatically extracted observation candidate. Verify against PDF before using as fact.
E-OBS-P0025-material-2-4cd53d82cd5abe5a,P0025,F0025,local_pdf_text_observation,,2,2,,,,,4cd53d82cd5abe5af28dc3525bdb769ca3d653228bef3868d787fb18c380de0c,regex:material,E0,0.42,candidate_needs_review,2026-05-16 10:44:25,Automatically extracted observation candidate. Verify against PDF before using as fact.
E-OBS-P0025-material-2-4f1888197f5f73c2,P0025,F0025,local_pdf_text_observation,,2,2,,,,,4f1888197f5f73c2c0b059c8bdd1b8a6f7e9cc018a427624a3f0e11a1fc4005e,regex:material,E0,0.42,candidate_needs_review,2026-05-16 10:44:25,Automatically extracted observation candidate. Verify against PDF before using as fact.
E-OBS-P0025-spectrum-3-71bb9ec117ae25bc,P0025,F0025,local_pdf_text_observation,,3,3,,,,,71bb9ec117ae25bcc9e9fbb214b424c97d093789f20a29f12c214e04b4eb2e2f,regex:spectrum,E0,0.48,candidate_needs_review,2026-05-16 10:44:25,Automatically extracted observation candidate. Verify against PDF before using as fact.
E-OBS-P0025-band_structure-5-4e94da14654a872c,P0025,F0025,local_pdf_text_observation,,5,5,,,,,4e94da14654a872c965fee6db7539c115e2904481926eea23598daa1abcd150e,regex:band_structure,E0,0.48,candidate_needs_review,2026-05-16 10:44:25,Automatically extracted observation candidate. Verify against PDF before using as fact.
E-OBS-P0025-q_factor-7-ddb9083622a29e4c,P0025,F0025,local_pdf_text_observation,,7,7,,,,,ddb9083622a29e4c88b602acf7177a2e698a9b40d76a2931ec9d5a0678687fc4,regex:q_factor,E0,0.62,candidate_needs_review,2026-05-16 10:44:25,Automatically extracted observation candidate. Verify against PDF before using as fact.
E-OBS-P0025-q_factor-7-3a16867ce3424273,P0025,F0025,local_pdf_text_observation,,7,7,,,,,3a16867ce3424273f1de17be197dd27820219e917c8c96504bcaed891d9a8e9b,regex:q_factor,E0,0.62,candidate_needs_review,2026-05-16 10:44:25,Automatically extracted observation candidate. Verify against PDF before using as fact.
E-OBS-P0025-q_factor-7-7a5a23c1032be1af,P0025,F0025,local_pdf_text_observation,,7,7,,,,,7a5a23c1032be1afbc823df45548b942257b6012d2069f33176f5914caf70d22,regex:q_factor,E0,0.62,candidate_needs_review,2026-05-16 10:44:25,Automatically extracted observation candidate. Verify against PDF before using as fact.
E-OBS-P0025-band_structure-7-80f846b2a7d7ed47,P0025,F0025,local_pdf_text_observation,,7,7,,,,,80f846b2a7d7ed4745c451d40ca29c4e6ea1261584fdb3f4076376e2cbfb200b,regex:band_structure,E0,0.48,candidate_needs_review,2026-05-16 10:44:25,Automatically extracted observation candidate. Verify against PDF before using as fact.
E-OBS-P0025-q_factor-8-a11a898ae9e3b755,P0025,F0025,local_pdf_text_observation,,8,8,,,,,a11a898ae9e3b7555459fe7da82f8334a34d2edf7f08d9e74bc52eb06ca65155,regex:q_factor,E0,0.62,candidate_needs_review,2026-05-16 10:44:25,Automatically extracted observation candidate. Verify against PDF before using as fact.
E-OBS-P0025-q_factor-8-863f8c2ba5f0ac3a,P0025,F0025,local_pdf_text_observation,,8,8,,,,,863f8c2ba5f0ac3a375157dbd5e6d3430b299e77be50af3ffb5c9eb6bad84e27,regex:q_factor,E0,0.62,candidate_needs_review,2026-05-16 10:44:25,Automatically extracted observation candidate. Verify against PDF before using as fact.
E-OBS-P0026-period-1-10e3d708063cd8c3,P0026,F0026,local_pdf_text_observation,,1,1,,,,,10e3d708063cd8c386c5ee007e4b22d6b8e80aba576052463f339423300094d9,regex:period,E0,0.6,candidate_needs_review,2026-05-16 10:44:25,Automatically extracted observation candidate. Verify against PDF before using as fact.
E-OBS-P0026-period-1-65613c3e816b298f,P0026,F0026,local_pdf_text_observation,,1,1,,,,,65613c3e816b298fabb741d7a17275d061d84a1b9f16ec7008266bb8e43c2e73,regex:period,E0,0.6,candidate_needs_review,2026-05-16 10:44:25,Automatically extracted observation candidate. Verify against PDF before using as fact.
E-OBS-P0026-material-1-6625a28fb8fd629c,P0026,F0026,local_pdf_text_observation,,1,1,,,,,6625a28fb8fd629c642fe1f34376757cba35b9fd2e0dea58a9884863d786eb0b,regex:material,E0,0.42,candidate_needs_review,2026-05-16 10:44:25,Automatically extracted observation candidate. Verify against PDF before using as fact.
E-OBS-P0026-material-1-c43d37b7cc433d78,P0026,F0026,local_pdf_text_observation,,1,1,,,,,c43d37b7cc433d783b0746c545c3a1b56bfa3f82a747964bf92f2e9b518b1676,regex:material,E0,0.42,candidate_needs_review,2026-05-16 10:44:25,Automatically extracted observation candidate. Verify against PDF before using as fact.
E-OBS-P0026-material-1-a41218f900c1f4dd,P0026,F0026,local_pdf_text_observation,,1,1,,,,,a41218f900c1f4dd398e6d75e1426df309d829be66a1885b70c11d411c28b12a,regex:material,E0,0.42,candidate_needs_review,2026-05-16 10:44:25,Automatically extracted observation candidate. Verify against PDF before using as fact.
E-OBS-P0026-material-1-f980463b83cbc0e3,P0026,F0026,local_pdf_text_observation,,1,1,,,,,f980463b83cbc0e3d629c588a58d2e9a90ba29332622ba2c64f8e7d77a715fa6,regex:material,E0,0.42,candidate_needs_review,2026-05-16 10:44:25,Automatically extracted observation candidate. Verify against PDF before using as fact.
E-OBS-P0026-material-1-b92f0dae2edc3984,P0026,F0026,local_pdf_text_observation,,1,1,,,,,b92f0dae2edc3984523dbb8dc42455e04f931d4d1240c40e8e7bc9d60be4127d,regex:material,E0,0.42,candidate_needs_review,2026-05-16 10:44:25,Automatically extracted observation candidate. Verify against PDF before using as fact.
E-OBS-P0026-material-1-06c198bab7274895,P0026,F0026,local_pdf_text_observation,,1,1,,,,,06c198bab7274895251106ecde7bf9994ba177ca6387889930f052df8195d1e0,regex:material,E0,0.42,candidate_needs_review,2026-05-16 10:44:25,Automatically extracted observation candidate. Verify against PDF before using as fact.
E-OBS-P0026-material-1-b8e1e33c4dd04453,P0026,F0026,local_pdf_text_observation,,1,1,,,,,b8e1e33c4dd04453570b82c096cafe682c5c77c5f73ed3fa25d8eed018264f20,regex:material,E0,0.42,candidate_needs_review,2026-05-16 10:44:25,Automatically extracted observation candidate. Verify against PDF before using as fact.
E-OBS-P0026-material-1-1f0971948db55b8d,P0026,F0026,local_pdf_text_observation,,1,1,,,,,1f0971948db55b8d5d45bd464430b3c3d93fbdfb84fdfadea592f538471c07fe,regex:material,E0,0.42,candidate_needs_review,2026-05-16 10:44:25,Automatically extracted observation candidate. Verify against PDF before using as fact.
E-OBS-P0026-band_structure-1-bf603f472c5f0d47,P0026,F0026,local_pdf_text_observation,,1,1,,,,,bf603f472c5f0d4736165684e69893420096a0a025de668871faa559fc63c1b0,regex:band_structure,E0,0.48,candidate_needs_review,2026-05-16 10:44:25,Automatically extracted observation candidate. Verify against PDF before using as fact.
E-OBS-P0026-band_structure-1-4f3de425b2676430,P0026,F0026,local_pdf_text_observation,,1,1,,,,,4f3de425b2676430ee7d2e8927660c703c25fc6101eaa427a45cc453cb3a1c9e,regex:band_structure,E0,0.48,candidate_needs_review,2026-05-16 10:44:25,Automatically extracted observation candidate. Verify against PDF before using as fact.
E-OBS-P0026-band_structure-1-d9705c6d75566a39,P0026,F0026,local_pdf_text_observation,,1,1,,,,,d9705c6d75566a3966e602c0d48e9a184cf1bc6395d809f146fafb50e6df14d0,regex:band_structure,E0,0.48,candidate_needs_review,2026-05-16 10:44:25,Automatically extracted observation candidate. Verify against PDF before using as fact.
E-OBS-P0026-band_structure-1-0f1d26f5bd2b9eae,P0026,F0026,local_pdf_text_observation,,1,1,,,,,0f1d26f5bd2b9eaef9dcffc1be92ad8d2fd11971162d8568784cbeb68ffbb085,regex:band_structure,E0,0.48,candidate_needs_review,2026-05-16 10:44:25,Automatically extracted observation candidate. Verify against PDF before using as fact.
E-OBS-P0026-period-2-d0bceef96f9b9c5d,P0026,F0026,local_pdf_text_observation,,2,2,,,,,d0bceef96f9b9c5d75a21e4cea72b52ecca6d645f3cede716e26c0c19611973c,regex:period,E0,0.6,candidate_needs_review,2026-05-16 10:44:25,Automatically extracted observation candidate. Verify against PDF before using as fact.
E-OBS-P0026-thickness-2-f09ba939fa8c1b11,P0026,F0026,local_pdf_text_observation,,2,2,,,,,f09ba939fa8c1b11f01f347e898b4a848b2a282e8462aec2522703af03f7bfc7,regex:thickness,E0,0.58,candidate_needs_review,2026-05-16 10:44:25,Automatically extracted observation candidate. Verify against PDF before using as fact.
E-OBS-P0026-diameter-2-f06169cc83dd1b60,P0026,F0026,local_pdf_text_observation,,2,2,,,,,f06169cc83dd1b60ecbb1e4cfb36f649c92250684e568bd2f26c4881935e0cba,regex:diameter,E0,0.45,candidate_needs_review,2026-05-16 10:44:25,Automatically extracted observation candidate. Verify against PDF before using as fact.
E-OBS-P0026-band_structure-2-5ed04618c2d3b27c,P0026,F0026,local_pdf_text_observation,,2,2,,,,,5ed04618c2d3b27cba1dab2f38e6fad50f61f2de123e59ca49bab644fb275b1d,regex:band_structure,E0,0.48,candidate_needs_review,2026-05-16 10:44:25,Automatically extracted observation candidate. Verify against PDF before using as fact.
E-OBS-P0026-band_structure-3-8695109ac0f1ac0b,P0026,F0026,local_pdf_text_observation,,3,3,,,,,8695109ac0f1ac0b85c959174d999ea63e7163c6876d40419c32f443fa9f4e77,regex:band_structure,E0,0.48,candidate_needs_review,2026-05-16 10:44:25,Automatically extracted observation candidate. Verify against PDF before using as fact.
E-OBS-P0026-polarization-3-eac8761a7c3380b9,P0026,F0026,local_pdf_text_observation,,3,3,,,,,eac8761a7c3380b98f0bea35d669f1ed719fd9cba33a98e5e17fbf6f65c754d6,regex:polarization,E0,0.46,candidate_needs_review,2026-05-16 10:44:25,Automatically extracted observation candidate. Verify against PDF before using as fact.
E-OBS-P0026-band_structure-4-f72ff461c24e44c4,P0026,F0026,local_pdf_text_observation,,4,4,,,,,f72ff461c24e44c4093f9b2e84d2aea5aa5b6bda74ab097d470e573bfd8e18d5,regex:band_structure,E0,0.48,candidate_needs_review,2026-05-16 10:44:25,Automatically extracted observation candidate. Verify against PDF before using as fact.
E-OBS-P0026-band_structure-4-46002e2db866d124,P0026,F0026,local_pdf_text_observation,,4,4,,,,,46002e2db866d12447ab53f92501e6e98f57dfe54c879c2fcba53dbfa75c1ea6,regex:band_structure,E0,0.48,candidate_needs_review,2026-05-16 10:44:25,Automatically extracted observation candidate. Verify against PDF before using as fact.
E-OBS-P0027-material-1-cf72444eafce3a9e,P0027,F0027,local_pdf_text_observation,,1,1,,,,,cf72444eafce3a9ed2b19291555cc040fca56292227473561c55a7614e4f137d,regex:material,E0,0.42,candidate_needs_review,2026-05-16 10:44:26,Automatically extracted observation candidate. Verify against PDF before using as fact.
E-OBS-P0027-polarization-1-447492ac902a09e6,P0027,F0027,local_pdf_text_observation,,1,1,,,,,447492ac902a09e6117306cfadd29b843d82f705de86d26476ef6ef9e5cf6bd7,regex:polarization,E0,0.46,candidate_needs_review,2026-05-16 10:44:26,Automatically extracted observation candidate. Verify against PDF before using as fact.
E-OBS-P0027-polarization-1-408ed6c0649e6c28,P0027,F0027,local_pdf_text_observation,,1,1,,,,,408ed6c0649e6c284c2a0c439b594119beb487b43b952070fa55ce2136ae2e0b,regex:polarization,E0,0.46,candidate_needs_review,2026-05-16 10:44:26,Automatically extracted observation candidate. Verify against PDF before using as fact.
E-OBS-P0027-k_space-2-a20e9d3216cf7e1b,P0027,F0027,local_pdf_text_observation,,2,2,,,,,a20e9d3216cf7e1be95a192314c66ffc71057c6a9faf57808154ff48e0df14a2,regex:k_space,E0,0.5,candidate_needs_review,2026-05-16 10:44:26,Automatically extracted observation candidate. Verify against PDF before using as fact.
E-OBS-P0027-material-3-4587a331c4af712b,P0027,F0027,local_pdf_text_observation,,3,3,,,,,4587a331c4af712b2517bcfbe78b15ce686ff6d567547b0b32eb3b098497c5e0,regex:material,E0,0.42,candidate_needs_review,2026-05-16 10:44:26,Automatically extracted observation candidate. Verify against PDF before using as fact.
E-OBS-P0027-band_structure-3-ab90a3d18d630381,P0027,F0027,local_pdf_text_observation,,3,3,,,,,ab90a3d18d6303816934efa36387df7fdde4c00da6f49f7fc5d9726f2de1e11a,regex:band_structure,E0,0.48,candidate_needs_review,2026-05-16 10:44:26,Automatically extracted observation candidate. Verify against PDF before using as fact.
E-OBS-P0027-band_structure-3-0e761fe5634bbf95,P0027,F0027,local_pdf_text_observation,,3,3,,,,,0e761fe5634bbf9562839d34f8ee9108eb1c8cccab980c5c783aa2936b4c8458,regex:band_structure,E0,0.48,candidate_needs_review,2026-05-16 10:44:26,Automatically extracted observation candidate. Verify against PDF before using as fact.
E-OBS-P0027-polarization-4-25a32d97a7309ea8,P0027,F0027,local_pdf_text_observation,,4,4,,,,,25a32d97a7309ea877ffd96554d8ef074ad27e6b12b031e91a10f4df1c928542,regex:polarization,E0,0.46,candidate_needs_review,2026-05-16 10:44:26,Automatically extracted observation candidate. Verify against PDF before using as fact.
E-OBS-P0027-polarization-4-44688578c7ccfbdd,P0027,F0027,local_pdf_text_observation,,4,4,,,,,44688578c7ccfbdd069d3cf295f1aad5bdf76399055ece30f3462be0c55e8884,regex:polarization,E0,0.46,candidate_needs_review,2026-05-16 10:44:26,Automatically extracted observation candidate. Verify against PDF before using as fact.
E-OBS-P0028-k_space-1-63151c8648f17a6d,P0028,F0028,local_pdf_text_observation,,1,1,,,,,63151c8648f17a6d724fd5538088b05809bc057a25e613b2115f658c7ca26e32,regex:k_space,E0,0.5,candidate_needs_review,2026-05-16 10:44:26,Automatically extracted observation candidate. Verify against PDF before using as fact.
E-OBS-P0028-material-2-0ca1202c70e97e9d,P0028,F0028,local_pdf_text_observation,,2,2,,,,,0ca1202c70e97e9d6214c9b00e5af07f25103ad94a4de059cd541da423ce1b58,regex:material,E0,0.42,candidate_needs_review,2026-05-16 10:44:26,Automatically extracted observation candidate. Verify against PDF before using as fact.
E-OBS-P0028-material-2-4da023c922ce6504,P0028,F0028,local_pdf_text_observation,,2,2,,,,,4da023c922ce6504ea872b99dae187f27ff156b61315a8e514c0117c85e53b48,regex:material,E0,0.42,candidate_needs_review,2026-05-16 10:44:26,Automatically extracted observation candidate. Verify against PDF before using as fact.
E-OBS-P0028-material-2-3c4f9d41c56509e7,P0028,F0028,local_pdf_text_observation,,2,2,,,,,3c4f9d41c56509e733c085b87460dd55897fb33fdfa3c311e71b31e14084e3ae,regex:material,E0,0.42,candidate_needs_review,2026-05-16 10:44:26,Automatically extracted observation candidate. Verify against PDF before using as fact.
E-OBS-P0028-material-2-3788ed2790b33cf0,P0028,F0028,local_pdf_text_observation,,2,2,,,,,3788ed2790b33cf053890f7de12d52380ae99e0f4a30594302ce990bc949ec53,regex:material,E0,0.42,candidate_needs_review,2026-05-16 10:44:26,Automatically extracted observation candidate. Verify against PDF before using as fact.
E-OBS-P0028-material-2-0324eccaab102b4d,P0028,F0028,local_pdf_text_observation,,2,2,,,,,0324eccaab102b4df675f6afa8fb40226f41a5e963220c868b63ef58b0f0e0b9,regex:material,E0,0.42,candidate_needs_review,2026-05-16 10:44:26,Automatically extracted observation candidate. Verify against PDF before using as fact.
E-OBS-P0028-material-2-91f00987f9d04fd5,P0028,F0028,local_pdf_text_observation,,2,2,,,,,91f00987f9d04fd58740ef8537da5dd7fbe00bd3f57d87bf6b856cd8a516bd2b,regex:material,E0,0.42,candidate_needs_review,2026-05-16 10:44:26,Automatically extracted observation candidate. Verify against PDF before using as fact.
E-OBS-P0028-material-2-5774fa58d75e1c4d,P0028,F0028,local_pdf_text_observation,,2,2,,,,,5774fa58d75e1c4db17379ea28a24c56e8cecc5a06a4484ec69630b381fbddc3,regex:material,E0,0.42,candidate_needs_review,2026-05-16 10:44:26,Automatically extracted observation candidate. Verify against PDF before using as fact.
E-OBS-P0028-material-2-7441d1ed8ddf0229,P0028,F0028,local_pdf_text_observation,,2,2,,,,,7441d1ed8ddf0229ceecebf7021f2e7aece7088a3c2ad55a9880a3b5c1f66eef,regex:material,E0,0.42,candidate_needs_review,2026-05-16 10:44:26,Automatically extracted observation candidate. Verify against PDF before using as fact.
E-OBS-P0028-k_space-2-a2b3a69604df2f94,P0028,F0028,local_pdf_text_observation,,2,2,,,,,a2b3a69604df2f94013c243b9f1bb2d131cc283895786c555d4c20b3cf2d1e24,regex:k_space,E0,0.5,candidate_needs_review,2026-05-16 10:44:26,Automatically extracted observation candidate. Verify against PDF before using as fact.
E-OBS-P0028-band_structure-2-57ad74bac518093a,P0028,F0028,local_pdf_text_observation,,2,2,,,,,57ad74bac518093a686f33aa3405bc132e38e07c78a2193ece3155085cc2997b,regex:band_structure,E0,0.48,candidate_needs_review,2026-05-16 10:44:26,Automatically extracted observation candidate. Verify against PDF before using as fact.
E-OBS-P0028-band_structure-2-dfdc190bdba80e30,P0028,F0028,local_pdf_text_observation,,2,2,,,,,dfdc190bdba80e30d9f628419f2728b5aa3c976ac1ea6f4bcfa824f9b827df27,regex:band_structure,E0,0.48,candidate_needs_review,2026-05-16 10:44:26,Automatically extracted observation candidate. Verify against PDF before using as fact.
E-OBS-P0028-k_space-4-37640c711021a710,P0028,F0028,local_pdf_text_observation,,4,4,,,,,37640c711021a7109690e1cec719fa291b6ba25e87b55ea3711903cba347e505,regex:k_space,E0,0.5,candidate_needs_review,2026-05-16 10:44:26,Automatically extracted observation candidate. Verify against PDF before using as fact.
E-OBS-P0028-k_space-4-2fbf6dfc45ad2b64,P0028,F0028,local_pdf_text_observation,,4,4,,,,,2fbf6dfc45ad2b64599386cca9107ecf717f79b7f2749ed87d7e274ab342736a,regex:k_space,E0,0.5,candidate_needs_review,2026-05-16 10:44:26,Automatically extracted observation candidate. Verify against PDF before using as fact.
E-OBS-P0029-band_structure-1-def6640dcb6dd816,P0029,F0029,local_pdf_text_observation,,1,1,,,,,def6640dcb6dd816b16d06c434422fe44b46fc2ea27ed17d7f90c85ca2a68e55,regex:band_structure,E0,0.48,candidate_needs_review,2026-05-16 10:44:26,Automatically extracted observation candidate. Verify against PDF before using as fact.
E-OBS-P0029-band_structure-1-5a7c876d61fc28a3,P0029,F0029,local_pdf_text_observation,,1,1,,,,,5a7c876d61fc28a31dfb8d2c76f2602d0709bdc73461c22c2ef2287221854d6a,regex:band_structure,E0,0.48,candidate_needs_review,2026-05-16 10:44:26,Automatically extracted observation candidate. Verify against PDF before using as fact.
E-OBS-P0029-band_structure-1-f0fc4975c84543dd,P0029,F0029,local_pdf_text_observation,,1,1,,,,,f0fc4975c84543dd3f50c243888a63cac926413ea92927c36180c573830d3775,regex:band_structure,E0,0.48,candidate_needs_review,2026-05-16 10:44:26,Automatically extracted observation candidate. Verify against PDF before using as fact.
E-OBS-P0029-band_structure-1-e2fbd0f566b25a06,P0029,F0029,local_pdf_text_observation,,1,1,,,,,e2fbd0f566b25a06fe25ce33fb5718a2316ac5825291ffaba39c783efff3796d,regex:band_structure,E0,0.48,candidate_needs_review,2026-05-16 10:44:26,Automatically extracted observation candidate. Verify against PDF before using as fact.
E-OBS-P0029-band_structure-1-42221ce6796695fb,P0029,F0029,local_pdf_text_observation,,1,1,,,,,42221ce6796695fb08d07a070de31a0ff779ccf82105268d032f64b3d94bf391,regex:band_structure,E0,0.48,candidate_needs_review,2026-05-16 10:44:26,Automatically extracted observation candidate. Verify against PDF before using as fact.
E-OBS-P0029-polarization-1-a7a4943b21605e7f,P0029,F0029,local_pdf_text_observation,,1,1,,,,,a7a4943b21605e7f6f5232aae99cedc04f1661e5786977a50c096937ca655825,regex:polarization,E0,0.46,candidate_needs_review,2026-05-16 10:44:26,Automatically extracted observation candidate. Verify against PDF before using as fact.
E-OBS-P0029-polarization-1-bea3df2dfef43b8e,P0029,F0029,local_pdf_text_observation,,1,1,,,,,bea3df2dfef43b8e615ab70f134fcb678a1ef76e5cf24bd781d091121cf7d583,regex:polarization,E0,0.46,candidate_needs_review,2026-05-16 10:44:26,Automatically extracted observation candidate. Verify against PDF before using as fact.
E-OBS-P0029-material-2-bd481f8cff38da6b,P0029,F0029,local_pdf_text_observation,,2,2,,,,,bd481f8cff38da6b0c3aefb9ad56a14e0f771200408e4c495c7449978db42ce7,regex:material,E0,0.42,candidate_needs_review,2026-05-16 10:44:26,Automatically extracted observation candidate. Verify against PDF before using as fact.
E-OBS-P0029-material-2-68127087b3399719,P0029,F0029,local_pdf_text_observation,,2,2,,,,,68127087b33997199615b81471691645e8e2434221d39a8d0a60073563030d59,regex:material,E0,0.42,candidate_needs_review,2026-05-16 10:44:26,Automatically extracted observation candidate. Verify against PDF before using as fact.
E-OBS-P0029-band_structure-2-9ceb3e4275fb5438,P0029,F0029,local_pdf_text_observation,,2,2,,,,,9ceb3e4275fb5438057eb726d8eb56a89e7116809ff64314ec0a113fd4b7085e,regex:band_structure,E0,0.48,candidate_needs_review,2026-05-16 10:44:26,Automatically extracted observation candidate. Verify against PDF before using as fact.
E-OBS-P0029-band_structure-2-e5e197abfc77aaee,P0029,F0029,local_pdf_text_observation,,2,2,,,,,e5e197abfc77aaeebc5a97bf29b70ed731e196183ae0972affccabb8a7bf5b0b,regex:band_structure,E0,0.48,candidate_needs_review,2026-05-16 10:44:26,Automatically extracted observation candidate. Verify against PDF before using as fact.
E-OBS-P0029-material-3-225cff204716d0bf,P0029,F0029,local_pdf_text_observation,,3,3,,,,,225cff204716d0bfb6f8e835ef709d87a1e8d4aeaff5357610fff0d84a303769,regex:material,E0,0.42,candidate_needs_review,2026-05-16 10:44:26,Automatically extracted observation candidate. Verify against PDF before using as fact.
E-OBS-P0029-material-3-afd47ad37ce2ae21,P0029,F0029,local_pdf_text_observation,,3,3,,,,,afd47ad37ce2ae218dacac4e07dd175699d857a56b5e258de361daea0511f64a,regex:material,E0,0.42,candidate_needs_review,2026-05-16 10:44:26,Automatically extracted observation candidate. Verify against PDF before using as fact.
E-OBS-P0029-material-3-f3e576a6cd7eb6f1,P0029,F0029,local_pdf_text_observation,,3,3,,,,,f3e576a6cd7eb6f11cd9a990519db1ea906cc6180c939debb25936c8d5aae4b9,regex:material,E0,0.42,candidate_needs_review,2026-05-16 10:44:26,Automatically extracted observation candidate. Verify against PDF before using as fact.
E-OBS-P0029-material-3-ef6b4d6fdf95f439,P0029,F0029,local_pdf_text_observation,,3,3,,,,,ef6b4d6fdf95f439359ae473088ab5cc3206a6739af916bf926d5de2f978ad1a,regex:material,E0,0.42,candidate_needs_review,2026-05-16 10:44:26,Automatically extracted observation candidate. Verify against PDF before using as fact.
E-OBS-P0029-material-3-89b8444d5ca65694,P0029,F0029,local_pdf_text_observation,,3,3,,,,,89b8444d5ca65694122192141e340a60bc1fc77171febf4d0266b1037fc9dcbc,regex:material,E0,0.42,candidate_needs_review,2026-05-16 10:44:26,Automatically extracted observation candidate. Verify against PDF before using as fact.
E-OBS-P0029-material-3-734ab3c8065774ac,P0029,F0029,local_pdf_text_observation,,3,3,,,,,734ab3c8065774ac873c5d8ca94d0661a9186e4de57b7cd150be5db6ad83a1cd,regex:material,E0,0.42,candidate_needs_review,2026-05-16 10:44:26,Automatically extracted observation candidate. Verify against PDF before using as fact.
E-OBS-P0029-polarization-3-b30a9adc08293cae,P0029,F0029,local_pdf_text_observation,,3,3,,,,,b30a9adc08293caec8c66d885c48608c9831b2ab4c39d6215ca188e095681bd3,regex:polarization,E0,0.46,candidate_needs_review,2026-05-16 10:44:26,Automatically extracted observation candidate. Verify against PDF before using as fact.
E-OBS-P0029-polarization-3-b3118aed091e9e96,P0029,F0029,local_pdf_text_observation,,3,3,,,,,b3118aed091e9e9621a7c8bfe7ad655659cd40abe6943a9b040e550e40cb0fff,regex:polarization,E0,0.46,candidate_needs_review,2026-05-16 10:44:26,Automatically extracted observation candidate. Verify against PDF before using as fact.
E-OBS-P0029-band_structure-5-b11bb7707a2a242d,P0029,F0029,local_pdf_text_observation,,5,5,,,,,b11bb7707a2a242dbe6a826f396fc6230d1436171003bd59313a3ffd56b52430,regex:band_structure,E0,0.48,candidate_needs_review,2026-05-16 10:44:26,Automatically extracted observation candidate. Verify against PDF before using as fact.
E-OBS-P0030-material-1-02232214348f805a,P0030,F0030,local_pdf_text_observation,,1,1,,,,,02232214348f805aa98ff209d192ac2f0f874822e8296bab51ea4a00ad076b2e,regex:material,E0,0.42,candidate_needs_review,2026-05-16 10:44:26,Automatically extracted observation candidate. Verify against PDF before using as fact.
E-OBS-P0030-material-1-6757bbc866e3032f,P0030,F0030,local_pdf_text_observation,,1,1,,,,,6757bbc866e3032ff2529928746c6d124e1740e85d8761cfde6b003dd6620f71,regex:material,E0,0.42,candidate_needs_review,2026-05-16 10:44:26,Automatically extracted observation candidate. Verify against PDF before using as fact.
E-OBS-P0030-band_structure-1-1a9551fdf93c47cc,P0030,F0030,local_pdf_text_observation,,1,1,,,,,1a9551fdf93c47cce0c2e69980889b88fc5d46ce2a4ecce105dbc63b3114c904,regex:band_structure,E0,0.48,candidate_needs_review,2026-05-16 10:44:26,Automatically extracted observation candidate. Verify against PDF before using as fact.
E-OBS-P0030-spectrum-1-ed06c1966ad3ad4a,P0030,F0030,local_pdf_text_observation,,1,1,,,,,ed06c1966ad3ad4a6d52124a8c0391eeccdea425af22bcade359a8f3dc491588,regex:spectrum,E0,0.48,candidate_needs_review,2026-05-16 10:44:26,Automatically extracted observation candidate. Verify against PDF before using as fact.
E-OBS-P0030-spectrum-1-8fdba80c334784c1,P0030,F0030,local_pdf_text_observation,,1,1,,,,,8fdba80c334784c1c92029577e8bf7ef9a2ee66a100a2f5e85101397d2c63224,regex:spectrum,E0,0.48,candidate_needs_review,2026-05-16 10:44:26,Automatically extracted observation candidate. Verify against PDF before using as fact.
E-OBS-P0030-spectrum-1-33375a7c2a3dc19a,P0030,F0030,local_pdf_text_observation,,1,1,,,,,33375a7c2a3dc19adcf724eca0a123abe5f8b698163480b6cd13831f8d20025c,regex:spectrum,E0,0.48,candidate_needs_review,2026-05-16 10:44:26,Automatically extracted observation candidate. Verify against PDF before using as fact.
E-OBS-P0030-spectrum-1-aa1cd179ea885e15,P0030,F0030,local_pdf_text_observation,,1,1,,,,,aa1cd179ea885e15a82c69d7649b93813b8aea274f78bf420abf944722c206b6,regex:spectrum,E0,0.48,candidate_needs_review,2026-05-16 10:44:26,Automatically extracted observation candidate. Verify against PDF before using as fact.
E-OBS-P0030-polarization-1-d50a59553c8eef46,P0030,F0030,local_pdf_text_observation,,1,1,,,,,d50a59553c8eef46b0ab4ba72200a49dbabce9ec8453ffd834ce81ab2a1c5569,regex:polarization,E0,0.46,candidate_needs_review,2026-05-16 10:44:26,Automatically extracted observation candidate. Verify against PDF before using as fact.
E-OBS-P0030-polarization-1-b1d8b19a913feb54,P0030,F0030,local_pdf_text_observation,,1,1,,,,,b1d8b19a913feb54c48e4c0b9b7999388d010ffbefc13fb0c80a975e70c93c41,regex:polarization,E0,0.46,candidate_needs_review,2026-05-16 10:44:26,Automatically extracted observation candidate. Verify against PDF before using as fact.
E-OBS-P0030-polarization-1-a8d6372822881fc1,P0030,F0030,local_pdf_text_observation,,1,1,,,,,a8d6372822881fc1d3ca0f9db9c7ae3de7a7fcbf8229e7df73c36141c86b6505,regex:polarization,E0,0.46,candidate_needs_review,2026-05-16 10:44:26,Automatically extracted observation candidate. Verify against PDF before using as fact.
E-OBS-P0030-polarization-1-c9c535e619823be7,P0030,F0030,local_pdf_text_observation,,1,1,,,,,c9c535e619823be71b72b1b7dc088f286ad29f8ce105b7b805c6335741091278,regex:polarization,E0,0.46,candidate_needs_review,2026-05-16 10:44:26,Automatically extracted observation candidate. Verify against PDF before using as fact.
E-OBS-P0030-polarization-1-f4dc16ae526163b7,P0030,F0030,local_pdf_text_observation,,1,1,,,,,f4dc16ae526163b7d696253608f5209b7926aca18600928273d7f291ed44ff5c,regex:polarization,E0,0.46,candidate_needs_review,2026-05-16 10:44:26,Automatically extracted observation candidate. Verify against PDF before using as fact.
E-OBS-P0030-k_space-2-9e053b2849fa4e47,P0030,F0030,local_pdf_text_observation,,2,2,,,,,9e053b2849fa4e474cc0359d2541562e7644a49cb0908679d37f308bfaf34956,regex:k_space,E0,0.5,candidate_needs_review,2026-05-16 10:44:26,Automatically extracted observation candidate. Verify against PDF before using as fact.
E-OBS-P0030-k_space-2-7e7660cd501a2191,P0030,F0030,local_pdf_text_observation,,2,2,,,,,7e7660cd501a2191da202f257aae20c22642ea338a0b0c2816f02f029b9f52b3,regex:k_space,E0,0.5,candidate_needs_review,2026-05-16 10:44:26,Automatically extracted observation candidate. Verify against PDF before using as fact.
E-OBS-P0030-k_space-2-817573ea73abeaec,P0030,F0030,local_pdf_text_observation,,2,2,,,,,817573ea73abeaec5a680f8691450b9542a70346a4b04193f3c4ea8d3343f64f,regex:k_space,E0,0.5,candidate_needs_review,2026-05-16 10:44:26,Automatically extracted observation candidate. Verify against PDF before using as fact.
E-OBS-P0030-k_space-2-cf9684c76883d5d8,P0030,F0030,local_pdf_text_observation,,2,2,,,,,cf9684c76883d5d88a2dc1dbed637d21585dbf30c8694e7d8d3982007cbea578,regex:k_space,E0,0.5,candidate_needs_review,2026-05-16 10:44:26,Automatically extracted observation candidate. Verify against PDF before using as fact.
E-OBS-P0030-k_space-2-4745b8800952947f,P0030,F0030,local_pdf_text_observation,,2,2,,,,,4745b8800952947fadbebab172481b47fb06acc69b0c68fff84f03da41ce1a99,regex:k_space,E0,0.5,candidate_needs_review,2026-05-16 10:44:26,Automatically extracted observation candidate. Verify against PDF before using as fact.
E-OBS-P0030-k_space-2-c5f9cbbdf5861a0c,P0030,F0030,local_pdf_text_observation,,2,2,,,,,c5f9cbbdf5861a0c4428432540aaeb0ff406ddbaa27bb40532a520d438f7f980,regex:k_space,E0,0.5,candidate_needs_review,2026-05-16 10:44:26,Automatically extracted observation candidate. Verify against PDF before using as fact.
E-OBS-P0030-k_space-2-e7907ce45e1d82f1,P0030,F0030,local_pdf_text_observation,,2,2,,,,,e7907ce45e1d82f10e17ae485d1e2c0a3b1bd31698dbb8e0e65e471bf4307e02,regex:k_space,E0,0.5,candidate_needs_review,2026-05-16 10:44:26,Automatically extracted observation candidate. Verify against PDF before using as fact.
E-OBS-P0030-k_space-2-aa8de2f82b03263b,P0030,F0030,local_pdf_text_observation,,2,2,,,,,aa8de2f82b03263be04fb66258abf9a70b8c99bc431a8ad92c251104887bdaf9,regex:k_space,E0,0.5,candidate_needs_review,2026-05-16 10:44:26,Automatically extracted observation candidate. Verify against PDF before using as fact.
E-OBS-P0030-spectrum-2-994cf1ddf7eb2a43,P0030,F0030,local_pdf_text_observation,,2,2,,,,,994cf1ddf7eb2a43236dac303fe1a6686e72ec7cd28e4d1da525c30f97d58ef8,regex:spectrum,E0,0.48,candidate_needs_review,2026-05-16 10:44:26,Automatically extracted observation candidate. Verify against PDF before using as fact.
E-OBS-P0030-spectrum-2-9c7e1a38b15fbe01,P0030,F0030,local_pdf_text_observation,,2,2,,,,,9c7e1a38b15fbe014a8b2105e27532e410285736ebfd53943e04b04b39600421,regex:spectrum,E0,0.48,candidate_needs_review,2026-05-16 10:44:26,Automatically extracted observation candidate. Verify against PDF before using as fact.
E-OBS-P0030-spectrum-2-8ebab9a055cfc826,P0030,F0030,local_pdf_text_observation,,2,2,,,,,8ebab9a055cfc8263087516302a156b9401e8856b2a38eb0fec733c1a3c5a9c2,regex:spectrum,E0,0.48,candidate_needs_review,2026-05-16 10:44:26,Automatically extracted observation candidate. Verify against PDF before using as fact.
E-OBS-P0030-spectrum-2-7b3ebbecd11b9144,P0030,F0030,local_pdf_text_observation,,2,2,,,,,7b3ebbecd11b9144f8c8acfcfd1d11bbabed1f4a3697c960dd537efa1596097f,regex:spectrum,E0,0.48,candidate_needs_review,2026-05-16 10:44:26,Automatically extracted observation candidate. Verify against PDF before using as fact.
E-OBS-P0030-polarization-2-8d060376154b4fe4,P0030,F0030,local_pdf_text_observation,,2,2,,,,,8d060376154b4fe436a8838397d9e6d4147f650dde2a3e4d92648f7d8c6f8dd3,regex:polarization,E0,0.46,candidate_needs_review,2026-05-16 10:44:26,Automatically extracted observation candidate. Verify against PDF before using as fact.
E-OBS-P0030-polarization-2-d029ba487369c8d5,P0030,F0030,local_pdf_text_observation,,2,2,,,,,d029ba487369c8d5bb14b0a9323cb398bc4a1463057bd75f64464b9ab4aa0063,regex:polarization,E0,0.46,candidate_needs_review,2026-05-16 10:44:26,Automatically extracted observation candidate. Verify against PDF before using as fact.
E-OBS-P0030-polarization-2-d1e6398e6ade48a4,P0030,F0030,local_pdf_text_observation,,2,2,,,,,d1e6398e6ade48a446cc7f4aeb655342fd3f9b8d8f6cbe43adebe9511ea09d07,regex:polarization,E0,0.46,candidate_needs_review,2026-05-16 10:44:26,Automatically extracted observation candidate. Verify against PDF before using as fact.
E-OBS-P0030-material-3-05508d5bece0e905,P0030,F0030,local_pdf_text_observation,,3,3,,,,,05508d5bece0e9058908436f32d1427777bf16c50968e8216cd0de6fff20ecf8,regex:material,E0,0.42,candidate_needs_review,2026-05-16 10:44:26,Automatically extracted observation candidate. Verify against PDF before using as fact.
E-OBS-P0030-band_structure-3-868d704dbf91d218,P0030,F0030,local_pdf_text_observation,,3,3,,,,,868d704dbf91d218cb096985f44e89bd1a1917435477b6542e184e560d69b5a6,regex:band_structure,E0,0.48,candidate_needs_review,2026-05-16 10:44:26,Automatically extracted observation candidate. Verify against PDF before using as fact.
E-OBS-P0030-band_structure-4-2634f012e8658e6a,P0030,F0030,local_pdf_text_observation,,4,4,,,,,2634f012e8658e6a582e2495134a11ab54b750e24699001e46ab8bec560294d8,regex:band_structure,E0,0.48,candidate_needs_review,2026-05-16 10:44:26,Automatically extracted observation candidate. Verify against PDF before using as fact.
E-OBS-P0030-band_structure-4-e78db931998254a8,P0030,F0030,local_pdf_text_observation,,4,4,,,,,e78db931998254a88866590e368dab384bf75f692285170174fc8fe01b9921fc,regex:band_structure,E0,0.48,candidate_needs_review,2026-05-16 10:44:26,Automatically extracted observation candidate. Verify against PDF before using as fact.
E-OBS-P0031-q_factor-1-769aea2e66bb58d4,P0031,F0031,local_pdf_text_observation,,1,1,,,,,769aea2e66bb58d4fbd777d8ffde09450753f94747cbca5bc9a2f0de9bcaa715,regex:q_factor,E0,0.62,candidate_needs_review,2026-05-16 10:44:26,Automatically extracted observation candidate. Verify against PDF before using as fact.
E-OBS-P0031-k_space-1-4a2f4ebf3b1bac30,P0031,F0031,local_pdf_text_observation,,1,1,,,,,4a2f4ebf3b1bac30db5d1f00085a0cbd5c7333b51b77f2048405cd60773123d2,regex:k_space,E0,0.5,candidate_needs_review,2026-05-16 10:44:26,Automatically extracted observation candidate. Verify against PDF before using as fact.
E-OBS-P0031-k_space-1-6a95a07ac36f7138,P0031,F0031,local_pdf_text_observation,,1,1,,,,,6a95a07ac36f71380ec93915e0cbc4453b7e08f669109b54fbb8bbff8df28d13,regex:k_space,E0,0.5,candidate_needs_review,2026-05-16 10:44:26,Automatically extracted observation candidate. Verify against PDF before using as fact.
E-OBS-P0031-band_structure-1-960bb1bf8954765d,P0031,F0031,local_pdf_text_observation,,1,1,,,,,960bb1bf8954765d7847f904b880dc278f6ebdbde77288c75536b7c7ae4e6315,regex:band_structure,E0,0.48,candidate_needs_review,2026-05-16 10:44:26,Automatically extracted observation candidate. Verify against PDF before using as fact.
E-OBS-P0031-band_structure-1-810c138df6f52f6e,P0031,F0031,local_pdf_text_observation,,1,1,,,,,810c138df6f52f6ee84bf62392e9af9ed5258d4d485f776f9ccc1edcf23cd9ea,regex:band_structure,E0,0.48,candidate_needs_review,2026-05-16 10:44:26,Automatically extracted observation candidate. Verify against PDF before using as fact.
E-OBS-P0031-band_structure-1-9005495ce5cbd7bd,P0031,F0031,local_pdf_text_observation,,1,1,,,,,9005495ce5cbd7bd98710c83febaa72d252ccf7b233c752b0370a63da91418e7,regex:band_structure,E0,0.48,candidate_needs_review,2026-05-16 10:44:26,Automatically extracted observation candidate. Verify against PDF before using as fact.
E-OBS-P0031-diameter-2-8f5e1c6e22ae7daf,P0031,F0031,local_pdf_text_observation,,2,2,,,,,8f5e1c6e22ae7dafc23b4491a7e6925037255fe3ea65f57bf4b780c29bbefec2,regex:diameter,E0,0.45,candidate_needs_review,2026-05-16 10:44:26,Automatically extracted observation candidate. Verify against PDF before using as fact.
E-OBS-P0031-material-2-debb028acae94e99,P0031,F0031,local_pdf_text_observation,,2,2,,,,,debb028acae94e99c3f3f4049529fefb72c3a4cc1981ce06dd1f1a9c44c093fc,regex:material,E0,0.42,candidate_needs_review,2026-05-16 10:44:26,Automatically extracted observation candidate. Verify against PDF before using as fact.
E-OBS-P0031-material-2-e0f32dbc1310c669,P0031,F0031,local_pdf_text_observation,,2,2,,,,,e0f32dbc1310c6694f2c274537b27ccdada2ce4c595abd750cd3222afccedcd1,regex:material,E0,0.42,candidate_needs_review,2026-05-16 10:44:26,Automatically extracted observation candidate. Verify against PDF before using as fact.
E-OBS-P0031-material-2-b1338ac2517b68ee,P0031,F0031,local_pdf_text_observation,,2,2,,,,,b1338ac2517b68eefca55b414b6c40dec4b4f3c6616d6ca925793d23a256b331,regex:material,E0,0.42,candidate_needs_review,2026-05-16 10:44:26,Automatically extracted observation candidate. Verify against PDF before using as fact.
E-OBS-P0031-k_space-2-b77e006d4acde537,P0031,F0031,local_pdf_text_observation,,2,2,,,,,b77e006d4acde537ccf37df2c7a2958d041ddcab450087b76dc84e9c915049a5,regex:k_space,E0,0.5,candidate_needs_review,2026-05-16 10:44:26,Automatically extracted observation candidate. Verify against PDF before using as fact.
E-OBS-P0031-band_structure-2-12ed9f5e369d5a21,P0031,F0031,local_pdf_text_observation,,2,2,,,,,12ed9f5e369d5a2102f030e4b9042decabec91f345731bc15aa2629375ef7802,regex:band_structure,E0,0.48,candidate_needs_review,2026-05-16 10:44:26,Automatically extracted observation candidate. Verify against PDF before using as fact.
E-OBS-P0031-band_structure-2-c432674e54bda2a4,P0031,F0031,local_pdf_text_observation,,2,2,,,,,c432674e54bda2a4891a20115055d1fbd6d21d557d280debed460b265470dbd0,regex:band_structure,E0,0.48,candidate_needs_review,2026-05-16 10:44:26,Automatically extracted observation candidate. Verify against PDF before using as fact.
E-OBS-P0031-band_structure-2-f6e75b6210b948b6,P0031,F0031,local_pdf_text_observation,,2,2,,,,,f6e75b6210b948b61212c0242d4e28d7ddf4200551c80c257665b8ba0365cb75,regex:band_structure,E0,0.48,candidate_needs_review,2026-05-16 10:44:26,Automatically extracted observation candidate. Verify against PDF before using as fact.
E-OBS-P0031-band_structure-2-517c2f5b8cb3fecc,P0031,F0031,local_pdf_text_observation,,2,2,,,,,517c2f5b8cb3feccc6559e5982b50787913fefef45a27b756647240ec2871e80,regex:band_structure,E0,0.48,candidate_needs_review,2026-05-16 10:44:26,Automatically extracted observation candidate. Verify against PDF before using as fact.
E-OBS-P0031-band_structure-2-da708399e2dc1f4a,P0031,F0031,local_pdf_text_observation,,2,2,,,,,da708399e2dc1f4af507b887b5fd94e626453722ca7f5777c6fb61c20929724c,regex:band_structure,E0,0.48,candidate_needs_review,2026-05-16 10:44:26,Automatically extracted observation candidate. Verify against PDF before using as fact.
E-OBS-P0031-k_space-3-eadbe4709705cb4b,P0031,F0031,local_pdf_text_observation,,3,3,,,,,eadbe4709705cb4b3c29d21a8e6b030c6b8fa53aeb5a29449d87c812fb9827db,regex:k_space,E0,0.5,candidate_needs_review,2026-05-16 10:44:26,Automatically extracted observation candidate. Verify against PDF before using as fact.
E-OBS-P0031-k_space-3-aaaac38124289a81,P0031,F0031,local_pdf_text_observation,,3,3,,,,,aaaac38124289a816d8d9a071b8d2350c94246597552740c2178da1a68c3bd2d,regex:k_space,E0,0.5,candidate_needs_review,2026-05-16 10:44:26,Automatically extracted observation candidate. Verify against PDF before using as fact.
E-OBS-P0031-k_space-3-29ba76e0cbc7e724,P0031,F0031,local_pdf_text_observation,,3,3,,,,,29ba76e0cbc7e724c2b18d86cd3b7467b0287010ba5a3fcbad340b1b87f8918a,regex:k_space,E0,0.5,candidate_needs_review,2026-05-16 10:44:26,Automatically extracted observation candidate. Verify against PDF before using as fact.
E-OBS-P0031-k_space-3-9f0b5cc00269adc8,P0031,F0031,local_pdf_text_observation,,3,3,,,,,9f0b5cc00269adc8b3d1fbc2c3328af5cb24847169b4ee102f77dc494a89e80b,regex:k_space,E0,0.5,candidate_needs_review,2026-05-16 10:44:26,Automatically extracted observation candidate. Verify against PDF before using as fact.
E-OBS-P0031-k_space-3-5f7ef6cb3370bd5a,P0031,F0031,local_pdf_text_observation,,3,3,,,,,5f7ef6cb3370bd5ab6cb9fe0c0d3271c41d3dfd9ebcf506259041c927d6ac4c7,regex:k_space,E0,0.5,candidate_needs_review,2026-05-16 10:44:26,Automatically extracted observation candidate. Verify against PDF before using as fact.
E-OBS-P0031-q_factor-4-be16c9a328a88d69,P0031,F0031,local_pdf_text_observation,,4,4,,,,,be16c9a328a88d69410efeeb8b008bef2e4426780d5c31a6c3a91185901d331c,regex:q_factor,E0,0.62,candidate_needs_review,2026-05-16 10:44:26,Automatically extracted observation candidate. Verify against PDF before using as fact.
E-OBS-P0031-material-4-7253f5c2a08446c0,P0031,F0031,local_pdf_text_observation,,4,4,,,,,7253f5c2a08446c0e517b80fda2eaa900857bc294e809984d1f4e19809616ead,regex:material,E0,0.42,candidate_needs_review,2026-05-16 10:44:26,Automatically extracted observation candidate. Verify against PDF before using as fact.
E-OBS-P0031-material-4-055e17cdfdd14f9c,P0031,F0031,local_pdf_text_observation,,4,4,,,,,055e17cdfdd14f9c301a77374b8d57ae437a23874b749cbf845fcbdf604d25a7,regex:material,E0,0.42,candidate_needs_review,2026-05-16 10:44:26,Automatically extracted observation candidate. Verify against PDF before using as fact.
E-OBS-P0031-material-4-6d60f651bf6d0ab7,P0031,F0031,local_pdf_text_observation,,4,4,,,,,6d60f651bf6d0ab7a53cb119a7707e9b2ec33fa2891bf081415cdc5d2b9fd477,regex:material,E0,0.42,candidate_needs_review,2026-05-16 10:44:26,Automatically extracted observation candidate. Verify against PDF before using as fact.
E-OBS-P0031-polarization-4-2645baca4183f3bf,P0031,F0031,local_pdf_text_observation,,4,4,,,,,2645baca4183f3bf83b8e9946aafdf5b54b384376fb5478eec63093c3d9c24e7,regex:polarization,E0,0.46,candidate_needs_review,2026-05-16 10:44:26,Automatically extracted observation candidate. Verify against PDF before using as fact.
E-OBS-P0031-polarization-4-87a67959d66e6ccc,P0031,F0031,local_pdf_text_observation,,4,4,,,,,87a67959d66e6ccc0b5693b1cd0c02a6b4165c05e0ca8b027e4e1ca44c6d70eb,regex:polarization,E0,0.46,candidate_needs_review,2026-05-16 10:44:26,Automatically extracted observation candidate. Verify against PDF before using as fact.
E-OBS-P0031-material-5-d62ff2f126fd7186,P0031,F0031,local_pdf_text_observation,,5,5,,,,,d62ff2f126fd7186ab12f18212d53b8214234a33602d2ac76e5c48368ba94307,regex:material,E0,0.42,candidate_needs_review,2026-05-16 10:44:26,Automatically extracted observation candidate. Verify against PDF before using as fact.
E-OBS-P0031-material-5-0d726401d07242e2,P0031,F0031,local_pdf_text_observation,,5,5,,,,,0d726401d07242e2eca2b01ae7f876728648d179112027871aaecc59f796aef9,regex:material,E0,0.42,candidate_needs_review,2026-05-16 10:44:26,Automatically extracted observation candidate. Verify against PDF before using as fact.
E-OBS-P0032-material-1-cbf48e4bf59d990a,P0032,F0032,local_pdf_text_observation,,1,1,,,,,cbf48e4bf59d990aea2b8a8f90fb6fdd103bd50067011b9a498e0b065a033178,regex:material,E0,0.42,candidate_needs_review,2026-05-16 10:44:26,Automatically extracted observation candidate. Verify against PDF before using as fact.
E-OBS-P0032-material-2-cd5f7d482c64aeb1,P0032,F0032,local_pdf_text_observation,,2,2,,,,,cd5f7d482c64aeb1c5a95f63bc7eb4a99d806d4dcbacccd86b930e98238466bc,regex:material,E0,0.42,candidate_needs_review,2026-05-16 10:44:26,Automatically extracted observation candidate. Verify against PDF before using as fact.
E-OBS-P0032-material-2-1f1f94e91089de10,P0032,F0032,local_pdf_text_observation,,2,2,,,,,1f1f94e91089de1029e67b4226088e5d2863310fb93b17daedb03328698a44a5,regex:material,E0,0.42,candidate_needs_review,2026-05-16 10:44:26,Automatically extracted observation candidate. Verify against PDF before using as fact.
E-OBS-P0032-material-2-5cb722b5e8302870,P0032,F0032,local_pdf_text_observation,,2,2,,,,,5cb722b5e83028705eec94eb1c3210d7e4e2e92d174ae82a8fe2a304004a6c0a,regex:material,E0,0.42,candidate_needs_review,2026-05-16 10:44:26,Automatically extracted observation candidate. Verify against PDF before using as fact.
E-OBS-P0032-material-2-82c1eac0181fd52e,P0032,F0032,local_pdf_text_observation,,2,2,,,,,82c1eac0181fd52e8de6891b363ae6fa639129c253bb2b588553cfec386d9898,regex:material,E0,0.42,candidate_needs_review,2026-05-16 10:44:26,Automatically extracted observation candidate. Verify against PDF before using as fact.
E-OBS-P0032-material-2-022b782eadbc19fb,P0032,F0032,local_pdf_text_observation,,2,2,,,,,022b782eadbc19fbc6873a27e20662b9e8fd302dd4e0a63fe4adc949e16cf071,regex:material,E0,0.42,candidate_needs_review,2026-05-16 10:44:26,Automatically extracted observation candidate. Verify against PDF before using as fact.
E-OBS-P0032-material-2-e8dbdd673f4ae1d9,P0032,F0032,local_pdf_text_observation,,2,2,,,,,e8dbdd673f4ae1d9c094e1c2474f1d3f34e362dee257c66078f22d3ad81be767,regex:material,E0,0.42,candidate_needs_review,2026-05-16 10:44:26,Automatically extracted observation candidate. Verify against PDF before using as fact.
E-OBS-P0032-material-2-40eff024618ae799,P0032,F0032,local_pdf_text_observation,,2,2,,,,,40eff024618ae799c8b9e43e0063f1ac86782499280cdfc3015272e851b0eaec,regex:material,E0,0.42,candidate_needs_review,2026-05-16 10:44:26,Automatically extracted observation candidate. Verify against PDF before using as fact.
E-OBS-P0032-band_structure-3-5d5a3ea033eaf20d,P0032,F0032,local_pdf_text_observation,,3,3,,,,,5d5a3ea033eaf20d62bb550762998deffa532e955443f4fcc6e3841cc4fc96bd,regex:band_structure,E0,0.48,candidate_needs_review,2026-05-16 10:44:26,Automatically extracted observation candidate. Verify against PDF before using as fact.
E-OBS-P0032-band_structure-3-12cf3c9dce625dc5,P0032,F0032,local_pdf_text_observation,,3,3,,,,,12cf3c9dce625dc5eb1995f2571a0cb84b91a762207823121bb8b45f708e0bc6,regex:band_structure,E0,0.48,candidate_needs_review,2026-05-16 10:44:26,Automatically extracted observation candidate. Verify against PDF before using as fact.
E-OBS-P0032-band_structure-3-600ae346765dd62a,P0032,F0032,local_pdf_text_observation,,3,3,,,,,600ae346765dd62a0236ac8f11fe67a2b066dc96195ea12d5c8fd66723269704,regex:band_structure,E0,0.48,candidate_needs_review,2026-05-16 10:44:26,Automatically extracted observation candidate. Verify against PDF before using as fact.
E-OBS-P0032-k_space-4-b591f6219d2299c9,P0032,F0032,local_pdf_text_observation,,4,4,,,,,b591f6219d2299c98641922af24152ca9274c7491d9ecdf66930257828aef4e3,regex:k_space,E0,0.5,candidate_needs_review,2026-05-16 10:44:26,Automatically extracted observation candidate. Verify against PDF before using as fact.
E-OBS-P0032-band_structure-4-d1dcb41e2ab9db88,P0032,F0032,local_pdf_text_observation,,4,4,,,,,d1dcb41e2ab9db88cd3342b60850d594bfa2c5b49a36cdfa61bbb8f6c605ba37,regex:band_structure,E0,0.48,candidate_needs_review,2026-05-16 10:44:26,Automatically extracted observation candidate. Verify against PDF before using as fact.
E-OBS-P0032-band_structure-4-aede4843fdd78829,P0032,F0032,local_pdf_text_observation,,4,4,,,,,aede4843fdd788296004a7f6dde87cfa2475798851c4f950ccb7b5bba6613096,regex:band_structure,E0,0.48,candidate_needs_review,2026-05-16 10:44:26,Automatically extracted observation candidate. Verify against PDF before using as fact.
E-OBS-P0032-band_structure-4-19a58a014b9c5d83,P0032,F0032,local_pdf_text_observation,,4,4,,,,,19a58a014b9c5d8366817e462a721545d3e6634fc7b792783dc90cf19a6f806b,regex:band_structure,E0,0.48,candidate_needs_review,2026-05-16 10:44:26,Automatically extracted observation candidate. Verify against PDF before using as fact.
E-OBS-P0032-wavelength-5-5543c26befd60b1e,P0032,F0032,local_pdf_text_observation,,5,5,,,,,5543c26befd60b1e0c2ad52db0ef8d5a78c73dbfb8c19d0cf5a5162ae7aacc07,regex:wavelength,E0,0.6,candidate_needs_review,2026-05-16 10:44:26,Automatically extracted observation candidate. Verify against PDF before using as fact.
E-OBS-P0032-wavelength-5-f87a5f787425a662,P0032,F0032,local_pdf_text_observation,,5,5,,,,,f87a5f787425a662f7d07d2b7691298e814b6129ed869cb170c7a2574181b238,regex:wavelength,E0,0.6,candidate_needs_review,2026-05-16 10:44:26,Automatically extracted observation candidate. Verify against PDF before using as fact.
E-OBS-P0032-wavelength-5-669c450f1b5c413e,P0032,F0032,local_pdf_text_observation,,5,5,,,,,669c450f1b5c413e040913077df33c66d7754ac774d2df9a1d3e4675fdd9e031,regex:wavelength,E0,0.6,candidate_needs_review,2026-05-16 10:44:26,Automatically extracted observation candidate. Verify against PDF before using as fact.
E-OBS-P0032-wavelength-5-ed3d2617eb7a32b4,P0032,F0032,local_pdf_text_observation,,5,5,,,,,ed3d2617eb7a32b4583e92fb068b74e2741033b8237c28c961fc914963836a3e,regex:wavelength,E0,0.6,candidate_needs_review,2026-05-16 10:44:26,Automatically extracted observation candidate. Verify against PDF before using as fact.
E-OBS-P0032-wavelength-5-676492ae8e55df8f,P0032,F0032,local_pdf_text_observation,,5,5,,,,,676492ae8e55df8f09a06bca158d70afd5998586293c923a14aac4db3a9dd5b0,regex:wavelength,E0,0.6,candidate_needs_review,2026-05-16 10:44:26,Automatically extracted observation candidate. Verify against PDF before using as fact.
E-OBS-P0032-spectrum-6-8f00af4df88a3a7f,P0032,F0032,local_pdf_text_observation,,6,6,,,,,8f00af4df88a3a7f1f0c87bbfc455186efb440fa77be49531a7d0d95144785ac,regex:spectrum,E0,0.48,candidate_needs_review,2026-05-16 10:44:26,Automatically extracted observation candidate. Verify against PDF before using as fact.
E-OBS-P0033-material-1-7714841b1f59684b,P0033,F0033,local_pdf_text_observation,,1,1,,,,,7714841b1f59684b47415cf7083ebabb3b5d16a2b25e41cd40c03214a6a341e7,regex:material,E0,0.42,candidate_needs_review,2026-05-16 10:44:26,Automatically extracted observation candidate. Verify against PDF before using as fact.
E-OBS-P0033-material-1-6f1beb286aba2c70,P0033,F0033,local_pdf_text_observation,,1,1,,,,,6f1beb286aba2c70fc937ab375149cbd7edb385bb10aae8a0ef13dced92b12ea,regex:material,E0,0.42,candidate_needs_review,2026-05-16 10:44:26,Automatically extracted observation candidate. Verify against PDF before using as fact.
E-OBS-P0033-material-1-63b762b96133b10f,P0033,F0033,local_pdf_text_observation,,1,1,,,,,63b762b96133b10f2cc905af82b8e9adbd4c0b98a56172e96be94641bd4442fa,regex:material,E0,0.42,candidate_needs_review,2026-05-16 10:44:26,Automatically extracted observation candidate. Verify against PDF before using as fact.
E-OBS-P0033-band_structure-1-4c2dcc0d78f9edc7,P0033,F0033,local_pdf_text_observation,,1,1,,,,,4c2dcc0d78f9edc7f5372afc7a1e0fe54f1df7c3a12fd187f36ba8b7ac13aeee,regex:band_structure,E0,0.48,candidate_needs_review,2026-05-16 10:44:26,Automatically extracted observation candidate. Verify against PDF before using as fact.
E-OBS-P0033-band_structure-1-402af2a9dcb63cb5,P0033,F0033,local_pdf_text_observation,,1,1,,,,,402af2a9dcb63cb57b4c5367e223dd801f68909784e8c0f91ceba349dea38505,regex:band_structure,E0,0.48,candidate_needs_review,2026-05-16 10:44:26,Automatically extracted observation candidate. Verify against PDF before using as fact.
E-OBS-P0033-material-2-ae7ca58b0634a80e,P0033,F0033,local_pdf_text_observation,,2,2,,,,,ae7ca58b0634a80eb9e54db62c6c63688d16722d92c51daefb559259bed14d13,regex:material,E0,0.42,candidate_needs_review,2026-05-16 10:44:26,Automatically extracted observation candidate. Verify against PDF before using as fact.
E-OBS-P0033-material-2-33e1cabd1c6d0d01,P0033,F0033,local_pdf_text_observation,,2,2,,,,,33e1cabd1c6d0d012fb28b5297a5d5a8bd5bde9f65a247ba688508de08ab9404,regex:material,E0,0.42,candidate_needs_review,2026-05-16 10:44:26,Automatically extracted observation candidate. Verify against PDF before using as fact.
E-OBS-P0033-band_structure-2-2714bbd90f6357b4,P0033,F0033,local_pdf_text_observation,,2,2,,,,,2714bbd90f6357b4170ebef5245d463ebef1903ff27fa1673d45b26b08431db1,regex:band_structure,E0,0.48,candidate_needs_review,2026-05-16 10:44:26,Automatically extracted observation candidate. Verify against PDF before using as fact.
E-OBS-P0033-material-3-fb0823d04453c279,P0033,F0033,local_pdf_text_observation,,3,3,,,,,fb0823d04453c2793e82d067370b6c5e4f10705b7e0e49643174190ee056408d,regex:material,E0,0.42,candidate_needs_review,2026-05-16 10:44:26,Automatically extracted observation candidate. Verify against PDF before using as fact.
E-OBS-P0033-k_space-3-f751991bf2ca57aa,P0033,F0033,local_pdf_text_observation,,3,3,,,,,f751991bf2ca57aa5facd1a505d45f8ae796e9a7ea021930337cbcff9bafc8f1,regex:k_space,E0,0.5,candidate_needs_review,2026-05-16 10:44:26,Automatically extracted observation candidate. Verify against PDF before using as fact.
E-OBS-P0033-k_space-3-72f272578e819b34,P0033,F0033,local_pdf_text_observation,,3,3,,,,,72f272578e819b344864010dd569eec4e7fa5b312d67dc24f5f14a1d5133288b,regex:k_space,E0,0.5,candidate_needs_review,2026-05-16 10:44:26,Automatically extracted observation candidate. Verify against PDF before using as fact.
E-OBS-P0033-band_structure-3-3de9753346babec6,P0033,F0033,local_pdf_text_observation,,3,3,,,,,3de9753346babec6ad477a903f80b9000116e9b08cefcc3064d765d9b5e6dcbd,regex:band_structure,E0,0.48,candidate_needs_review,2026-05-16 10:44:26,Automatically extracted observation candidate. Verify against PDF before using as fact.
E-OBS-P0033-band_structure-3-2e75c25940921094,P0033,F0033,local_pdf_text_observation,,3,3,,,,,2e75c25940921094f885ebb5e3d10027ef2507ed43d75aa136f985e4112896ea,regex:band_structure,E0,0.48,candidate_needs_review,2026-05-16 10:44:26,Automatically extracted observation candidate. Verify against PDF before using as fact.
E-OBS-P0033-band_structure-3-0d19d66c8d52556f,P0033,F0033,local_pdf_text_observation,,3,3,,,,,0d19d66c8d52556fb73a1cebe4b1b3c0bcd48a1ad7a42c402387614167dda650,regex:band_structure,E0,0.48,candidate_needs_review,2026-05-16 10:44:26,Automatically extracted observation candidate. Verify against PDF before using as fact.
E-OBS-P0033-band_structure-3-47f241eed7486243,P0033,F0033,local_pdf_text_observation,,3,3,,,,,47f241eed748624357f1101b743f0b5a91f0f2f0d22ba96d8691d1f9d0d9b27e,regex:band_structure,E0,0.48,candidate_needs_review,2026-05-16 10:44:26,Automatically extracted observation candidate. Verify against PDF before using as fact.
E-OBS-P0033-material-4-e29cf6de72d8cb23,P0033,F0033,local_pdf_text_observation,,4,4,,,,,e29cf6de72d8cb23d28dab3a2857f5219913d8e6b68b1b39a8464f7504f19998,regex:material,E0,0.42,candidate_needs_review,2026-05-16 10:44:26,Automatically extracted observation candidate. Verify against PDF before using as fact.
E-OBS-P0033-material-4-5eee18229157e463,P0033,F0033,local_pdf_text_observation,,4,4,,,,,5eee18229157e4630b612c4416ae73b11742eaa23073743f606c77a1ca633068,regex:material,E0,0.42,candidate_needs_review,2026-05-16 10:44:26,Automatically extracted observation candidate. Verify against PDF before using as fact.
E-OBS-P0033-band_structure-4-e829cb787870da1d,P0033,F0033,local_pdf_text_observation,,4,4,,,,,e829cb787870da1dd2f97c2f7f69e3ed84cf0e8d47207386dcf82558effa2da1,regex:band_structure,E0,0.48,candidate_needs_review,2026-05-16 10:44:26,Automatically extracted observation candidate. Verify against PDF before using as fact.
E-OBS-P0034-material-1-2e1ab90b745825e2,P0034,F0034,local_pdf_text_observation,,1,1,,,,,2e1ab90b745825e2d4035867a21c6784278036a1664fa2e47bb08fbb3ea5655c,regex:material,E0,0.42,candidate_needs_review,2026-05-16 10:44:26,Automatically extracted observation candidate. Verify against PDF before using as fact.
E-OBS-P0034-material-1-cb5ebca282053e51,P0034,F0034,local_pdf_text_observation,,1,1,,,,,cb5ebca282053e51bad1d3439c06349fc1818407a462eb1dd7daf65fa2aab49c,regex:material,E0,0.42,candidate_needs_review,2026-05-16 10:44:26,Automatically extracted observation candidate. Verify against PDF before using as fact.
E-OBS-P0034-material-1-fa9e61e50a8d9cb7,P0034,F0034,local_pdf_text_observation,,1,1,,,,,fa9e61e50a8d9cb701b6abae09294caa5bf1a60c0f056a0c28bd19a23ac25467,regex:material,E0,0.42,candidate_needs_review,2026-05-16 10:44:26,Automatically extracted observation candidate. Verify against PDF before using as fact.
E-OBS-P0034-material-1-f687d95626764ba7,P0034,F0034,local_pdf_text_observation,,1,1,,,,,f687d95626764ba76cf9d070c99518f1ea242d734f7a007337a4178ad8d5d80a,regex:material,E0,0.42,candidate_needs_review,2026-05-16 10:44:26,Automatically extracted observation candidate. Verify against PDF before using as fact.
E-OBS-P0034-material-1-e1bdd851f2a96a40,P0034,F0034,local_pdf_text_observation,,1,1,,,,,e1bdd851f2a96a403e5f628065fa18b2da9034aebf6fb69e6a2ae0e02947126c,regex:material,E0,0.42,candidate_needs_review,2026-05-16 10:44:26,Automatically extracted observation candidate. Verify against PDF before using as fact.
E-OBS-P0034-material-1-b2bf16fb7e1cd38e,P0034,F0034,local_pdf_text_observation,,1,1,,,,,b2bf16fb7e1cd38ebf5d5f3e49f1201857c7a38d92043ef73d77a2297812601f,regex:material,E0,0.42,candidate_needs_review,2026-05-16 10:44:26,Automatically extracted observation candidate. Verify against PDF before using as fact.
E-OBS-P0034-material-1-c0cc93af6499f9ed,P0034,F0034,local_pdf_text_observation,,1,1,,,,,c0cc93af6499f9edacb6ad161f7684d0e66d35bed14aa0162ac4e3c28c6acdec,regex:material,E0,0.42,candidate_needs_review,2026-05-16 10:44:26,Automatically extracted observation candidate. Verify against PDF before using as fact.
E-OBS-P0034-material-2-7eed3901a265bbe4,P0034,F0034,local_pdf_text_observation,,2,2,,,,,7eed3901a265bbe455eb537a0f1be6f02e5c6766ff1a6cd908bb1b71f96e0006,regex:material,E0,0.42,candidate_needs_review,2026-05-16 10:44:26,Automatically extracted observation candidate. Verify against PDF before using as fact.
E-OBS-P0034-polarization-3-8a5a089652276758,P0034,F0034,local_pdf_text_observation,,3,3,,,,,8a5a089652276758cc507a00cbd53891f56021911076da3a2b064c28e46632a2,regex:polarization,E0,0.46,candidate_needs_review,2026-05-16 10:44:26,Automatically extracted observation candidate. Verify against PDF before using as fact.
E-OBS-P0034-band_structure-7-606aa3e627b87b1e,P0034,F0034,local_pdf_text_observation,,7,7,,,,,606aa3e627b87b1ec4d67ed147a036930bcd1207268453471ba316f3071c22d2,regex:band_structure,E0,0.48,candidate_needs_review,2026-05-16 10:44:26,Automatically extracted observation candidate. Verify against PDF before using as fact.
E-OBS-P0034-spectrum-7-cf0266d840363fa9,P0034,F0034,local_pdf_text_observation,,7,7,,,,,cf0266d840363fa94bb5718bcea0b1bedff8392174478d5b5a44774e1cf56a4f,regex:spectrum,E0,0.48,candidate_needs_review,2026-05-16 10:44:26,Automatically extracted observation candidate. Verify against PDF before using as fact.
E-OBS-P0035-polarization-1-def231447ea334fa,P0035,F0035,local_pdf_text_observation,,1,1,,,,,def231447ea334fa4403a8dbf8388a37c83aac911e487c982d975000b07d2cba,regex:polarization,E0,0.46,candidate_needs_review,2026-05-16 10:44:26,Automatically extracted observation candidate. Verify against PDF before using as fact.
E-OBS-P0035-polarization-1-4beaf59f56586d84,P0035,F0035,local_pdf_text_observation,,1,1,,,,,4beaf59f56586d84d803959b282170afdaf6a32c16207554b496e02c7083565e,regex:polarization,E0,0.46,candidate_needs_review,2026-05-16 10:44:26,Automatically extracted observation candidate. Verify against PDF before using as fact.
E-OBS-P0035-polarization-1-df543e266da33837,P0035,F0035,local_pdf_text_observation,,1,1,,,,,df543e266da33837f4091fc23c0916b1811517c7bf56ce00380511b5904c55f9,regex:polarization,E0,0.46,candidate_needs_review,2026-05-16 10:44:26,Automatically extracted observation candidate. Verify against PDF before using as fact.
E-OBS-P0035-polarization-1-e2f5f718a2b68ed5,P0035,F0035,local_pdf_text_observation,,1,1,,,,,e2f5f718a2b68ed55993d2d4e9d22b9c5d1419ffd5c8bc5246dc17772016ea5e,regex:polarization,E0,0.46,candidate_needs_review,2026-05-16 10:44:26,Automatically extracted observation candidate. Verify against PDF before using as fact.
E-OBS-P0035-polarization-1-35677bf06ba0dc30,P0035,F0035,local_pdf_text_observation,,1,1,,,,,35677bf06ba0dc30053a0c5053bfec240985c7fbeb141cd6028baded6db05bb0,regex:polarization,E0,0.46,candidate_needs_review,2026-05-16 10:44:26,Automatically extracted observation candidate. Verify against PDF before using as fact.
E-OBS-P0035-polarization-1-a244072f1783ebe6,P0035,F0035,local_pdf_text_observation,,1,1,,,,,a244072f1783ebe62976fdb83c8810bd599a8afd1a47d34a1a922eb96c8ce9c4,regex:polarization,E0,0.46,candidate_needs_review,2026-05-16 10:44:26,Automatically extracted observation candidate. Verify against PDF before using as fact.
E-OBS-P0035-polarization-1-c482a7fde3367c07,P0035,F0035,local_pdf_text_observation,,1,1,,,,,c482a7fde3367c072c4d17980ecab9b7431d052aa131d88acc2b42cae9474478,regex:polarization,E0,0.46,candidate_needs_review,2026-05-16 10:44:26,Automatically extracted observation candidate. Verify against PDF before using as fact.
E-OBS-P0035-polarization-1-42b4c20c0321ec26,P0035,F0035,local_pdf_text_observation,,1,1,,,,,42b4c20c0321ec26f93e18b7cbab8ab3b111dec1964f1d08c2ac374388745484,regex:polarization,E0,0.46,candidate_needs_review,2026-05-16 10:44:26,Automatically extracted observation candidate. Verify against PDF before using as fact.
E-OBS-P0035-material-2-f21a22c402e0eca5,P0035,F0035,local_pdf_text_observation,,2,2,,,,,f21a22c402e0eca5057eda4c83c9e809ce8c36a37df5f806eb40dac564617a1c,regex:material,E0,0.42,candidate_needs_review,2026-05-16 10:44:26,Automatically extracted observation candidate. Verify against PDF before using as fact.
E-OBS-P0035-material-2-6591f0707ddcbfc1,P0035,F0035,local_pdf_text_observation,,2,2,,,,,6591f0707ddcbfc1aedd81d66c977920e29d028b93e942157df36e64f4d619d0,regex:material,E0,0.42,candidate_needs_review,2026-05-16 10:44:26,Automatically extracted observation candidate. Verify against PDF before using as fact.
E-OBS-P0035-k_space-2-590699ff33953a24,P0035,F0035,local_pdf_text_observation,,2,2,,,,,590699ff33953a247e6fd7c1e00f180b7a1fd2d093a83ef4d1a1fe21ff07542e,regex:k_space,E0,0.5,candidate_needs_review,2026-05-16 10:44:26,Automatically extracted observation candidate. Verify against PDF before using as fact.
E-OBS-P0035-k_space-2-f86a9dd6813bdde1,P0035,F0035,local_pdf_text_observation,,2,2,,,,,f86a9dd6813bdde16daf579c2e38179ce8c3f07077afe798c9e6d4a60a2e2a1e,regex:k_space,E0,0.5,candidate_needs_review,2026-05-16 10:44:26,Automatically extracted observation candidate. Verify against PDF before using as fact.
E-OBS-P0035-material-3-9c05b6bc595d8201,P0035,F0035,local_pdf_text_observation,,3,3,,,,,9c05b6bc595d82017f1fec7f5acbf6a9d54fd13f4a6a5ec10af24058b71a4f3b,regex:material,E0,0.42,candidate_needs_review,2026-05-16 10:44:26,Automatically extracted observation candidate. Verify against PDF before using as fact.
E-OBS-P0035-k_space-3-c5142c73eef547e3,P0035,F0035,local_pdf_text_observation,,3,3,,,,,c5142c73eef547e3778eb1f676bf18d07130d32a209dd06fc4e201785fa283f1,regex:k_space,E0,0.5,candidate_needs_review,2026-05-16 10:44:26,Automatically extracted observation candidate. Verify against PDF before using as fact.
E-OBS-P0035-k_space-3-96f07a3a82d224d5,P0035,F0035,local_pdf_text_observation,,3,3,,,,,96f07a3a82d224d5c4d2da6e2aabe028e41e3be139f20d68f734548708136e4f,regex:k_space,E0,0.5,candidate_needs_review,2026-05-16 10:44:26,Automatically extracted observation candidate. Verify against PDF before using as fact.
E-OBS-P0035-k_space-3-c0607b537fa168f6,P0035,F0035,local_pdf_text_observation,,3,3,,,,,c0607b537fa168f6846c660f3b4eb01aa676d800bdb88da53df5dfdd501135d4,regex:k_space,E0,0.5,candidate_needs_review,2026-05-16 10:44:26,Automatically extracted observation candidate. Verify against PDF before using as fact.
E-OBS-P0035-q_factor-4-ee6c8efb58b06bb5,P0035,F0035,local_pdf_text_observation,,4,4,,,,,ee6c8efb58b06bb580bf6f0fdc3451cf2c9e5a3480c3e9c2c66d91fd09e28cde,regex:q_factor,E0,0.62,candidate_needs_review,2026-05-16 10:44:26,Automatically extracted observation candidate. Verify against PDF before using as fact.
E-OBS-P0035-frequency-4-6ed2f8b3bdf17299,P0035,F0035,local_pdf_text_observation,,4,4,,,,,6ed2f8b3bdf1729943337d124905615509e30bc37d49eebf0e5e708a1eb06bc2,regex:frequency,E0,0.58,candidate_needs_review,2026-05-16 10:44:26,Automatically extracted observation candidate. Verify against PDF before using as fact.
E-OBS-P0035-material-6-3804e9c6b217894b,P0035,F0035,local_pdf_text_observation,,6,6,,,,,3804e9c6b217894b6e48efe231d1054ae4c086881a7bfbd6413473d7e93ed879,regex:material,E0,0.42,candidate_needs_review,2026-05-16 10:44:26,Automatically extracted observation candidate. Verify against PDF before using as fact.
E-OBS-P0035-k_space-7-8327847720bc6a59,P0035,F0035,local_pdf_text_observation,,7,7,,,,,8327847720bc6a5909cba28fe93d1cd06995f5522eea3dc74fdcd8feb720f68f,regex:k_space,E0,0.5,candidate_needs_review,2026-05-16 10:44:26,Automatically extracted observation candidate. Verify against PDF before using as fact.
E-OBS-P0036-polarization-1-8973265ee86e43f5,P0036,F0036,local_pdf_text_observation,,1,1,,,,,8973265ee86e43f5b705d9bd952feaf8e6a70e7f699ebbf93de70139f5617b13,regex:polarization,E0,0.46,candidate_needs_review,2026-05-16 10:44:26,Automatically extracted observation candidate. Verify against PDF before using as fact.
E-OBS-P0036-k_space-2-ea346afccaeb9676,P0036,F0036,local_pdf_text_observation,,2,2,,,,,ea346afccaeb967636cbc4f2962a3cdf0a190b5bf7fbe5c5876fb4065f91b581,regex:k_space,E0,0.5,candidate_needs_review,2026-05-16 10:44:26,Automatically extracted observation candidate. Verify against PDF before using as fact.
E-OBS-P0036-k_space-2-b32aa26117d6b3d2,P0036,F0036,local_pdf_text_observation,,2,2,,,,,b32aa26117d6b3d2519d5a04dee7008565901e295d860cf73d3ce3ed9321e7c7,regex:k_space,E0,0.5,candidate_needs_review,2026-05-16 10:44:26,Automatically extracted observation candidate. Verify against PDF before using as fact.
E-OBS-P0036-polarization-2-baa9aea8465bedc8,P0036,F0036,local_pdf_text_observation,,2,2,,,,,baa9aea8465bedc8c9e7bb0cf7c0207dd9167027d6a39ecf87ce02b547353d9d,regex:polarization,E0,0.46,candidate_needs_review,2026-05-16 10:44:26,Automatically extracted observation candidate. Verify against PDF before using as fact.
E-OBS-P0036-k_space-3-38b516ff8773e8fc,P0036,F0036,local_pdf_text_observation,,3,3,,,,,38b516ff8773e8fc02ed3d135dd0e5e88fe78047dcdae001d208d119728f874f,regex:k_space,E0,0.5,candidate_needs_review,2026-05-16 10:44:26,Automatically extracted observation candidate. Verify against PDF before using as fact.
E-OBS-P0036-k_space-3-19fbc8326a754300,P0036,F0036,local_pdf_text_observation,,3,3,,,,,19fbc8326a75430097acf906c6bf11f089071f2cd936c316714498749af72b24,regex:k_space,E0,0.5,candidate_needs_review,2026-05-16 10:44:26,Automatically extracted observation candidate. Verify against PDF before using as fact.
E-OBS-P0036-band_structure-3-0dd2668b8e393c2f,P0036,F0036,local_pdf_text_observation,,3,3,,,,,0dd2668b8e393c2fc36f507aa726aa8600a60464086a77b7b38b3a81fc0d43fe,regex:band_structure,E0,0.48,candidate_needs_review,2026-05-16 10:44:26,Automatically extracted observation candidate. Verify against PDF before using as fact.
E-OBS-P0036-band_structure-4-97f0612dd96b0e83,P0036,F0036,local_pdf_text_observation,,4,4,,,,,97f0612dd96b0e83d2b17889b13f667819bde618c96ef9c4c8b9b0cb89cd0a47,regex:band_structure,E0,0.48,candidate_needs_review,2026-05-16 10:44:26,Automatically extracted observation candidate. Verify against PDF before using as fact.
E-OBS-P0036-band_structure-4-77e1babe1db26082,P0036,F0036,local_pdf_text_observation,,4,4,,,,,77e1babe1db26082cfec749274790ba81bc5b82d5d1e01d285ba8d0c84676700,regex:band_structure,E0,0.48,candidate_needs_review,2026-05-16 10:44:26,Automatically extracted observation candidate. Verify against PDF before using as fact.
E-OBS-P0036-k_space-5-33ff5bf787953de4,P0036,F0036,local_pdf_text_observation,,5,5,,,,,33ff5bf787953de485895ff8ac5e0ba27fa701f868c51d7927cfa1fb976001ba,regex:k_space,E0,0.5,candidate_needs_review,2026-05-16 10:44:26,Automatically extracted observation candidate. Verify against PDF before using as fact.
E-OBS-P0036-k_space-6-2580c4f3635885fe,P0036,F0036,local_pdf_text_observation,,6,6,,,,,2580c4f3635885fe6977d76a363bb407b324371d826e74bb69a1144168d107f0,regex:k_space,E0,0.5,candidate_needs_review,2026-05-16 10:44:26,Automatically extracted observation candidate. Verify against PDF before using as fact.
E-OBS-P0036-k_space-6-faea709c736066ab,P0036,F0036,local_pdf_text_observation,,6,6,,,,,faea709c736066aba26bb3dbea0f90900c3d1ce62feac62b7091a324b5bcb984,regex:k_space,E0,0.5,candidate_needs_review,2026-05-16 10:44:26,Automatically extracted observation candidate. Verify against PDF before using as fact.
E-OBS-P0036-k_space-6-dbf80fcefc9cdf8f,P0036,F0036,local_pdf_text_observation,,6,6,,,,,dbf80fcefc9cdf8ff7b2271c49abb0bbfb4fa99bc953f529ef73a4a94b7a4814,regex:k_space,E0,0.5,candidate_needs_review,2026-05-16 10:44:26,Automatically extracted observation candidate. Verify against PDF before using as fact.
E-OBS-P0036-polarization-6-f8e033c44f956b98,P0036,F0036,local_pdf_text_observation,,6,6,,,,,f8e033c44f956b988892577c3bb52643c685180d6dc52fbbddf6f921bd3f8315,regex:polarization,E0,0.46,candidate_needs_review,2026-05-16 10:44:26,Automatically extracted observation candidate. Verify against PDF before using as fact.
E-OBS-P0036-polarization-6-faea709c736066ab,P0036,F0036,local_pdf_text_observation,,6,6,,,,,faea709c736066aba26bb3dbea0f90900c3d1ce62feac62b7091a324b5bcb984,regex:polarization,E0,0.46,candidate_needs_review,2026-05-16 10:44:26,Automatically extracted observation candidate. Verify against PDF before using as fact.
E-OBS-P0036-radius-7-05bf73d337e201f6,P0036,F0036,local_pdf_text_observation,,7,7,,,,,05bf73d337e201f69817d8bc1b199691e98fd6aac6a0a4ab20fbdda5ea5f592f,regex:radius,E0,0.48,candidate_needs_review,2026-05-16 10:44:26,Automatically extracted observation candidate. Verify against PDF before using as fact.
E-OBS-P0036-band_structure-7-39bac69957d7dabb,P0036,F0036,local_pdf_text_observation,,7,7,,,,,39bac69957d7dabba5c7666117893210988e58c7c88c9496a1b702095495bf19,regex:band_structure,E0,0.48,candidate_needs_review,2026-05-16 10:44:26,Automatically extracted observation candidate. Verify against PDF before using as fact.
E-OBS-P0036-band_structure-7-6958d4b6a1bf3fed,P0036,F0036,local_pdf_text_observation,,7,7,,,,,6958d4b6a1bf3fedeb286a484582fbb87852bdfa5d44bf5fd6331ab8ca9179c5,regex:band_structure,E0,0.48,candidate_needs_review,2026-05-16 10:44:26,Automatically extracted observation candidate. Verify against PDF before using as fact.
E-OBS-P0036-polarization-7-dc136472f17d88fe,P0036,F0036,local_pdf_text_observation,,7,7,,,,,dc136472f17d88fe9d85fd23a5e16a2f10591abe92ec9f4554e3b69d88734ff6,regex:polarization,E0,0.46,candidate_needs_review,2026-05-16 10:44:26,Automatically extracted observation candidate. Verify against PDF before using as fact.
E-OBS-P0036-polarization-8-d6ba3d40c93ed80e,P0036,F0036,local_pdf_text_observation,,8,8,,,,,d6ba3d40c93ed80e2a8f9213ce12f7926b23100d0a066a2f0a805d4b76fbe348,regex:polarization,E0,0.46,candidate_needs_review,2026-05-16 10:44:26,Automatically extracted observation candidate. Verify against PDF before using as fact.
E-OBS-P0037-wavelength-2-13ea17f82836bce4,P0037,F0037,local_pdf_text_observation,,2,2,,,,,13ea17f82836bce4be5a4faa3b5f92e1513c6c8a557f6948efb108dd0556f2ac,regex:wavelength,E0,0.6,candidate_needs_review,2026-05-16 10:44:26,Automatically extracted observation candidate. Verify against PDF before using as fact.
E-OBS-P0037-wavelength-3-7da12a0956c6d24b,P0037,F0037,local_pdf_text_observation,,3,3,,,,,7da12a0956c6d24b5239677c04ce805dd727bd323c746c49b4be4c3a007f9700,regex:wavelength,E0,0.6,candidate_needs_review,2026-05-16 10:44:26,Automatically extracted observation candidate. Verify against PDF before using as fact.
E-OBS-P0037-spectrum-3-484149049c334c52,P0037,F0037,local_pdf_text_observation,,3,3,,,,,484149049c334c52ae66e0ff7f4f8b44c6fc84cf112f57ae71346a147b9ae19e,regex:spectrum,E0,0.48,candidate_needs_review,2026-05-16 10:44:26,Automatically extracted observation candidate. Verify against PDF before using as fact.
E-OBS-P0037-wavelength-4-72567f9a43bbf29c,P0037,F0037,local_pdf_text_observation,,4,4,,,,,72567f9a43bbf29c4abc9646d9ef64bb359c240b2658f933c73524c5e59b3bbf,regex:wavelength,E0,0.6,candidate_needs_review,2026-05-16 10:44:26,Automatically extracted observation candidate. Verify against PDF before using as fact.
E-OBS-P0038-material-1-96fbaac5cf7364e6,P0038,F0038,local_pdf_text_observation,,1,1,,,,,96fbaac5cf7364e62f0f6e37996060a0d246833a3fb8c6b9c77c409b696c13c9,regex:material,E0,0.42,candidate_needs_review,2026-05-16 10:44:26,Automatically extracted observation candidate. Verify against PDF before using as fact.
E-OBS-P0038-k_space-1-b951e3acb7270507,P0038,F0038,local_pdf_text_observation,,1,1,,,,,b951e3acb7270507962ce736f5e6eddad721a35b310a1fafcaaaaca7230bcdee,regex:k_space,E0,0.5,candidate_needs_review,2026-05-16 10:44:26,Automatically extracted observation candidate. Verify against PDF before using as fact.
E-OBS-P0038-k_space-1-99ec3360c329dd20,P0038,F0038,local_pdf_text_observation,,1,1,,,,,99ec3360c329dd20a047fa8786d6336adc74c0246baef801f8af4bfa7b04e0a1,regex:k_space,E0,0.5,candidate_needs_review,2026-05-16 10:44:26,Automatically extracted observation candidate. Verify against PDF before using as fact.
E-OBS-P0038-band_structure-1-76b1cd5ba1e6b322,P0038,F0038,local_pdf_text_observation,,1,1,,,,,76b1cd5ba1e6b32264bcedf61cad3937cde8ac742650452b7668beb98aaa7c52,regex:band_structure,E0,0.48,candidate_needs_review,2026-05-16 10:44:26,Automatically extracted observation candidate. Verify against PDF before using as fact.
E-OBS-P0038-band_structure-1-fca05fffcb2f8bdf,P0038,F0038,local_pdf_text_observation,,1,1,,,,,fca05fffcb2f8bdfdd0d28f28f54b0c177fe0c810b3e25334f6c82516804401a,regex:band_structure,E0,0.48,candidate_needs_review,2026-05-16 10:44:26,Automatically extracted observation candidate. Verify against PDF before using as fact.
E-OBS-P0038-band_structure-1-11ddc20d76469c9d,P0038,F0038,local_pdf_text_observation,,1,1,,,,,11ddc20d76469c9d1423b0419fe8615392930f0d4526621cfce9e01531647891,regex:band_structure,E0,0.48,candidate_needs_review,2026-05-16 10:44:26,Automatically extracted observation candidate. Verify against PDF before using as fact.
E-OBS-P0038-spectrum-1-08a0c239b4f1efdf,P0038,F0038,local_pdf_text_observation,,1,1,,,,,08a0c239b4f1efdf4a38b2d9b4791b8ca2dfb5da27b99f800b1b033c389a9cab,regex:spectrum,E0,0.48,candidate_needs_review,2026-05-16 10:44:26,Automatically extracted observation candidate. Verify against PDF before using as fact.
E-OBS-P0038-spectrum-1-bb209d8044e0ca01,P0038,F0038,local_pdf_text_observation,,1,1,,,,,bb209d8044e0ca01b93c303d58013158d30b1e647f08cda4e8fa9fd7930cf3b0,regex:spectrum,E0,0.48,candidate_needs_review,2026-05-16 10:44:26,Automatically extracted observation candidate. Verify against PDF before using as fact.
E-OBS-P0038-spectrum-1-47f8dbd8e87d499a,P0038,F0038,local_pdf_text_observation,,1,1,,,,,47f8dbd8e87d499a7f9dbed685a771df31c3e56d5e540548b7484d2478bfe01c,regex:spectrum,E0,0.48,candidate_needs_review,2026-05-16 10:44:26,Automatically extracted observation candidate. Verify against PDF before using as fact.
E-OBS-P0038-polarization-1-fb43c3eab3bba070,P0038,F0038,local_pdf_text_observation,,1,1,,,,,fb43c3eab3bba07013e65665c8aaccaa70fa333803c011f454672a84260c422f,regex:polarization,E0,0.46,candidate_needs_review,2026-05-16 10:44:26,Automatically extracted observation candidate. Verify against PDF before using as fact.
E-OBS-P0038-polarization-1-d21c6ed8b6eaf8ca,P0038,F0038,local_pdf_text_observation,,1,1,,,,,d21c6ed8b6eaf8caea52cbd83b34aec1152d2086c914bdbd7fb14c0bc45431b8,regex:polarization,E0,0.46,candidate_needs_review,2026-05-16 10:44:26,Automatically extracted observation candidate. Verify against PDF before using as fact.
E-OBS-P0038-polarization-1-709bdd2849379b4b,P0038,F0038,local_pdf_text_observation,,1,1,,,,,709bdd2849379b4bf11d980ac69b7e9bb20b8531398e01cbf6a4f28a98fd6b07,regex:polarization,E0,0.46,candidate_needs_review,2026-05-16 10:44:26,Automatically extracted observation candidate. Verify against PDF before using as fact.
E-OBS-P0038-polarization-1-ad656cdaea17138d,P0038,F0038,local_pdf_text_observation,,1,1,,,,,ad656cdaea17138d40f57fa21d968981b75628d0e369a995c5496537469cec7f,regex:polarization,E0,0.46,candidate_needs_review,2026-05-16 10:44:26,Automatically extracted observation candidate. Verify against PDF before using as fact.
E-OBS-P0038-polarization-1-4dfd2cec89da593b,P0038,F0038,local_pdf_text_observation,,1,1,,,,,4dfd2cec89da593ba76c798335eef4e8f4ac4083f5df0a2f0b2c696e69e80aae,regex:polarization,E0,0.46,candidate_needs_review,2026-05-16 10:44:26,Automatically extracted observation candidate. Verify against PDF before using as fact.
E-OBS-P0038-material-2-1c4e5f04757dbb7a,P0038,F0038,local_pdf_text_observation,,2,2,,,,,1c4e5f04757dbb7a7b942d2535bbf0a234a4cdc7595fd5d9593097589aa1850c,regex:material,E0,0.42,candidate_needs_review,2026-05-16 10:44:26,Automatically extracted observation candidate. Verify against PDF before using as fact.
E-OBS-P0038-material-2-2e8172d380b37f8a,P0038,F0038,local_pdf_text_observation,,2,2,,,,,2e8172d380b37f8aa8b1fa117d57d1677e7e6a1e99057bdeab7b313673fbf1cf,regex:material,E0,0.42,candidate_needs_review,2026-05-16 10:44:26,Automatically extracted observation candidate. Verify against PDF before using as fact.
E-OBS-P0038-material-2-20ebe53bb671a97a,P0038,F0038,local_pdf_text_observation,,2,2,,,,,20ebe53bb671a97a2563fa2c6b4399bdc3d13d2f0e2343bcf27145440ee40eea,regex:material,E0,0.42,candidate_needs_review,2026-05-16 10:44:26,Automatically extracted observation candidate. Verify against PDF before using as fact.
E-OBS-P0038-material-2-5f17cfebb2998700,P0038,F0038,local_pdf_text_observation,,2,2,,,,,5f17cfebb2998700465248fd3b4b4111d79ac6e88a0c182894a0fc1da62cdb80,regex:material,E0,0.42,candidate_needs_review,2026-05-16 10:44:26,Automatically extracted observation candidate. Verify against PDF before using as fact.
E-OBS-P0038-k_space-2-412fe043263483c9,P0038,F0038,local_pdf_text_observation,,2,2,,,,,412fe043263483c9ccda70107a2bcd3a91aa43d5bed2eb0c64231dfa6bdfea0f,regex:k_space,E0,0.5,candidate_needs_review,2026-05-16 10:44:26,Automatically extracted observation candidate. Verify against PDF before using as fact.
E-OBS-P0038-k_space-2-cfe1b225c737719f,P0038,F0038,local_pdf_text_observation,,2,2,,,,,cfe1b225c737719f432b1095d3b6b134f4b2c6ab30f486b1ccf2eb3c875b41e3,regex:k_space,E0,0.5,candidate_needs_review,2026-05-16 10:44:26,Automatically extracted observation candidate. Verify against PDF before using as fact.
E-OBS-P0038-band_structure-2-0f7a59f6e73c46fa,P0038,F0038,local_pdf_text_observation,,2,2,,,,,0f7a59f6e73c46fa84d7f5e5177bb7e9ca8cc28e1b20b6fa026a8d68fc6f431e,regex:band_structure,E0,0.48,candidate_needs_review,2026-05-16 10:44:26,Automatically extracted observation candidate. Verify against PDF before using as fact.
E-OBS-P0038-band_structure-2-a8d8f57b80a36381,P0038,F0038,local_pdf_text_observation,,2,2,,,,,a8d8f57b80a36381f958eecba4c0dc8cb0fdec44b723908fc0e8532a1f4a7b68,regex:band_structure,E0,0.48,candidate_needs_review,2026-05-16 10:44:26,Automatically extracted observation candidate. Verify against PDF before using as fact.
E-OBS-P0038-band_structure-2-e24ddc2feefb92a1,P0038,F0038,local_pdf_text_observation,,2,2,,,,,e24ddc2feefb92a188d89b4eefaf911314f872a91ce2657671e1011fcc5faa0e,regex:band_structure,E0,0.48,candidate_needs_review,2026-05-16 10:44:26,Automatically extracted observation candidate. Verify against PDF before using as fact.
E-OBS-P0038-band_structure-2-8fb415abc78c90f9,P0038,F0038,local_pdf_text_observation,,2,2,,,,,8fb415abc78c90f99753856cc2e8a2924804eae3dce56db551c27b8d0663e68d,regex:band_structure,E0,0.48,candidate_needs_review,2026-05-16 10:44:26,Automatically extracted observation candidate. Verify against PDF before using as fact.
E-OBS-P0038-band_structure-2-3793fbeab2a3d6e2,P0038,F0038,local_pdf_text_observation,,2,2,,,,,3793fbeab2a3d6e25065a02f3e17c8f97e087734541ef058b5e25af96e32181a,regex:band_structure,E0,0.48,candidate_needs_review,2026-05-16 10:44:26,Automatically extracted observation candidate. Verify against PDF before using as fact.
E-OBS-P0038-polarization-2-66f8f05d8b23e5c6,P0038,F0038,local_pdf_text_observation,,2,2,,,,,66f8f05d8b23e5c6f7cf34de4454a7a924732b4c8213ea053d70d080bedec5d3,regex:polarization,E0,0.46,candidate_needs_review,2026-05-16 10:44:26,Automatically extracted observation candidate. Verify against PDF before using as fact.
E-OBS-P0038-polarization-2-e85e8d872f886d5b,P0038,F0038,local_pdf_text_observation,,2,2,,,,,e85e8d872f886d5bdd1da364e2d8dc415462b4e3dd16a7fe9bf7e6f0e68f74c1,regex:polarization,E0,0.46,candidate_needs_review,2026-05-16 10:44:26,Automatically extracted observation candidate. Verify against PDF before using as fact.
E-OBS-P0038-polarization-2-0f6942ed7996316a,P0038,F0038,local_pdf_text_observation,,2,2,,,,,0f6942ed7996316a69b98fab9ac3fcd76e457b844318748c0af9a208f119141e,regex:polarization,E0,0.46,candidate_needs_review,2026-05-16 10:44:26,Automatically extracted observation candidate. Verify against PDF before using as fact.
E-OBS-P0038-k_space-3-8732c38f9a5fce41,P0038,F0038,local_pdf_text_observation,,3,3,,,,,8732c38f9a5fce412b58d651bc360e3a168bb132ac2ba68b0c63d39f827b61ef,regex:k_space,E0,0.5,candidate_needs_review,2026-05-16 10:44:26,Automatically extracted observation candidate. Verify against PDF before using as fact.
E-OBS-P0038-k_space-3-4adcbc85fbee08f0,P0038,F0038,local_pdf_text_observation,,3,3,,,,,4adcbc85fbee08f0e2cfc4126f8003889fbf0e2ff45b21970531647d2928ee76,regex:k_space,E0,0.5,candidate_needs_review,2026-05-16 10:44:26,Automatically extracted observation candidate. Verify against PDF before using as fact.
E-OBS-P0038-k_space-3-04f4ec82b7311d9b,P0038,F0038,local_pdf_text_observation,,3,3,,,,,04f4ec82b7311d9bd4d1bf2c8c9df66b0c413d488875cce4e001812c79197cec,regex:k_space,E0,0.5,candidate_needs_review,2026-05-16 10:44:26,Automatically extracted observation candidate. Verify against PDF before using as fact.
E-OBS-P0038-k_space-3-2f13975c385d4958,P0038,F0038,local_pdf_text_observation,,3,3,,,,,2f13975c385d4958e60d31e20701bac9e19992340fbf616c67aedfaf47bc8d41,regex:k_space,E0,0.5,candidate_needs_review,2026-05-16 10:44:26,Automatically extracted observation candidate. Verify against PDF before using as fact.
E-OBS-P0038-spectrum-3-8a8e709b7ec3d300,P0038,F0038,local_pdf_text_observation,,3,3,,,,,8a8e709b7ec3d3006a9b5dbeb52064a4b91c30b80cfd6bca638df13a6f650374,regex:spectrum,E0,0.48,candidate_needs_review,2026-05-16 10:44:26,Automatically extracted observation candidate. Verify against PDF before using as fact.
E-OBS-P0038-spectrum-3-92f2f165eec0620e,P0038,F0038,local_pdf_text_observation,,3,3,,,,,92f2f165eec0620e14388b0dfcd2129b1a28a53da054bd664e53127c2f4de97b,regex:spectrum,E0,0.48,candidate_needs_review,2026-05-16 10:44:26,Automatically extracted observation candidate. Verify against PDF before using as fact.
E-OBS-P0038-spectrum-3-c21e126376b88e4f,P0038,F0038,local_pdf_text_observation,,3,3,,,,,c21e126376b88e4f6235d7e2c0ad3261638c7a718ae3caf8bc087ef38e89056b,regex:spectrum,E0,0.48,candidate_needs_review,2026-05-16 10:44:26,Automatically extracted observation candidate. Verify against PDF before using as fact.
E-OBS-P0038-spectrum-3-f606948a33c79497,P0038,F0038,local_pdf_text_observation,,3,3,,,,,f606948a33c7949780c3667a0df194da58af7b8a840e34d2fcd34df8542d63f4,regex:spectrum,E0,0.48,candidate_needs_review,2026-05-16 10:44:26,Automatically extracted observation candidate. Verify against PDF before using as fact.
E-OBS-P0038-spectrum-4-bbaf85b05d6d155f,P0038,F0038,local_pdf_text_observation,,4,4,,,,,bbaf85b05d6d155f251c20fa0b7eb74370d07bfabd86eb951749e4c5b02a7be6,regex:spectrum,E0,0.48,candidate_needs_review,2026-05-16 10:44:26,Automatically extracted observation candidate. Verify against PDF before using as fact.
E-OBS-P0039-material-2-acd1b84fc384f706,P0039,F0039,local_pdf_text_observation,,2,2,,,,,acd1b84fc384f70650ba9aa76f27b411c15a4b8596bd4ec391d7bf43193985db,regex:material,E0,0.42,candidate_needs_review,2026-05-16 10:44:26,Automatically extracted observation candidate. Verify against PDF before using as fact.
E-OBS-P0039-material-2-7eb94490f1321dbe,P0039,F0039,local_pdf_text_observation,,2,2,,,,,7eb94490f1321dbed2382cf7fd838eb86febc7699eebc210f9b1ba1f9a8d1b5a,regex:material,E0,0.42,candidate_needs_review,2026-05-16 10:44:26,Automatically extracted observation candidate. Verify against PDF before using as fact.
E-OBS-P0039-material-2-894ffc7903137f64,P0039,F0039,local_pdf_text_observation,,2,2,,,,,894ffc7903137f6463ab4a481f56e3f8431c7e631071b58b722f9dcb954ace13,regex:material,E0,0.42,candidate_needs_review,2026-05-16 10:44:26,Automatically extracted observation candidate. Verify against PDF before using as fact.
E-OBS-P0039-material-2-0f48e841ca115aaf,P0039,F0039,local_pdf_text_observation,,2,2,,,,,0f48e841ca115aaf4aa65c8421a08dbafbf254c92aa34fb6fddf2df301694cde,regex:material,E0,0.42,candidate_needs_review,2026-05-16 10:44:26,Automatically extracted observation candidate. Verify against PDF before using as fact.
E-OBS-P0039-material-2-8cb2a22e1008703f,P0039,F0039,local_pdf_text_observation,,2,2,,,,,8cb2a22e1008703fc1f0faff3d8946b87e441e45e5de83e30666ad20fc02ec42,regex:material,E0,0.42,candidate_needs_review,2026-05-16 10:44:26,Automatically extracted observation candidate. Verify against PDF before using as fact.
E-OBS-P0039-material-3-ac399a49617ccf20,P0039,F0039,local_pdf_text_observation,,3,3,,,,,ac399a49617ccf20dae04d6c1f04b1b117746d28900e6b616b31b50f0e4467fb,regex:material,E0,0.42,candidate_needs_review,2026-05-16 10:44:26,Automatically extracted observation candidate. Verify against PDF before using as fact.
E-OBS-P0039-material-3-f4e3912fe51bd98b,P0039,F0039,local_pdf_text_observation,,3,3,,,,,f4e3912fe51bd98b6f76af3a690289b19ddd3ade37b8cca4069d90c23ae9752e,regex:material,E0,0.42,candidate_needs_review,2026-05-16 10:44:26,Automatically extracted observation candidate. Verify against PDF before using as fact.
E-OBS-P0039-material-3-3d00e18c5937d564,P0039,F0039,local_pdf_text_observation,,3,3,,,,,3d00e18c5937d564f000e31f4f943146cc2da7569db5dd37828e47e2a045d6f4,regex:material,E0,0.42,candidate_needs_review,2026-05-16 10:44:26,Automatically extracted observation candidate. Verify against PDF before using as fact.
E-OBS-P0039-band_structure-4-cf2a2a0bf604faa5,P0039,F0039,local_pdf_text_observation,,4,4,,,,,cf2a2a0bf604faa5dceeaec2fb201c853fda0637d6fa39a163a21ed7ecc81ade,regex:band_structure,E0,0.48,candidate_needs_review,2026-05-16 10:44:26,Automatically extracted observation candidate. Verify against PDF before using as fact.
E-OBS-P0039-band_structure-4-3896281b50815dbf,P0039,F0039,local_pdf_text_observation,,4,4,,,,,3896281b50815dbf9b4c4c42abf323bc0914767b7e7a6128e489e1a83b211050,regex:band_structure,E0,0.48,candidate_needs_review,2026-05-16 10:44:26,Automatically extracted observation candidate. Verify against PDF before using as fact.
E-OBS-P0039-polarization-5-14c224aae91aa490,P0039,F0039,local_pdf_text_observation,,5,5,,,,,14c224aae91aa49035dc3559016cef41049039e6ecc4c8bae5abf20b0fbe90b4,regex:polarization,E0,0.46,candidate_needs_review,2026-05-16 10:44:26,Automatically extracted observation candidate. Verify against PDF before using as fact.
E-OBS-P0039-polarization-5-f158676e016359a6,P0039,F0039,local_pdf_text_observation,,5,5,,,,,f158676e016359a6ae598b4d61583eecf122327b8ae98b9909e19c40ba1e8f32,regex:polarization,E0,0.46,candidate_needs_review,2026-05-16 10:44:26,Automatically extracted observation candidate. Verify against PDF before using as fact.
E-OBS-P0039-k_space-7-d8e0e94b094a87c4,P0039,F0039,local_pdf_text_observation,,7,7,,,,,d8e0e94b094a87c4dd308162d27911a8847eb3605e2a7fb0e07d805d3c79adcb,regex:k_space,E0,0.5,candidate_needs_review,2026-05-16 10:44:26,Automatically extracted observation candidate. Verify against PDF before using as fact.
E-OBS-P0039-k_space-7-60cf5c8a6c88b40d,P0039,F0039,local_pdf_text_observation,,7,7,,,,,60cf5c8a6c88b40de9745496125bb08ce990e741fd596990ceb4dc2e73e7f6ae,regex:k_space,E0,0.5,candidate_needs_review,2026-05-16 10:44:26,Automatically extracted observation candidate. Verify against PDF before using as fact.
E-OBS-P0039-k_space-7-bff01f338b7a4fd5,P0039,F0039,local_pdf_text_observation,,7,7,,,,,bff01f338b7a4fd59ca23922f0e9df10ebad1df09b03732c09df09555bdada03,regex:k_space,E0,0.5,candidate_needs_review,2026-05-16 10:44:26,Automatically extracted observation candidate. Verify against PDF before using as fact.
E-OBS-P0039-k_space-7-4fd989aa5de2987f,P0039,F0039,local_pdf_text_observation,,7,7,,,,,4fd989aa5de2987f745213c8cca0a0a14972f9db0015ef32781c08355cee39fa,regex:k_space,E0,0.5,candidate_needs_review,2026-05-16 10:44:26,Automatically extracted observation candidate. Verify against PDF before using as fact.
E-OBS-P0039-spectrum-7-279b207634eaab2d,P0039,F0039,local_pdf_text_observation,,7,7,,,,,279b207634eaab2db450be24c3e03430ba2f0483ad66fd1fe6d831573f3e9e03,regex:spectrum,E0,0.48,candidate_needs_review,2026-05-16 10:44:26,Automatically extracted observation candidate. Verify against PDF before using as fact.
E-OBS-P0039-spectrum-7-53891f5c21bb3742,P0039,F0039,local_pdf_text_observation,,7,7,,,,,53891f5c21bb374237fa851a74a21311dcca387ea1a854147c72e4ef3d73a35b,regex:spectrum,E0,0.48,candidate_needs_review,2026-05-16 10:44:26,Automatically extracted observation candidate. Verify against PDF before using as fact.
E-OBS-P0039-polarization-7-60cf5c8a6c88b40d,P0039,F0039,local_pdf_text_observation,,7,7,,,,,60cf5c8a6c88b40de9745496125bb08ce990e741fd596990ceb4dc2e73e7f6ae,regex:polarization,E0,0.46,candidate_needs_review,2026-05-16 10:44:26,Automatically extracted observation candidate. Verify against PDF before using as fact.
E-OBS-P0039-polarization-7-050fa8db0b1bf454,P0039,F0039,local_pdf_text_observation,,7,7,,,,,050fa8db0b1bf4543dfdfbb0781a1fe69425b08f710936d58dd47de62c87ee78,regex:polarization,E0,0.46,candidate_needs_review,2026-05-16 10:44:26,Automatically extracted observation candidate. Verify against PDF before using as fact.
E-OBS-P0039-polarization-7-57293b4ed4db1249,P0039,F0039,local_pdf_text_observation,,7,7,,,,,57293b4ed4db1249523f695f363d1cb59cd80f47fbd3274819016ef106ca90a6,regex:polarization,E0,0.46,candidate_needs_review,2026-05-16 10:44:26,Automatically extracted observation candidate. Verify against PDF before using as fact.
E-OBS-P0039-polarization-7-4fd989aa5de2987f,P0039,F0039,local_pdf_text_observation,,7,7,,,,,4fd989aa5de2987f745213c8cca0a0a14972f9db0015ef32781c08355cee39fa,regex:polarization,E0,0.46,candidate_needs_review,2026-05-16 10:44:26,Automatically extracted observation candidate. Verify against PDF before using as fact.
E-OBS-P0039-q_factor-8-f9e655cd53da0750,P0039,F0039,local_pdf_text_observation,,8,8,,,,,f9e655cd53da075006576f37cf7d18eb17124a128464960ef858b529c0e81758,regex:q_factor,E0,0.62,candidate_needs_review,2026-05-16 10:44:26,Automatically extracted observation candidate. Verify against PDF before using as fact.
E-OBS-P0039-k_space-8-bf17738c7a7a0588,P0039,F0039,local_pdf_text_observation,,8,8,,,,,bf17738c7a7a0588a224c6b2e3717be104ff1d4549e5b3a1e0ae16be8743a6f9,regex:k_space,E0,0.5,candidate_needs_review,2026-05-16 10:44:26,Automatically extracted observation candidate. Verify against PDF before using as fact.
E-OBS-P0039-k_space-8-d2f76dfd96cf5423,P0039,F0039,local_pdf_text_observation,,8,8,,,,,d2f76dfd96cf5423efc6b3c0f2ef60e07a64df3717d0304875ec8a71de0f71af,regex:k_space,E0,0.5,candidate_needs_review,2026-05-16 10:44:26,Automatically extracted observation candidate. Verify against PDF before using as fact.
E-OBS-P0039-k_space-8-627faa9f3d366a36,P0039,F0039,local_pdf_text_observation,,8,8,,,,,627faa9f3d366a36d3bf5e3facb1f583b3a2fe1dfd96d54cd9e893c0d7094180,regex:k_space,E0,0.5,candidate_needs_review,2026-05-16 10:44:26,Automatically extracted observation candidate. Verify against PDF before using as fact.
E-OBS-P0039-k_space-8-70f3e338bef03c94,P0039,F0039,local_pdf_text_observation,,8,8,,,,,70f3e338bef03c948ed497e9398fd0c54bf4cda621088aaba554c0d7c20d2bbf,regex:k_space,E0,0.5,candidate_needs_review,2026-05-16 10:44:26,Automatically extracted observation candidate. Verify against PDF before using as fact.
E-OBS-P0039-spectrum-8-3ca658fed00d637d,P0039,F0039,local_pdf_text_observation,,8,8,,,,,3ca658fed00d637d4825f513f7681092f802450ed8fa51d9ab2d9df27466cf01,regex:spectrum,E0,0.48,candidate_needs_review,2026-05-16 10:44:26,Automatically extracted observation candidate. Verify against PDF before using as fact.
E-OBS-P0039-polarization-8-bf17738c7a7a0588,P0039,F0039,local_pdf_text_observation,,8,8,,,,,bf17738c7a7a0588a224c6b2e3717be104ff1d4549e5b3a1e0ae16be8743a6f9,regex:polarization,E0,0.46,candidate_needs_review,2026-05-16 10:44:26,Automatically extracted observation candidate. Verify against PDF before using as fact.
E-OBS-P0039-polarization-8-d2f76dfd96cf5423,P0039,F0039,local_pdf_text_observation,,8,8,,,,,d2f76dfd96cf5423efc6b3c0f2ef60e07a64df3717d0304875ec8a71de0f71af,regex:polarization,E0,0.46,candidate_needs_review,2026-05-16 10:44:26,Automatically extracted observation candidate. Verify against PDF before using as fact.
E-OBS-P0040-polarization-1-07067667831aef4d,P0040,F0040,local_pdf_text_observation,,1,1,,,,,07067667831aef4dab7ede7c382e4e498d834acc2c07d42655bfa5f8c035905c,regex:polarization,E0,0.46,candidate_needs_review,2026-05-16 10:44:26,Automatically extracted observation candidate. Verify against PDF before using as fact.
E-OBS-P0040-material-2-57e9c675bca4322d,P0040,F0040,local_pdf_text_observation,,2,2,,,,,57e9c675bca4322dffb4504e3e6d39cfe9a59d88accbd9008721962d67be75eb,regex:material,E0,0.42,candidate_needs_review,2026-05-16 10:44:26,Automatically extracted observation candidate. Verify against PDF before using as fact.
E-OBS-P0040-material-2-86a9556ad672985c,P0040,F0040,local_pdf_text_observation,,2,2,,,,,86a9556ad672985c39c4a5b83619afdf8978c23a2e638d0423b8cc0875a0a6e1,regex:material,E0,0.42,candidate_needs_review,2026-05-16 10:44:26,Automatically extracted observation candidate. Verify against PDF before using as fact.
E-OBS-P0040-spectrum-2-7fc947d30ecc1c1c,P0040,F0040,local_pdf_text_observation,,2,2,,,,,7fc947d30ecc1c1c66a1db3ceb8e26c18f93e3697454324458e77e21f2776ded,regex:spectrum,E0,0.48,candidate_needs_review,2026-05-16 10:44:26,Automatically extracted observation candidate. Verify against PDF before using as fact.
E-OBS-P0040-polarization-2-ae0b722070a571b9,P0040,F0040,local_pdf_text_observation,,2,2,,,,,ae0b722070a571b9a5efd76588d92feb1626f56c7986a20b7adfb7905648248d,regex:polarization,E0,0.46,candidate_needs_review,2026-05-16 10:44:26,Automatically extracted observation candidate. Verify against PDF before using as fact.
E-OBS-P0040-polarization-2-0d0744c4c80422c9,P0040,F0040,local_pdf_text_observation,,2,2,,,,,0d0744c4c80422c910f4d046590c1edbaf2a962161e6745f7eda7196dcb02fe8,regex:polarization,E0,0.46,candidate_needs_review,2026-05-16 10:44:26,Automatically extracted observation candidate. Verify against PDF before using as fact.
E-OBS-P0040-polarization-2-eea090e93b48d1e5,P0040,F0040,local_pdf_text_observation,,2,2,,,,,eea090e93b48d1e5f576388eb8c5de169ea077ee71ad5cc428158bf6496ddd12,regex:polarization,E0,0.46,candidate_needs_review,2026-05-16 10:44:26,Automatically extracted observation candidate. Verify against PDF before using as fact.
E-OBS-P0040-polarization-2-9d58e06c4cdd771a,P0040,F0040,local_pdf_text_observation,,2,2,,,,,9d58e06c4cdd771a9c16fcd226ee8e6e5d687cde08e456217ace55206bd23ccd,regex:polarization,E0,0.46,candidate_needs_review,2026-05-16 10:44:26,Automatically extracted observation candidate. Verify against PDF before using as fact.
E-OBS-P0040-polarization-2-0a97829593171c84,P0040,F0040,local_pdf_text_observation,,2,2,,,,,0a97829593171c84b5c3577fa258c4cda5ecf99f5d8997503817a3f39cb54e26,regex:polarization,E0,0.46,candidate_needs_review,2026-05-16 10:44:26,Automatically extracted observation candidate. Verify against PDF before using as fact.
E-OBS-P0040-diameter-3-2199b95e02f113db,P0040,F0040,local_pdf_text_observation,,3,3,,,,,2199b95e02f113db8ebe8fbbcfa7183e42f86f1372f13be4854fc6310d004e12,regex:diameter,E0,0.45,candidate_needs_review,2026-05-16 10:44:26,Automatically extracted observation candidate. Verify against PDF before using as fact.
E-OBS-P0040-material-3-e606142e6f97488f,P0040,F0040,local_pdf_text_observation,,3,3,,,,,e606142e6f97488fc4c5b5f418dbe63a0854306903d77dc86e5c766e500b97b1,regex:material,E0,0.42,candidate_needs_review,2026-05-16 10:44:26,Automatically extracted observation candidate. Verify against PDF before using as fact.
E-OBS-P0040-material-3-8ec1c7cadf951887,P0040,F0040,local_pdf_text_observation,,3,3,,,,,8ec1c7cadf951887ad79a17911ff1e54b8a99ce655efe88b2216d1c33533c587,regex:material,E0,0.42,candidate_needs_review,2026-05-16 10:44:26,Automatically extracted observation candidate. Verify against PDF before using as fact.
E-OBS-P0040-material-3-a97292db9e948b48,P0040,F0040,local_pdf_text_observation,,3,3,,,,,a97292db9e948b486459516d0aaf540e220270b08aadb3e35e2ae8918bfecc81,regex:material,E0,0.42,candidate_needs_review,2026-05-16 10:44:26,Automatically extracted observation candidate. Verify against PDF before using as fact.
E-OBS-P0040-material-3-5aa8432fa23efbd9,P0040,F0040,local_pdf_text_observation,,3,3,,,,,5aa8432fa23efbd9efb2515a22cd107c81330bfae80d3f9510325d11a9fd0a2e,regex:material,E0,0.42,candidate_needs_review,2026-05-16 10:44:26,Automatically extracted observation candidate. Verify against PDF before using as fact.
E-OBS-P0040-spectrum-3-d24f890fda740bab,P0040,F0040,local_pdf_text_observation,,3,3,,,,,d24f890fda740bab1da7e9b9bb1b3829888abf51d56f380b576c45c00b64e6d1,regex:spectrum,E0,0.48,candidate_needs_review,2026-05-16 10:44:26,Automatically extracted observation candidate. Verify against PDF before using as fact.
E-OBS-P0040-spectrum-3-5d71318530036ad1,P0040,F0040,local_pdf_text_observation,,3,3,,,,,5d71318530036ad12648598c1099636c24ec5aef356c672633a91ace0267c45a,regex:spectrum,E0,0.48,candidate_needs_review,2026-05-16 10:44:26,Automatically extracted observation candidate. Verify against PDF before using as fact.
E-OBS-P0040-polarization-3-1df0aaccecb03cae,P0040,F0040,local_pdf_text_observation,,3,3,,,,,1df0aaccecb03caea5bc9dbd6e72bd6e090e8c45e937ed6c566a502077416e96,regex:polarization,E0,0.46,candidate_needs_review,2026-05-16 10:44:26,Automatically extracted observation candidate. Verify against PDF before using as fact.
E-OBS-P0040-material-4-ef77215601bf728b,P0040,F0040,local_pdf_text_observation,,4,4,,,,,ef77215601bf728b4120e0dab85f960313d39d37c68eeebbb6793d4d6e630007,regex:material,E0,0.42,candidate_needs_review,2026-05-16 10:44:26,Automatically extracted observation candidate. Verify against PDF before using as fact.
E-OBS-P0040-material-4-5d839623cf5f1dcd,P0040,F0040,local_pdf_text_observation,,4,4,,,,,5d839623cf5f1dcdd08e290a5ad802b6548a453ec22d53a689d7d913fba9b18d,regex:material,E0,0.42,candidate_needs_review,2026-05-16 10:44:26,Automatically extracted observation candidate. Verify against PDF before using as fact.
E-OBS-P0040-k_space-4-02bec59f146b445b,P0040,F0040,local_pdf_text_observation,,4,4,,,,,02bec59f146b445b22f57b752add079d818b3f604a21aa28dbaecb7c204cbfd6,regex:k_space,E0,0.5,candidate_needs_review,2026-05-16 10:44:26,Automatically extracted observation candidate. Verify against PDF before using as fact.
E-OBS-P0040-k_space-4-c006c80f6bd61706,P0040,F0040,local_pdf_text_observation,,4,4,,,,,c006c80f6bd61706ab69845ea2a22cb388f9b0adeb5dd74a6c40bcc30d3535bf,regex:k_space,E0,0.5,candidate_needs_review,2026-05-16 10:44:26,Automatically extracted observation candidate. Verify against PDF before using as fact.
E-OBS-P0040-spectrum-4-a780ee3258b6fc51,P0040,F0040,local_pdf_text_observation,,4,4,,,,,a780ee3258b6fc5114c45c97e2f9cdfbaea801056ebcbb541b485ee83db54e49,regex:spectrum,E0,0.48,candidate_needs_review,2026-05-16 10:44:26,Automatically extracted observation candidate. Verify against PDF before using as fact.
E-OBS-P0040-spectrum-4-cd9b3373700ccc5d,P0040,F0040,local_pdf_text_observation,,4,4,,,,,cd9b3373700ccc5dddd7ae9d709a1c550127e383fc8a5cac07df7a626f852f94,regex:spectrum,E0,0.48,candidate_needs_review,2026-05-16 10:44:26,Automatically extracted observation candidate. Verify against PDF before using as fact.
E-OBS-P0040-k_space-5-964b11884033c360,P0040,F0040,local_pdf_text_observation,,5,5,,,,,964b11884033c3603be91c5ebb2aa6c31370ad9b2fa3bf4401ef64f982bf506e,regex:k_space,E0,0.5,candidate_needs_review,2026-05-16 10:44:26,Automatically extracted observation candidate. Verify against PDF before using as fact.
E-OBS-P0040-k_space-5-783497d3014222bf,P0040,F0040,local_pdf_text_observation,,5,5,,,,,783497d3014222bf83f7352c204c0343b3615d2e1239aa0a665cf7951244d534,regex:k_space,E0,0.5,candidate_needs_review,2026-05-16 10:44:26,Automatically extracted observation candidate. Verify against PDF before using as fact.
E-OBS-P0040-polarization-5-a1d142087fc00681,P0040,F0040,local_pdf_text_observation,,5,5,,,,,a1d142087fc00681e5c7e7c8ddcc03b3e49792473f1146d9b90370a42e06ec15,regex:polarization,E0,0.46,candidate_needs_review,2026-05-16 10:44:26,Automatically extracted observation candidate. Verify against PDF before using as fact.
E-OBS-P0040-band_structure-6-a5eae5cd1b4855d6,P0040,F0040,local_pdf_text_observation,,6,6,,,,,a5eae5cd1b4855d6f899b7abf8de6eb2ad5fd86f24320c8087ce489592d8e84f,regex:band_structure,E0,0.48,candidate_needs_review,2026-05-16 10:44:26,Automatically extracted observation candidate. Verify against PDF before using as fact.
E-OBS-P0040-spectrum-6-59b94bddbbe07fe2,P0040,F0040,local_pdf_text_observation,,6,6,,,,,59b94bddbbe07fe274c616d89066eeeac4a303117a67e8bba1896f4a3c834898,regex:spectrum,E0,0.48,candidate_needs_review,2026-05-16 10:44:26,Automatically extracted observation candidate. Verify against PDF before using as fact.
E-OBS-P0040-spectrum-6-ed39bd32996506b3,P0040,F0040,local_pdf_text_observation,,6,6,,,,,ed39bd32996506b3d60298338573a8e0eff7c5afcd0fc3a59cc54cf6e76ab6f2,regex:spectrum,E0,0.48,candidate_needs_review,2026-05-16 10:44:26,Automatically extracted observation candidate. Verify against PDF before using as fact.
E-OBS-P0040-spectrum-6-539ca6733c167b47,P0040,F0040,local_pdf_text_observation,,6,6,,,,,539ca6733c167b4753f09600eb2fe12d79697d08844498b05df35eb187a54be0,regex:spectrum,E0,0.48,candidate_needs_review,2026-05-16 10:44:26,Automatically extracted observation candidate. Verify against PDF before using as fact.
E-OBS-P0040-band_structure-7-0420713a63b9dab0,P0040,F0040,local_pdf_text_observation,,7,7,,,,,0420713a63b9dab036889f4eb8b109d2f79e45dd75cda4b15d01110333390f65,regex:band_structure,E0,0.48,candidate_needs_review,2026-05-16 10:44:26,Automatically extracted observation candidate. Verify against PDF before using as fact.
E-OBS-P0040-k_space-8-7cb53664fad23161,P0040,F0040,local_pdf_text_observation,,8,8,,,,,7cb53664fad2316193f55f848b1572dda7163bbdf33cfdbc70981107974f8b7e,regex:k_space,E0,0.5,candidate_needs_review,2026-05-16 10:44:26,Automatically extracted observation candidate. Verify against PDF before using as fact.
E-OBS-P0041-material-1-f59829fa64c78654,P0041,F0041,local_pdf_text_observation,,1,1,,,,,f59829fa64c78654ba43db8206803e6cc4f92fa2a6aafdae721cbccfb49f385a,regex:material,E0,0.42,candidate_needs_review,2026-05-16 10:44:26,Automatically extracted observation candidate. Verify against PDF before using as fact.
E-OBS-P0041-band_structure-1-bffd8cf4ffb4c4ce,P0041,F0041,local_pdf_text_observation,,1,1,,,,,bffd8cf4ffb4c4cee31510fa0c7e9b2f2fa050187a93096147a12bfce812e6df,regex:band_structure,E0,0.48,candidate_needs_review,2026-05-16 10:44:26,Automatically extracted observation candidate. Verify against PDF before using as fact.
E-OBS-P0041-polarization-1-82ab13ed61a79d14,P0041,F0041,local_pdf_text_observation,,1,1,,,,,82ab13ed61a79d14bf707fe9c9f984ffe6d304c8802c9e6984c27ed2ee56ed03,regex:polarization,E0,0.46,candidate_needs_review,2026-05-16 10:44:26,Automatically extracted observation candidate. Verify against PDF before using as fact.
E-OBS-P0041-polarization-1-80cdb5b6c2920059,P0041,F0041,local_pdf_text_observation,,1,1,,,,,80cdb5b6c2920059931880f8aacbdced0bb517261a653fa9b3b255a3545751f4,regex:polarization,E0,0.46,candidate_needs_review,2026-05-16 10:44:26,Automatically extracted observation candidate. Verify against PDF before using as fact.
E-OBS-P0041-material-2-c5f40f3518169821,P0041,F0041,local_pdf_text_observation,,2,2,,,,,c5f40f3518169821fc0332eb5b5c38d5d2b7369aba743140a59d899d4c89598a,regex:material,E0,0.42,candidate_needs_review,2026-05-16 10:44:26,Automatically extracted observation candidate. Verify against PDF before using as fact.
E-OBS-P0041-material-2-9574cc17ec16c167,P0041,F0041,local_pdf_text_observation,,2,2,,,,,9574cc17ec16c167ab77129ad933f0d63ffb804c47ef03fa3c88cd4feefa0f90,regex:material,E0,0.42,candidate_needs_review,2026-05-16 10:44:26,Automatically extracted observation candidate. Verify against PDF before using as fact.
E-OBS-P0041-band_structure-2-e9aadf10cfdd0802,P0041,F0041,local_pdf_text_observation,,2,2,,,,,e9aadf10cfdd0802ff9e2011dd39a4400660aa5d7d9e52d3efa9717cd160b9b0,regex:band_structure,E0,0.48,candidate_needs_review,2026-05-16 10:44:26,Automatically extracted observation candidate. Verify against PDF before using as fact.
E-OBS-P0041-polarization-2-fcef9023bb9c7eef,P0041,F0041,local_pdf_text_observation,,2,2,,,,,fcef9023bb9c7eef802e7fb880365070162bc76331eb40938054602299e5ff89,regex:polarization,E0,0.46,candidate_needs_review,2026-05-16 10:44:26,Automatically extracted observation candidate. Verify against PDF before using as fact.
E-OBS-P0041-polarization-2-b0a743151852a5fd,P0041,F0041,local_pdf_text_observation,,2,2,,,,,b0a743151852a5fd8628ff025fe02b6d29c4245b406547bad1e220b20a22c650,regex:polarization,E0,0.46,candidate_needs_review,2026-05-16 10:44:26,Automatically extracted observation candidate. Verify against PDF before using as fact.
E-OBS-P0041-polarization-2-47cf9b6269b55f71,P0041,F0041,local_pdf_text_observation,,2,2,,,,,47cf9b6269b55f7195415a55430b6703d749eb76525cc03ee6e25bead106b492,regex:polarization,E0,0.46,candidate_needs_review,2026-05-16 10:44:26,Automatically extracted observation candidate. Verify against PDF before using as fact.
E-OBS-P0041-material-3-defd5ae1f84b5b42,P0041,F0041,local_pdf_text_observation,,3,3,,,,,defd5ae1f84b5b42e73b360d298aaae15908845bb5dc44ad172b61662b3668b8,regex:material,E0,0.42,candidate_needs_review,2026-05-16 10:44:26,Automatically extracted observation candidate. Verify against PDF before using as fact.
E-OBS-P0041-material-3-03ad16d02ce5daa7,P0041,F0041,local_pdf_text_observation,,3,3,,,,,03ad16d02ce5daa7b1846e8323dda364d350251fdd234862e46f4587ae80740e,regex:material,E0,0.42,candidate_needs_review,2026-05-16 10:44:26,Automatically extracted observation candidate. Verify against PDF before using as fact.
E-OBS-P0041-k_space-3-a8dba7ac3369497d,P0041,F0041,local_pdf_text_observation,,3,3,,,,,a8dba7ac3369497d7b8ea03665c1c07275230c58162deda41ddc009aaf912c97,regex:k_space,E0,0.5,candidate_needs_review,2026-05-16 10:44:26,Automatically extracted observation candidate. Verify against PDF before using as fact.
E-OBS-P0041-band_structure-3-be4ee3d2d5022e04,P0041,F0041,local_pdf_text_observation,,3,3,,,,,be4ee3d2d5022e0408c68b715ac262c2677de9c0e3038aceeeb2f5a5420a021a,regex:band_structure,E0,0.48,candidate_needs_review,2026-05-16 10:44:26,Automatically extracted observation candidate. Verify against PDF before using as fact.
E-OBS-P0041-polarization-3-f5a1ea3dd820342b,P0041,F0041,local_pdf_text_observation,,3,3,,,,,f5a1ea3dd820342b1699dff3b6996fc21d33ee6b871fecd7c7e91ad6ea103176,regex:polarization,E0,0.46,candidate_needs_review,2026-05-16 10:44:26,Automatically extracted observation candidate. Verify against PDF before using as fact.
E-OBS-P0041-polarization-3-fd3a49c349ff1a20,P0041,F0041,local_pdf_text_observation,,3,3,,,,,fd3a49c349ff1a20ee824880fc1f6c1f8f0d85294842246ba34d91cecff27823,regex:polarization,E0,0.46,candidate_needs_review,2026-05-16 10:44:26,Automatically extracted observation candidate. Verify against PDF before using as fact.
E-OBS-P0041-material-4-74141fae36b814e0,P0041,F0041,local_pdf_text_observation,,4,4,,,,,74141fae36b814e0e1c9e7b4901518949b46be5e38e611269469989c21d34099,regex:material,E0,0.42,candidate_needs_review,2026-05-16 10:44:26,Automatically extracted observation candidate. Verify against PDF before using as fact.
E-OBS-P0041-material-4-cfaca7a4a35d3e7a,P0041,F0041,local_pdf_text_observation,,4,4,,,,,cfaca7a4a35d3e7a3d8f2f6c061156a2380f8ea8c554def3b835e5bad43b4d5b,regex:material,E0,0.42,candidate_needs_review,2026-05-16 10:44:26,Automatically extracted observation candidate. Verify against PDF before using as fact.
E-OBS-P0041-material-4-ca4cd50728fc859f,P0041,F0041,local_pdf_text_observation,,4,4,,,,,ca4cd50728fc859fc2b891604a64527ec2c797bb85a308e44fea321d8da208e1,regex:material,E0,0.42,candidate_needs_review,2026-05-16 10:44:26,Automatically extracted observation candidate. Verify against PDF before using as fact.
E-OBS-P0041-k_space-7-1738452142ee8753,P0041,F0041,local_pdf_text_observation,,7,7,,,,,1738452142ee8753f57db6b61cc9e293061c4bbe0331154ea5117ba09ea52ebe,regex:k_space,E0,0.5,candidate_needs_review,2026-05-16 10:44:26,Automatically extracted observation candidate. Verify against PDF before using as fact.
E-OBS-P0041-k_space-7-b539e542c7c5e827,P0041,F0041,local_pdf_text_observation,,7,7,,,,,b539e542c7c5e827f59256a1dcba88cb5ad31526255769691e8451e52f61c9ce,regex:k_space,E0,0.5,candidate_needs_review,2026-05-16 10:44:26,Automatically extracted observation candidate. Verify against PDF before using as fact.
E-OBS-P0041-band_structure-8-f4530a0b316bd96c,P0041,F0041,local_pdf_text_observation,,8,8,,,,,f4530a0b316bd96c1adc21ec9dc0615c6595bc0687a1a27013298217ce7ad8ba,regex:band_structure,E0,0.48,candidate_needs_review,2026-05-16 10:44:26,Automatically extracted observation candidate. Verify against PDF before using as fact.
E-OBS-P0041-band_structure-8-ca15e9e3938f1941,P0041,F0041,local_pdf_text_observation,,8,8,,,,,ca15e9e3938f19416e255ff859841af0e68d0db05b2450fc7c69477317f66349,regex:band_structure,E0,0.48,candidate_needs_review,2026-05-16 10:44:26,Automatically extracted observation candidate. Verify against PDF before using as fact.
E-OBS-P0042-material-1-5589c987e0da7df1,P0042,F0042,local_pdf_text_observation,,1,1,,,,,5589c987e0da7df106b1a89fd711b2fe152cb5f16464e426497b04a647a4b235,regex:material,E0,0.42,candidate_needs_review,2026-05-16 10:44:26,Automatically extracted observation candidate. Verify against PDF before using as fact.
E-OBS-P0042-k_space-1-47432e8719f07de3,P0042,F0042,local_pdf_text_observation,,1,1,,,,,47432e8719f07de3a3cda01e19d914be90701a244ae4408db53455a04bac27ac,regex:k_space,E0,0.5,candidate_needs_review,2026-05-16 10:44:26,Automatically extracted observation candidate. Verify against PDF before using as fact.
E-OBS-P0042-material-2-64bdd2a220665c41,P0042,F0042,local_pdf_text_observation,,2,2,,,,,64bdd2a220665c4142ac60fac8dd3daa12316ba51e694f6b40f5003259452063,regex:material,E0,0.42,candidate_needs_review,2026-05-16 10:44:26,Automatically extracted observation candidate. Verify against PDF before using as fact.
E-OBS-P0042-material-2-38110a3ec0ec4c80,P0042,F0042,local_pdf_text_observation,,2,2,,,,,38110a3ec0ec4c80f77b1a1d36f0edf93cc10569eedf91a20df5dd08dd854724,regex:material,E0,0.42,candidate_needs_review,2026-05-16 10:44:26,Automatically extracted observation candidate. Verify against PDF before using as fact.
E-OBS-P0042-material-2-021663685ade7986,P0042,F0042,local_pdf_text_observation,,2,2,,,,,021663685ade798690b0b736fd6bbfcb83a0e9f7a6c56c4054463f94dc0e1144,regex:material,E0,0.42,candidate_needs_review,2026-05-16 10:44:26,Automatically extracted observation candidate. Verify against PDF before using as fact.
E-OBS-P0042-k_space-2-3dd7da22c9d38fd8,P0042,F0042,local_pdf_text_observation,,2,2,,,,,3dd7da22c9d38fd81617e8e2ef11115af75a4217d34fdde785c57c081d3f65b8,regex:k_space,E0,0.5,candidate_needs_review,2026-05-16 10:44:26,Automatically extracted observation candidate. Verify against PDF before using as fact.
E-OBS-P0042-k_space-2-105713cc45aefabd,P0042,F0042,local_pdf_text_observation,,2,2,,,,,105713cc45aefabda94b6ac8d2d3bd46f61c6a1f7b9fadab51472611375a6f02,regex:k_space,E0,0.5,candidate_needs_review,2026-05-16 10:44:26,Automatically extracted observation candidate. Verify against PDF before using as fact.
E-OBS-P0042-material-3-d96cb06b8cfbbab9,P0042,F0042,local_pdf_text_observation,,3,3,,,,,d96cb06b8cfbbab92e76dab01247dd06b4941c3e030d2d811bd8f2f5f69e416a,regex:material,E0,0.42,candidate_needs_review,2026-05-16 10:44:26,Automatically extracted observation candidate. Verify against PDF before using as fact.
E-OBS-P0042-material-3-d095812822949912,P0042,F0042,local_pdf_text_observation,,3,3,,,,,d095812822949912c244bdcaa803ca915ed3dd74ffe6a718e8c5b28d37fc0bf9,regex:material,E0,0.42,candidate_needs_review,2026-05-16 10:44:26,Automatically extracted observation candidate. Verify against PDF before using as fact.
E-OBS-P0042-band_structure-3-188050c9294109ef,P0042,F0042,local_pdf_text_observation,,3,3,,,,,188050c9294109ef79bf0da3e48b7429bc7c54abb7bd8e09e6f76f4a51043d86,regex:band_structure,E0,0.48,candidate_needs_review,2026-05-16 10:44:26,Automatically extracted observation candidate. Verify against PDF before using as fact.
E-OBS-P0042-material-4-4285eb979975fc62,P0042,F0042,local_pdf_text_observation,,4,4,,,,,4285eb979975fc62fd8bb3af9940248e55ecad34316ea0d0fa6bd236c931bc3d,regex:material,E0,0.42,candidate_needs_review,2026-05-16 10:44:26,Automatically extracted observation candidate. Verify against PDF before using as fact.
E-OBS-P0042-material-4-2474aeb70d39d28d,P0042,F0042,local_pdf_text_observation,,4,4,,,,,2474aeb70d39d28dac7ca3f0d5ee2389aa777b79dbade6887d70b346d02cfe97,regex:material,E0,0.42,candidate_needs_review,2026-05-16 10:44:26,Automatically extracted observation candidate. Verify against PDF before using as fact.
E-OBS-P0042-band_structure-4-39aac2b58ee58106,P0042,F0042,local_pdf_text_observation,,4,4,,,,,39aac2b58ee581064cf0c40a4e25a58b9233bcd803c0655dd5abfb2859aff32a,regex:band_structure,E0,0.48,candidate_needs_review,2026-05-16 10:44:26,Automatically extracted observation candidate. Verify against PDF before using as fact.
E-OBS-P0042-band_structure-4-8737292ae95e3d93,P0042,F0042,local_pdf_text_observation,,4,4,,,,,8737292ae95e3d939383491fdb94569acba25ca57baf64f7be59d5d962f781ee,regex:band_structure,E0,0.48,candidate_needs_review,2026-05-16 10:44:26,Automatically extracted observation candidate. Verify against PDF before using as fact.
E-OBS-P0042-band_structure-4-463bbfe89ca0afff,P0042,F0042,local_pdf_text_observation,,4,4,,,,,463bbfe89ca0afff2b1f58dc8314f286a2ebabbb62cbeadeda74444b4835d99f,regex:band_structure,E0,0.48,candidate_needs_review,2026-05-16 10:44:26,Automatically extracted observation candidate. Verify against PDF before using as fact.
E-OBS-P0042-k_space-5-e5508a910773a91e,P0042,F0042,local_pdf_text_observation,,5,5,,,,,e5508a910773a91e11f7ec5e9fbc3defb33eb4da33e35836945f076f6b3a6dda,regex:k_space,E0,0.5,candidate_needs_review,2026-05-16 10:44:26,Automatically extracted observation candidate. Verify against PDF before using as fact.
E-OBS-P0042-band_structure-5-4119b330fb97d826,P0042,F0042,local_pdf_text_observation,,5,5,,,,,4119b330fb97d826b4627bd792aa607c86d6cf453f262119ba4d0ea8a01db9ec,regex:band_structure,E0,0.48,candidate_needs_review,2026-05-16 10:44:26,Automatically extracted observation candidate. Verify against PDF before using as fact.
E-OBS-P0042-band_structure-5-0094f9d0eb9d7538,P0042,F0042,local_pdf_text_observation,,5,5,,,,,0094f9d0eb9d75389d92fae4245f7b4cec0165e7c43f9a5823506965ab07edd8,regex:band_structure,E0,0.48,candidate_needs_review,2026-05-16 10:44:26,Automatically extracted observation candidate. Verify against PDF before using as fact.
E-OBS-P0042-k_space-6-3fc5ac000d822394,P0042,F0042,local_pdf_text_observation,,6,6,,,,,3fc5ac000d82239445828c83b57bc6e8c01f7378c734a153acae032ed92ab3e1,regex:k_space,E0,0.5,candidate_needs_review,2026-05-16 10:44:26,Automatically extracted observation candidate. Verify against PDF before using as fact.
E-OBS-P0042-polarization-6-3fc5ac000d822394,P0042,F0042,local_pdf_text_observation,,6,6,,,,,3fc5ac000d82239445828c83b57bc6e8c01f7378c734a153acae032ed92ab3e1,regex:polarization,E0,0.46,candidate_needs_review,2026-05-16 10:44:26,Automatically extracted observation candidate. Verify against PDF before using as fact.
E-OBS-P0042-band_structure-7-a7143db7ba7d3d6d,P0042,F0042,local_pdf_text_observation,,7,7,,,,,a7143db7ba7d3d6d0e194b2920f89ead0d8b75432ca695ad832551902e3cf2ab,regex:band_structure,E0,0.48,candidate_needs_review,2026-05-16 10:44:26,Automatically extracted observation candidate. Verify against PDF before using as fact.
E-OBS-P0042-band_structure-7-c01675d5629afd2d,P0042,F0042,local_pdf_text_observation,,7,7,,,,,c01675d5629afd2d022d3a0c524111b9333fd9efa86843c461dc1be036e771d0,regex:band_structure,E0,0.48,candidate_needs_review,2026-05-16 10:44:26,Automatically extracted observation candidate. Verify against PDF before using as fact.
E-OBS-P0042-polarization-7-355fe5e10e28013f,P0042,F0042,local_pdf_text_observation,,7,7,,,,,355fe5e10e28013f2b8197845b803868567c142f7af2b9c2015c582a961539e3,regex:polarization,E0,0.46,candidate_needs_review,2026-05-16 10:44:26,Automatically extracted observation candidate. Verify against PDF before using as fact.
E-OBS-P0043-material-1-a8c47b1c780bd18e,P0043,F0043,local_pdf_text_observation,,1,1,,,,,a8c47b1c780bd18ea883314b3d78f6f8f4420635724611a09f15bdebd998b82b,regex:material,E0,0.42,candidate_needs_review,2026-05-16 10:44:26,Automatically extracted observation candidate. Verify against PDF before using as fact.
E-OBS-P0043-material-1-8e61ea88c0cc07b1,P0043,F0043,local_pdf_text_observation,,1,1,,,,,8e61ea88c0cc07b11c4c5a992df951852c003d245b1096612976720f0c34f926,regex:material,E0,0.42,candidate_needs_review,2026-05-16 10:44:26,Automatically extracted observation candidate. Verify against PDF before using as fact.
E-OBS-P0043-material-1-84bab562efcf9712,P0043,F0043,local_pdf_text_observation,,1,1,,,,,84bab562efcf9712803245416381fea45ecb70676e3534073ceb2aae701ab55e,regex:material,E0,0.42,candidate_needs_review,2026-05-16 10:44:26,Automatically extracted observation candidate. Verify against PDF before using as fact.
E-OBS-P0043-material-1-c04f16ea0f203a44,P0043,F0043,local_pdf_text_observation,,1,1,,,,,c04f16ea0f203a445cf3147a48833d3db76105971c5ad8dda0086eb66f72f713,regex:material,E0,0.42,candidate_needs_review,2026-05-16 10:44:26,Automatically extracted observation candidate. Verify against PDF before using as fact.
E-OBS-P0043-material-1-6bab50db1ac977f3,P0043,F0043,local_pdf_text_observation,,1,1,,,,,6bab50db1ac977f312b8313794a27703baa7885791b8d1e490ada03f707ee4cb,regex:material,E0,0.42,candidate_needs_review,2026-05-16 10:44:26,Automatically extracted observation candidate. Verify against PDF before using as fact.
E-OBS-P0043-band_structure-1-e5296ea8bc736e9d,P0043,F0043,local_pdf_text_observation,,1,1,,,,,e5296ea8bc736e9d8c8ee275baada40fd4713c0c0496c0bd79cb35acae47e5d6,regex:band_structure,E0,0.48,candidate_needs_review,2026-05-16 10:44:26,Automatically extracted observation candidate. Verify against PDF before using as fact.
E-OBS-P0043-band_structure-1-16f56591eb27385b,P0043,F0043,local_pdf_text_observation,,1,1,,,,,16f56591eb27385bbbc387f98b1736bfe4a911f69664fe16904080a6d7e42026,regex:band_structure,E0,0.48,candidate_needs_review,2026-05-16 10:44:26,Automatically extracted observation candidate. Verify against PDF before using as fact.
E-OBS-P0043-material-2-6b089a41f0d91816,P0043,F0043,local_pdf_text_observation,,2,2,,,,,6b089a41f0d91816197e37775c2cf919796f6ccb4ea26d628017ff0abdca9d02,regex:material,E0,0.42,candidate_needs_review,2026-05-16 10:44:26,Automatically extracted observation candidate. Verify against PDF before using as fact.
E-OBS-P0043-material-2-2de997001459af20,P0043,F0043,local_pdf_text_observation,,2,2,,,,,2de997001459af209fc621f7d54f48833d705e226d0b7151e694ca9fcb380f5c,regex:material,E0,0.42,candidate_needs_review,2026-05-16 10:44:26,Automatically extracted observation candidate. Verify against PDF before using as fact.
E-OBS-P0043-spectrum-2-10c9ca94dc9f255e,P0043,F0043,local_pdf_text_observation,,2,2,,,,,10c9ca94dc9f255e71657c6578a0c7a26804ed02eca3397279b3d98449f0fca6,regex:spectrum,E0,0.48,candidate_needs_review,2026-05-16 10:44:26,Automatically extracted observation candidate. Verify against PDF before using as fact.
E-OBS-P0043-polarization-2-fb0fff0f897fa592,P0043,F0043,local_pdf_text_observation,,2,2,,,,,fb0fff0f897fa592ede3d2ff071a61264e43b04f471bda8d23e02d77f2cda3e2,regex:polarization,E0,0.46,candidate_needs_review,2026-05-16 10:44:26,Automatically extracted observation candidate. Verify against PDF before using as fact.
E-OBS-P0043-polarization-2-747cd2d365318599,P0043,F0043,local_pdf_text_observation,,2,2,,,,,747cd2d36531859998892496d979bfe7f986558b763553f7fe3f2d431eea88f7,regex:polarization,E0,0.46,candidate_needs_review,2026-05-16 10:44:26,Automatically extracted observation candidate. Verify against PDF before using as fact.
E-OBS-P0043-polarization-2-add7902bbf828835,P0043,F0043,local_pdf_text_observation,,2,2,,,,,add7902bbf8288350d792806f48f4cd40aa3d5feaaf79c2339b44f8433a24293,regex:polarization,E0,0.46,candidate_needs_review,2026-05-16 10:44:26,Automatically extracted observation candidate. Verify against PDF before using as fact.
E-OBS-P0043-material-4-6300ed977503aca8,P0043,F0043,local_pdf_text_observation,,4,4,,,,,6300ed977503aca8b8b26f65412376b97f98b24f4655efcd53ef355368208328,regex:material,E0,0.42,candidate_needs_review,2026-05-16 10:44:26,Automatically extracted observation candidate. Verify against PDF before using as fact.
E-OBS-P0043-band_structure-4-f5601f5aaf9fea59,P0043,F0043,local_pdf_text_observation,,4,4,,,,,f5601f5aaf9fea597ee361cd7b9da8a9bfe62f93733c989848e0ba25118cbf36,regex:band_structure,E0,0.48,candidate_needs_review,2026-05-16 10:44:26,Automatically extracted observation candidate. Verify against PDF before using as fact.
E-OBS-P0043-spectrum-4-dccc72e171cc52fa,P0043,F0043,local_pdf_text_observation,,4,4,,,,,dccc72e171cc52fafa0e14e41abf861e7c9cc4eb043f6ac644ccf3622589e1ea,regex:spectrum,E0,0.48,candidate_needs_review,2026-05-16 10:44:26,Automatically extracted observation candidate. Verify against PDF before using as fact.
E-OBS-P0043-spectrum-4-dfaab037ff7ea3c1,P0043,F0043,local_pdf_text_observation,,4,4,,,,,dfaab037ff7ea3c116cb06892b48c758a6cf9435189b9ceff20a39b23325d5b9,regex:spectrum,E0,0.48,candidate_needs_review,2026-05-16 10:44:26,Automatically extracted observation candidate. Verify against PDF before using as fact.
E-OBS-P0043-spectrum-4-700766934b2bc903,P0043,F0043,local_pdf_text_observation,,4,4,,,,,700766934b2bc9037e8b63e211571fdb9687539bdbbc267d18960635da4f6316,regex:spectrum,E0,0.48,candidate_needs_review,2026-05-16 10:44:26,Automatically extracted observation candidate. Verify against PDF before using as fact.
E-OBS-P0043-spectrum-4-552cf3de8a491b2b,P0043,F0043,local_pdf_text_observation,,4,4,,,,,552cf3de8a491b2b2f7122da72ee6ceed08d54ba08e2736fa1897b4b24c22928,regex:spectrum,E0,0.48,candidate_needs_review,2026-05-16 10:44:26,Automatically extracted observation candidate. Verify against PDF before using as fact.
E-OBS-P0043-frequency-5-8a834af5347076f0,P0043,F0043,local_pdf_text_observation,,5,5,,,,,8a834af5347076f0f976411e01e6007038934d5bf7f5d25fd97ccff58d0b1c8c,regex:frequency,E0,0.58,candidate_needs_review,2026-05-16 10:44:26,Automatically extracted observation candidate. Verify against PDF before using as fact.
E-OBS-P0043-band_structure-5-384812954540c183,P0043,F0043,local_pdf_text_observation,,5,5,,,,,384812954540c1833b7f2b354cbe256561710f7a0392323336b14000af1c9216,regex:band_structure,E0,0.48,candidate_needs_review,2026-05-16 10:44:26,Automatically extracted observation candidate. Verify against PDF before using as fact.
E-OBS-P0043-band_structure-5-044342081a1c4b80,P0043,F0043,local_pdf_text_observation,,5,5,,,,,044342081a1c4b80f23d4d39a4444cbb4069eac7e0323903042bc11dc0a43570,regex:band_structure,E0,0.48,candidate_needs_review,2026-05-16 10:44:26,Automatically extracted observation candidate. Verify against PDF before using as fact.
E-OBS-P0043-band_structure-5-d5e046a1ada8bb8a,P0043,F0043,local_pdf_text_observation,,5,5,,,,,d5e046a1ada8bb8af0438ec18b20de0b28a62cf25805e5f2ac5fb545e4cd9ef8,regex:band_structure,E0,0.48,candidate_needs_review,2026-05-16 10:44:26,Automatically extracted observation candidate. Verify against PDF before using as fact.
E-OBS-P0043-polarization-5-8b186cb8e2cb74cd,P0043,F0043,local_pdf_text_observation,,5,5,,,,,8b186cb8e2cb74cd464bb2d3ebab6b4e7e316a75597469ea438779c9a5740acf,regex:polarization,E0,0.46,candidate_needs_review,2026-05-16 10:44:26,Automatically extracted observation candidate. Verify against PDF before using as fact.
E-OBS-P0043-polarization-5-0e5b4cb9bc4bf751,P0043,F0043,local_pdf_text_observation,,5,5,,,,,0e5b4cb9bc4bf7518583a050fb3991d8ccc659bccd07826e02918e7080ae059b,regex:polarization,E0,0.46,candidate_needs_review,2026-05-16 10:44:26,Automatically extracted observation candidate. Verify against PDF before using as fact.
E-OBS-P0044-material-1-675cad6c6ba159dd,P0044,F0044,local_pdf_text_observation,,1,1,,,,,675cad6c6ba159dd9c09f7f7c65a4087429e9c675e31f11619d7e31f832d513d,regex:material,E0,0.42,candidate_needs_review,2026-05-16 10:44:26,Automatically extracted observation candidate. Verify against PDF before using as fact.
E-OBS-P0044-material-1-ba0b62065de3d98a,P0044,F0044,local_pdf_text_observation,,1,1,,,,,ba0b62065de3d98a1094b6898ef43a01d99d47e0184fbb2207a2374b801d514e,regex:material,E0,0.42,candidate_needs_review,2026-05-16 10:44:26,Automatically extracted observation candidate. Verify against PDF before using as fact.
E-OBS-P0044-material-1-4b5bc89108bfc772,P0044,F0044,local_pdf_text_observation,,1,1,,,,,4b5bc89108bfc7723f36dcec937657e413d7891109140915eb53c2c734a19c0d,regex:material,E0,0.42,candidate_needs_review,2026-05-16 10:44:26,Automatically extracted observation candidate. Verify against PDF before using as fact.
E-OBS-P0044-material-1-2ce7940ac8958515,P0044,F0044,local_pdf_text_observation,,1,1,,,,,2ce7940ac8958515b4c90fb5d7798dff6d64e59094dab564a0cf3fcd4505d481,regex:material,E0,0.42,candidate_needs_review,2026-05-16 10:44:26,Automatically extracted observation candidate. Verify against PDF before using as fact.
E-OBS-P0044-material-1-ea6e2b75809b412a,P0044,F0044,local_pdf_text_observation,,1,1,,,,,ea6e2b75809b412a22267ce330a7cce9a86f34351b0026a0a7c9b583fad1c9b3,regex:material,E0,0.42,candidate_needs_review,2026-05-16 10:44:26,Automatically extracted observation candidate. Verify against PDF before using as fact.
E-OBS-P0044-material-1-b5ad3300bd2750dd,P0044,F0044,local_pdf_text_observation,,1,1,,,,,b5ad3300bd2750dd25dc30d940b2c613b737acada232cd982a0ed2597d995572,regex:material,E0,0.42,candidate_needs_review,2026-05-16 10:44:26,Automatically extracted observation candidate. Verify against PDF before using as fact.
E-OBS-P0044-material-1-debddbbec7368ecb,P0044,F0044,local_pdf_text_observation,,1,1,,,,,debddbbec7368ecb76b8518356110a8e41878ec462380bcf37b244104fd29609,regex:material,E0,0.42,candidate_needs_review,2026-05-16 10:44:26,Automatically extracted observation candidate. Verify against PDF before using as fact.
E-OBS-P0044-material-1-3bc3ff683f0e9ade,P0044,F0044,local_pdf_text_observation,,1,1,,,,,3bc3ff683f0e9ade7ad37b6a7df1abb54d740c94387b90ac7320e5d9dfd48cf7,regex:material,E0,0.42,candidate_needs_review,2026-05-16 10:44:26,Automatically extracted observation candidate. Verify against PDF before using as fact.
E-OBS-P0044-polarization-1-6394ad96b53519fe,P0044,F0044,local_pdf_text_observation,,1,1,,,,,6394ad96b53519fe5f87c647977c5d5ecf04ab787e1240ed40080be98dbf0318,regex:polarization,E0,0.46,candidate_needs_review,2026-05-16 10:44:26,Automatically extracted observation candidate. Verify against PDF before using as fact.
E-OBS-P0044-polarization-1-5d27044d6904265b,P0044,F0044,local_pdf_text_observation,,1,1,,,,,5d27044d6904265b03d662ce3832493f04833b7a88905f301b8f4600a9bfec8c,regex:polarization,E0,0.46,candidate_needs_review,2026-05-16 10:44:26,Automatically extracted observation candidate. Verify against PDF before using as fact.
E-OBS-P0044-polarization-1-1453d1397f909dcd,P0044,F0044,local_pdf_text_observation,,1,1,,,,,1453d1397f909dcdbf65b441c85926796fb2a6db1d6c8928466f369403a324ad,regex:polarization,E0,0.46,candidate_needs_review,2026-05-16 10:44:26,Automatically extracted observation candidate. Verify against PDF before using as fact.
E-OBS-P0044-polarization-2-f6789451de9048a9,P0044,F0044,local_pdf_text_observation,,2,2,,,,,f6789451de9048a9932ff6243ce45893712aaca3986ee87e77cebf4375247693,regex:polarization,E0,0.46,candidate_needs_review,2026-05-16 10:44:26,Automatically extracted observation candidate. Verify against PDF before using as fact.
E-OBS-P0044-polarization-2-7181d5b3a38bbd77,P0044,F0044,local_pdf_text_observation,,2,2,,,,,7181d5b3a38bbd7760f2ecb295d8ee8c1f04097a0fe5d2c4f5310f9799ca3617,regex:polarization,E0,0.46,candidate_needs_review,2026-05-16 10:44:26,Automatically extracted observation candidate. Verify against PDF before using as fact.
E-OBS-P0044-polarization-2-41322c6db856f6bc,P0044,F0044,local_pdf_text_observation,,2,2,,,,,41322c6db856f6bcd7896ff38257e832d05ff8a3716bf44476b5663c67660e76,regex:polarization,E0,0.46,candidate_needs_review,2026-05-16 10:44:26,Automatically extracted observation candidate. Verify against PDF before using as fact.
E-OBS-P0044-polarization-2-9bf0992e7c960d62,P0044,F0044,local_pdf_text_observation,,2,2,,,,,9bf0992e7c960d622cf548a18c8b8cdf84446954284754d34269fe7d88b8c3f6,regex:polarization,E0,0.46,candidate_needs_review,2026-05-16 10:44:26,Automatically extracted observation candidate. Verify against PDF before using as fact.
E-OBS-P0044-polarization-2-8995af8f360465c7,P0044,F0044,local_pdf_text_observation,,2,2,,,,,8995af8f360465c73e627ff82c3eebdce96384836039ca3c12d811269be6f0bb,regex:polarization,E0,0.46,candidate_needs_review,2026-05-16 10:44:26,Automatically extracted observation candidate. Verify against PDF before using as fact.
E-OBS-P0045-q_factor-2-8e6f14243e915be0,P0045,F0045,local_pdf_text_observation,,2,2,,,,,8e6f14243e915be0e18a6b895ad97daee349cb5e514bc082bfc3f9cd80dc83e7,regex:q_factor,E0,0.62,candidate_needs_review,2026-05-16 10:44:27,Automatically extracted observation candidate. Verify against PDF before using as fact.
E-OBS-P0045-k_space-2-8dc044fe06d2b0b8,P0045,F0045,local_pdf_text_observation,,2,2,,,,,8dc044fe06d2b0b879b9406df2e26a18a5489f193d0c17dca4ccfc1ee45ca9b6,regex:k_space,E0,0.5,candidate_needs_review,2026-05-16 10:44:27,Automatically extracted observation candidate. Verify against PDF before using as fact.
E-OBS-P0045-k_space-2-bbad69198d0fc1dd,P0045,F0045,local_pdf_text_observation,,2,2,,,,,bbad69198d0fc1dd51f0289214928a6fcee7b323a25cc2db8db968e789a60ae7,regex:k_space,E0,0.5,candidate_needs_review,2026-05-16 10:44:27,Automatically extracted observation candidate. Verify against PDF before using as fact.
E-OBS-P0045-k_space-2-c680783966e983fc,P0045,F0045,local_pdf_text_observation,,2,2,,,,,c680783966e983fcf8c48f06f5780bbc27f2ee43389534cde8a8f231b6944c3b,regex:k_space,E0,0.5,candidate_needs_review,2026-05-16 10:44:27,Automatically extracted observation candidate. Verify against PDF before using as fact.
E-OBS-P0045-k_space-2-c8c008b6184f9cd2,P0045,F0045,local_pdf_text_observation,,2,2,,,,,c8c008b6184f9cd2de65c15497043791d2a00ac0b6c30b16884ea4392d5efb66,regex:k_space,E0,0.5,candidate_needs_review,2026-05-16 10:44:27,Automatically extracted observation candidate. Verify against PDF before using as fact.
E-OBS-P0045-k_space-2-721b740bff8c5b8b,P0045,F0045,local_pdf_text_observation,,2,2,,,,,721b740bff8c5b8b59c91ca8504972dc362fb214935cea883ca542e2e63d6f7d,regex:k_space,E0,0.5,candidate_needs_review,2026-05-16 10:44:27,Automatically extracted observation candidate. Verify against PDF before using as fact.
E-OBS-P0045-polarization-2-8dc044fe06d2b0b8,P0045,F0045,local_pdf_text_observation,,2,2,,,,,8dc044fe06d2b0b879b9406df2e26a18a5489f193d0c17dca4ccfc1ee45ca9b6,regex:polarization,E0,0.46,candidate_needs_review,2026-05-16 10:44:27,Automatically extracted observation candidate. Verify against PDF before using as fact.
E-OBS-P0045-polarization-2-bbad69198d0fc1dd,P0045,F0045,local_pdf_text_observation,,2,2,,,,,bbad69198d0fc1dd51f0289214928a6fcee7b323a25cc2db8db968e789a60ae7,regex:polarization,E0,0.46,candidate_needs_review,2026-05-16 10:44:27,Automatically extracted observation candidate. Verify against PDF before using as fact.
E-OBS-P0045-polarization-2-5650b92fd3c81f00,P0045,F0045,local_pdf_text_observation,,2,2,,,,,5650b92fd3c81f00017f1b17344647b900cc5cd6b9e166eaa31ccfb9c977514c,regex:polarization,E0,0.46,candidate_needs_review,2026-05-16 10:44:27,Automatically extracted observation candidate. Verify against PDF before using as fact.
E-OBS-P0045-polarization-2-f20c176dc2c6132f,P0045,F0045,local_pdf_text_observation,,2,2,,,,,f20c176dc2c6132f03888dc144e185e9f7a1d2aa9c099c875ed74f4aeaea515b,regex:polarization,E0,0.46,candidate_needs_review,2026-05-16 10:44:27,Automatically extracted observation candidate. Verify against PDF before using as fact.
E-OBS-P0045-polarization-2-eab641e3f40910d5,P0045,F0045,local_pdf_text_observation,,2,2,,,,,eab641e3f40910d5f937c9027929a34f7e7a0ff111b556d9b8749b1a89dd009c,regex:polarization,E0,0.46,candidate_needs_review,2026-05-16 10:44:27,Automatically extracted observation candidate. Verify against PDF before using as fact.
E-OBS-P0045-k_space-3-63fbeb4d9c600354,P0045,F0045,local_pdf_text_observation,,3,3,,,,,63fbeb4d9c6003540cc9da5229c0f5ec53f4a2f49eae8b4e98a4aa459ff74d86,regex:k_space,E0,0.5,candidate_needs_review,2026-05-16 10:44:27,Automatically extracted observation candidate. Verify against PDF before using as fact.
E-OBS-P0045-q_factor-4-455109708751a9a9,P0045,F0045,local_pdf_text_observation,,4,4,,,,,455109708751a9a90b3e683dd9357f53e66516a4a0d92ac496f20bef420e724a,regex:q_factor,E0,0.62,candidate_needs_review,2026-05-16 10:44:27,Automatically extracted observation candidate. Verify against PDF before using as fact.
E-OBS-P0045-q_factor-4-9d7ea893fcd0418a,P0045,F0045,local_pdf_text_observation,,4,4,,,,,9d7ea893fcd0418a36a313d76b1f88119cc7908429560ca9692d33bb35876311,regex:q_factor,E0,0.62,candidate_needs_review,2026-05-16 10:44:27,Automatically extracted observation candidate. Verify against PDF before using as fact.
E-OBS-P0045-q_factor-4-c6cbd85ba53423a8,P0045,F0045,local_pdf_text_observation,,4,4,,,,,c6cbd85ba53423a836b4bc3d06cc8d440b1c42f6861a4e1b653c163ba8b5b4cd,regex:q_factor,E0,0.62,candidate_needs_review,2026-05-16 10:44:27,Automatically extracted observation candidate. Verify against PDF before using as fact.
E-OBS-P0045-k_space-4-bcff411c96fcd513,P0045,F0045,local_pdf_text_observation,,4,4,,,,,bcff411c96fcd513ba1c5fed03be698929b63442d8899c7cfa9e43930a4d2a36,regex:k_space,E0,0.5,candidate_needs_review,2026-05-16 10:44:27,Automatically extracted observation candidate. Verify against PDF before using as fact.
E-OBS-P0045-k_space-4-af128802c55955c2,P0045,F0045,local_pdf_text_observation,,4,4,,,,,af128802c55955c20c33ea2281aafc6cb1b572ac06bd9afa493921a409db053d,regex:k_space,E0,0.5,candidate_needs_review,2026-05-16 10:44:27,Automatically extracted observation candidate. Verify against PDF before using as fact.
E-OBS-P0045-polarization-4-bcff411c96fcd513,P0045,F0045,local_pdf_text_observation,,4,4,,,,,bcff411c96fcd513ba1c5fed03be698929b63442d8899c7cfa9e43930a4d2a36,regex:polarization,E0,0.46,candidate_needs_review,2026-05-16 10:44:27,Automatically extracted observation candidate. Verify against PDF before using as fact.
E-OBS-P0045-polarization-4-af128802c55955c2,P0045,F0045,local_pdf_text_observation,,4,4,,,,,af128802c55955c20c33ea2281aafc6cb1b572ac06bd9afa493921a409db053d,regex:polarization,E0,0.46,candidate_needs_review,2026-05-16 10:44:27,Automatically extracted observation candidate. Verify against PDF before using as fact.
E-OBS-P0045-polarization-4-da7b02cd7a444866,P0045,F0045,local_pdf_text_observation,,4,4,,,,,da7b02cd7a444866721e15e9a4a4b0ee6e56740109523788adf099000a8c85d8,regex:polarization,E0,0.46,candidate_needs_review,2026-05-16 10:44:27,Automatically extracted observation candidate. Verify against PDF before using as fact.
E-OBS-P0045-q_factor-5-727a53f68b6be395,P0045,F0045,local_pdf_text_observation,,5,5,,,,,727a53f68b6be3954811909c3b3329c49c4369c78c619746a320a9eb56a52285,regex:q_factor,E0,0.62,candidate_needs_review,2026-05-16 10:44:27,Automatically extracted observation candidate. Verify against PDF before using as fact.
E-OBS-P0045-q_factor-5-41bfe3632323d4fa,P0045,F0045,local_pdf_text_observation,,5,5,,,,,41bfe3632323d4fa4f7bd45da8cb3183f0fd829bfc23756183300a3bfe927f4f,regex:q_factor,E0,0.62,candidate_needs_review,2026-05-16 10:44:27,Automatically extracted observation candidate. Verify against PDF before using as fact.
E-OBS-P0045-q_factor-6-2c8a392da1f11a33,P0045,F0045,local_pdf_text_observation,,6,6,,,,,2c8a392da1f11a334c6e514d1bdbb6c96c364e866da427fade1a159fadbb5483,regex:q_factor,E0,0.62,candidate_needs_review,2026-05-16 10:44:27,Automatically extracted observation candidate. Verify against PDF before using as fact.
E-OBS-P0046-material-1-2f677efc9b942f6e,P0046,F0046,local_pdf_text_observation,,1,1,,,,,2f677efc9b942f6e3385e0d546ec233e8ac95571fc02f8f1a81051c1294e9329,regex:material,E0,0.42,candidate_needs_review,2026-05-16 10:44:27,Automatically extracted observation candidate. Verify against PDF before using as fact.
E-OBS-P0046-band_structure-2-1fe8db1625399d6d,P0046,F0046,local_pdf_text_observation,,2,2,,,,,1fe8db1625399d6df63c2fa4774646600cbf8b69bf5007df1311f8507bce712d,regex:band_structure,E0,0.48,candidate_needs_review,2026-05-16 10:44:27,Automatically extracted observation candidate. Verify against PDF before using as fact.
E-OBS-P0046-material-3-7a325fbbb562766d,P0046,F0046,local_pdf_text_observation,,3,3,,,,,7a325fbbb562766df56498c702835ca91d6a7a9c1db5155e17083da683d0a9b3,regex:material,E0,0.42,candidate_needs_review,2026-05-16 10:44:27,Automatically extracted observation candidate. Verify against PDF before using as fact.
E-OBS-P0046-band_structure-3-12ff834064dcf48e,P0046,F0046,local_pdf_text_observation,,3,3,,,,,12ff834064dcf48e61d51de381cd3c335e9740a44eb0ed03134d607155b59a81,regex:band_structure,E0,0.48,candidate_needs_review,2026-05-16 10:44:27,Automatically extracted observation candidate. Verify against PDF before using as fact.
E-OBS-P0046-band_structure-3-df78ced4a317b743,P0046,F0046,local_pdf_text_observation,,3,3,,,,,df78ced4a317b74334d417f344cc777dfc08913127690f5e11c2af1964060afc,regex:band_structure,E0,0.48,candidate_needs_review,2026-05-16 10:44:27,Automatically extracted observation candidate. Verify against PDF before using as fact.
E-OBS-P0046-band_structure-3-649fb64ea9d0f840,P0046,F0046,local_pdf_text_observation,,3,3,,,,,649fb64ea9d0f8400c7e232087f86035b14ab183a3177643251d348f97c53afa,regex:band_structure,E0,0.48,candidate_needs_review,2026-05-16 10:44:27,Automatically extracted observation candidate. Verify against PDF before using as fact.
E-OBS-P0046-material-4-6044f48ae4423053,P0046,F0046,local_pdf_text_observation,,4,4,,,,,6044f48ae4423053294fdb18a0017170b7d1fbb464bf58be1db8ac7b77f20a64,regex:material,E0,0.42,candidate_needs_review,2026-05-16 10:44:27,Automatically extracted observation candidate. Verify against PDF before using as fact.
E-OBS-P0046-polarization-4-b6b53f3a9334db11,P0046,F0046,local_pdf_text_observation,,4,4,,,,,b6b53f3a9334db113338be45ecd01fc43ce1812c0ace8e5c5a4a614a8c3ee315,regex:polarization,E0,0.46,candidate_needs_review,2026-05-16 10:44:27,Automatically extracted observation candidate. Verify against PDF before using as fact.
E-OBS-P0046-polarization-4-dafdb1fc50034708,P0046,F0046,local_pdf_text_observation,,4,4,,,,,dafdb1fc500347087f340b3cfb3325ac77b30d48738e56aec0718d3ae5ad08b7,regex:polarization,E0,0.46,candidate_needs_review,2026-05-16 10:44:27,Automatically extracted observation candidate. Verify against PDF before using as fact.
E-OBS-P0046-wavelength-6-d84a54228c78d88b,P0046,F0046,local_pdf_text_observation,,6,6,,,,,d84a54228c78d88bd98608271e211dd16be6b4c1c612cd5854beb93c690488ba,regex:wavelength,E0,0.6,candidate_needs_review,2026-05-16 10:44:27,Automatically extracted observation candidate. Verify against PDF before using as fact.
E-OBS-P0046-material-7-05ae0c2cc047e951,P0046,F0046,local_pdf_text_observation,,7,7,,,,,05ae0c2cc047e951b7d3d1cdccb182cd98e57e9421ef90b068d1610ea45d8a4f,regex:material,E0,0.42,candidate_needs_review,2026-05-16 10:44:27,Automatically extracted observation candidate. Verify against PDF before using as fact.
E-OBS-P0046-band_structure-8-bcb7f67bd2158f70,P0046,F0046,local_pdf_text_observation,,8,8,,,,,bcb7f67bd2158f702b168fcba471bd70be27374b0beb50f424fd8e55f53b5ffb,regex:band_structure,E0,0.48,candidate_needs_review,2026-05-16 10:44:27,Automatically extracted observation candidate. Verify against PDF before using as fact.
E-OBS-P0047-k_space-1-3354930bed6aafab,P0047,F0047,local_pdf_text_observation,,1,1,,,,,3354930bed6aafab04366f681d6af7d6028b06b370e1308a0ab2161ca2b701ce,regex:k_space,E0,0.5,candidate_needs_review,2026-05-16 10:44:27,Automatically extracted observation candidate. Verify against PDF before using as fact.
E-OBS-P0047-band_structure-1-a890365c86a28011,P0047,F0047,local_pdf_text_observation,,1,1,,,,,a890365c86a28011b4b096b12f68e90096895bb31333b967f36e711a0cd818b1,regex:band_structure,E0,0.48,candidate_needs_review,2026-05-16 10:44:27,Automatically extracted observation candidate. Verify against PDF before using as fact.
E-OBS-P0047-polarization-1-1dc26248779f9756,P0047,F0047,local_pdf_text_observation,,1,1,,,,,1dc26248779f9756bd89f8a69c4e2d775faa7404fe5de6c467989a9038c9864e,regex:polarization,E0,0.46,candidate_needs_review,2026-05-16 10:44:27,Automatically extracted observation candidate. Verify against PDF before using as fact.
E-OBS-P0047-band_structure-3-327459152fca4898,P0047,F0047,local_pdf_text_observation,,3,3,,,,,327459152fca4898f0ab54c111eb7cb40a420ec10825edc0b5db80e3055b02c2,regex:band_structure,E0,0.48,candidate_needs_review,2026-05-16 10:44:27,Automatically extracted observation candidate. Verify against PDF before using as fact.
E-OBS-P0047-material-4-795a4e39692a0e0c,P0047,F0047,local_pdf_text_observation,,4,4,,,,,795a4e39692a0e0cf0f09c365005f1129f8e0e6895bd9416872e89964d421fdd,regex:material,E0,0.42,candidate_needs_review,2026-05-16 10:44:27,Automatically extracted observation candidate. Verify against PDF before using as fact.
E-OBS-P0048-polarization-1-1ca4e1ec5fb372f7,P0048,F0048,local_pdf_text_observation,,1,1,,,,,1ca4e1ec5fb372f78c264004a9ea0f80c5f6c909bdc43fde0f40a3bc64ce9b08,regex:polarization,E0,0.46,candidate_needs_review,2026-05-16 10:44:27,Automatically extracted observation candidate. Verify against PDF before using as fact.
E-OBS-P0048-q_factor-2-0d923e8524085635,P0048,F0048,local_pdf_text_observation,,2,2,,,,,0d923e85240856353002f3fce5cc345e6c2c19406e1b041f7279c7bef4be4ee6,regex:q_factor,E0,0.62,candidate_needs_review,2026-05-16 10:44:27,Automatically extracted observation candidate. Verify against PDF before using as fact.
E-OBS-P0048-polarization-2-3b45e85d76c3ee93,P0048,F0048,local_pdf_text_observation,,2,2,,,,,3b45e85d76c3ee93535ccbf48f4a110be85214b85a76cd00683420094aade3c0,regex:polarization,E0,0.46,candidate_needs_review,2026-05-16 10:44:27,Automatically extracted observation candidate. Verify against PDF before using as fact.
E-OBS-P0048-polarization-2-1d37d4dc40dc9af7,P0048,F0048,local_pdf_text_observation,,2,2,,,,,1d37d4dc40dc9af7d7b8f09c7547be3017df782e5546ab80028421d4894542f7,regex:polarization,E0,0.46,candidate_needs_review,2026-05-16 10:44:27,Automatically extracted observation candidate. Verify against PDF before using as fact.
E-OBS-P0048-polarization-2-4be21612ed4a6b15,P0048,F0048,local_pdf_text_observation,,2,2,,,,,4be21612ed4a6b15fb9cd7eba847790219c28965b4bc55166c943135d29540f4,regex:polarization,E0,0.46,candidate_needs_review,2026-05-16 10:44:27,Automatically extracted observation candidate. Verify against PDF before using as fact.
E-OBS-P0048-polarization-2-fd0945fffec03d7e,P0048,F0048,local_pdf_text_observation,,2,2,,,,,fd0945fffec03d7eb56ea482aed381982a487527d8c6386852853c7328699fa4,regex:polarization,E0,0.46,candidate_needs_review,2026-05-16 10:44:27,Automatically extracted observation candidate. Verify against PDF before using as fact.
E-OBS-P0048-polarization-2-95099eacb974a247,P0048,F0048,local_pdf_text_observation,,2,2,,,,,95099eacb974a247760f5270651488c713716ffa479a9ff1e88073eeea7dca9e,regex:polarization,E0,0.46,candidate_needs_review,2026-05-16 10:44:27,Automatically extracted observation candidate. Verify against PDF before using as fact.
E-OBS-P0048-polarization-2-e96266c8fc1c2acb,P0048,F0048,local_pdf_text_observation,,2,2,,,,,e96266c8fc1c2acba78efb6e5086bbdb0d29953f6b72c59a7200c27d585d9539,regex:polarization,E0,0.46,candidate_needs_review,2026-05-16 10:44:27,Automatically extracted observation candidate. Verify against PDF before using as fact.
E-OBS-P0048-polarization-2-063d21fc38b9706f,P0048,F0048,local_pdf_text_observation,,2,2,,,,,063d21fc38b9706f60b5928ae189daec8b8099331221c8869893834f4e169c4e,regex:polarization,E0,0.46,candidate_needs_review,2026-05-16 10:44:27,Automatically extracted observation candidate. Verify against PDF before using as fact.
E-OBS-P0048-material-4-1a488e41297ad845,P0048,F0048,local_pdf_text_observation,,4,4,,,,,1a488e41297ad845f3dc0852e5df995a2b901b5a80fc6eec223c9d68822f3a78,regex:material,E0,0.42,candidate_needs_review,2026-05-16 10:44:27,Automatically extracted observation candidate. Verify against PDF before using as fact.
E-OBS-P0048-material-4-0d1ec08038b0abb5,P0048,F0048,local_pdf_text_observation,,4,4,,,,,0d1ec08038b0abb5ee13c91bfd3a6fdfed2b29de92265a506664b1922d25c5d6,regex:material,E0,0.42,candidate_needs_review,2026-05-16 10:44:27,Automatically extracted observation candidate. Verify against PDF before using as fact.
E-OBS-P0048-material-4-c83e4ee82bcba9a1,P0048,F0048,local_pdf_text_observation,,4,4,,,,,c83e4ee82bcba9a156cf14cf0aa60a043af553d0f7b9ad432493010086ec99a5,regex:material,E0,0.42,candidate_needs_review,2026-05-16 10:44:27,Automatically extracted observation candidate. Verify against PDF before using as fact.
E-OBS-P0048-material-4-ff674e2b2ed38df2,P0048,F0048,local_pdf_text_observation,,4,4,,,,,ff674e2b2ed38df22c13d07a97235074f568fb0c9bc5285d9df8e284f372099b,regex:material,E0,0.42,candidate_needs_review,2026-05-16 10:44:27,Automatically extracted observation candidate. Verify against PDF before using as fact.
E-OBS-P0048-material-4-f5fde34f3b613941,P0048,F0048,local_pdf_text_observation,,4,4,,,,,f5fde34f3b61394131b8b345fcae6453e0c242833592c43d8a801fe1c0749b61,regex:material,E0,0.42,candidate_needs_review,2026-05-16 10:44:27,Automatically extracted observation candidate. Verify against PDF before using as fact.
E-OBS-P0049-material-1-bcf940a8c47999fb,P0049,F0049,local_pdf_text_observation,,1,1,,,,,bcf940a8c47999fbf344f824cec60eb991cd33afb1428224501a91bf1d4c94e4,regex:material,E0,0.42,candidate_needs_review,2026-05-16 10:44:27,Automatically extracted observation candidate. Verify against PDF before using as fact.
E-OBS-P0049-material-1-3ce3605647f323d4,P0049,F0049,local_pdf_text_observation,,1,1,,,,,3ce3605647f323d4b80bcdf26e6e48c4172beecb13aa42218db5e5ae427fdd2e,regex:material,E0,0.42,candidate_needs_review,2026-05-16 10:44:27,Automatically extracted observation candidate. Verify against PDF before using as fact.
E-OBS-P0049-material-1-f9a846aaa550e7ab,P0049,F0049,local_pdf_text_observation,,1,1,,,,,f9a846aaa550e7ab6b4c6667422ed57b73930d44b00756191384f88750939f10,regex:material,E0,0.42,candidate_needs_review,2026-05-16 10:44:27,Automatically extracted observation candidate. Verify against PDF before using as fact.
E-OBS-P0049-material-1-8d7170afaaf44d9a,P0049,F0049,local_pdf_text_observation,,1,1,,,,,8d7170afaaf44d9abfd511811ca7b4d6658a4f34f5b2040270dec1d1a6c4d6a7,regex:material,E0,0.42,candidate_needs_review,2026-05-16 10:44:27,Automatically extracted observation candidate. Verify against PDF before using as fact.
E-OBS-P0049-spectrum-1-8fc4f60da9b2f21d,P0049,F0049,local_pdf_text_observation,,1,1,,,,,8fc4f60da9b2f21d0c3ebddf9b5c91a904c0580d61889b43e84f478856fef1c0,regex:spectrum,E0,0.48,candidate_needs_review,2026-05-16 10:44:27,Automatically extracted observation candidate. Verify against PDF before using as fact.
E-OBS-P0049-spectrum-1-f988790953fd6365,P0049,F0049,local_pdf_text_observation,,1,1,,,,,f988790953fd6365c36147b48b6c826e216dcfa6d15072d50a731dbe59a03a3c,regex:spectrum,E0,0.48,candidate_needs_review,2026-05-16 10:44:27,Automatically extracted observation candidate. Verify against PDF before using as fact.
E-OBS-P0049-polarization-1-d819b19d02c067ce,P0049,F0049,local_pdf_text_observation,,1,1,,,,,d819b19d02c067ce14ca45a069dbaf7ba70464b90b18b5a2849782550b966ae6,regex:polarization,E0,0.46,candidate_needs_review,2026-05-16 10:44:27,Automatically extracted observation candidate. Verify against PDF before using as fact.
E-OBS-P0049-material-2-3181bb4fbe9dde69,P0049,F0049,local_pdf_text_observation,,2,2,,,,,3181bb4fbe9dde69eb332b5314cfeef8a9a7321bb1644a9fc06e6cdb1c684872,regex:material,E0,0.42,candidate_needs_review,2026-05-16 10:44:27,Automatically extracted observation candidate. Verify against PDF before using as fact.
E-OBS-P0049-spectrum-2-9a237b7209ccb5b8,P0049,F0049,local_pdf_text_observation,,2,2,,,,,9a237b7209ccb5b8ba9a80f7feb7abc6121c641fb82acf2ca07bc457e3876e86,regex:spectrum,E0,0.48,candidate_needs_review,2026-05-16 10:44:27,Automatically extracted observation candidate. Verify against PDF before using as fact.
E-OBS-P0049-q_factor-3-7a7bcae10a5654d2,P0049,F0049,local_pdf_text_observation,,3,3,,,,,7a7bcae10a5654d285cd36b6ab967d534641f423daa66a8acce85a67c24cd26f,regex:q_factor,E0,0.62,candidate_needs_review,2026-05-16 10:44:27,Automatically extracted observation candidate. Verify against PDF before using as fact.
E-OBS-P0049-material-3-bdd7eb546c705c4b,P0049,F0049,local_pdf_text_observation,,3,3,,,,,bdd7eb546c705c4bafddc8537cd2284f950c7e08e58cac7e1a40de4d1c615e23,regex:material,E0,0.42,candidate_needs_review,2026-05-16 10:44:27,Automatically extracted observation candidate. Verify against PDF before using as fact.
E-OBS-P0049-band_structure-3-9970f41d44bb3d6d,P0049,F0049,local_pdf_text_observation,,3,3,,,,,9970f41d44bb3d6d10ce0b846b81c02d1fbe3d2707a372f60a6b851bebadd9db,regex:band_structure,E0,0.48,candidate_needs_review,2026-05-16 10:44:27,Automatically extracted observation candidate. Verify against PDF before using as fact.
E-OBS-P0049-band_structure-3-c72b35493e464ede,P0049,F0049,local_pdf_text_observation,,3,3,,,,,c72b35493e464ede5342f27127bbeee8e561f8cb8e017f5ae09c91c1fd391d68,regex:band_structure,E0,0.48,candidate_needs_review,2026-05-16 10:44:27,Automatically extracted observation candidate. Verify against PDF before using as fact.
E-OBS-P0049-material-4-7e329728b1b0fb86,P0049,F0049,local_pdf_text_observation,,4,4,,,,,7e329728b1b0fb862841a0672d76e1a8fe32802977d7497d2cdbc7b616edcebe,regex:material,E0,0.42,candidate_needs_review,2026-05-16 10:44:27,Automatically extracted observation candidate. Verify against PDF before using as fact.
E-OBS-P0050-material-1-0c1e6936dab97fee,P0050,F0050,local_pdf_text_observation,,1,1,,,,,0c1e6936dab97fee5e23f744ddbf721024bc9c2d11ddf0d41eb7a18cb7930136,regex:material,E0,0.42,candidate_needs_review,2026-05-16 10:44:27,Automatically extracted observation candidate. Verify against PDF before using as fact.
E-OBS-P0050-material-1-3b86cb0e55adf8f5,P0050,F0050,local_pdf_text_observation,,1,1,,,,,3b86cb0e55adf8f5f1b950a008c46426ba6b84bae47904d3ab8780c60c37d53a,regex:material,E0,0.42,candidate_needs_review,2026-05-16 10:44:27,Automatically extracted observation candidate. Verify against PDF before using as fact.
E-OBS-P0050-material-1-27d6b0d49fce8c74,P0050,F0050,local_pdf_text_observation,,1,1,,,,,27d6b0d49fce8c74edd2d891df54a2cd39e4dda887e0eb020bd62f709b1ce4f5,regex:material,E0,0.42,candidate_needs_review,2026-05-16 10:44:27,Automatically extracted observation candidate. Verify against PDF before using as fact.
E-OBS-P0050-material-1-324d1aef5aa6bab8,P0050,F0050,local_pdf_text_observation,,1,1,,,,,324d1aef5aa6bab88217f6e014acd46a74f7a8fd03a6280c24ae09ade0f54e6b,regex:material,E0,0.42,candidate_needs_review,2026-05-16 10:44:27,Automatically extracted observation candidate. Verify against PDF before using as fact.
E-OBS-P0050-material-1-4c8a7fa91dfef3f1,P0050,F0050,local_pdf_text_observation,,1,1,,,,,4c8a7fa91dfef3f113dba61d6ed441907e27f753ccf37b33e98a2c33342654ee,regex:material,E0,0.42,candidate_needs_review,2026-05-16 10:44:27,Automatically extracted observation candidate. Verify against PDF before using as fact.
E-OBS-P0050-material-1-36e625130b7401c4,P0050,F0050,local_pdf_text_observation,,1,1,,,,,36e625130b7401c46dd8f71b5f0c5773b10bda50b5c4fd0e8a3f1a2ae9f5a5c1,regex:material,E0,0.42,candidate_needs_review,2026-05-16 10:44:27,Automatically extracted observation candidate. Verify against PDF before using as fact.
E-OBS-P0050-material-1-e88ca519ddb2685b,P0050,F0050,local_pdf_text_observation,,1,1,,,,,e88ca519ddb2685bd219ed8b8872e04aec6bbe597108526952bdd9d3f38bbda8,regex:material,E0,0.42,candidate_needs_review,2026-05-16 10:44:27,Automatically extracted observation candidate. Verify against PDF before using as fact.
E-OBS-P0050-material-2-e83be0b6c8554719,P0050,F0050,local_pdf_text_observation,,2,2,,,,,e83be0b6c8554719930f6ee6d706b15142a15cb7a2ed3a1cbf9d403e014e1645,regex:material,E0,0.42,candidate_needs_review,2026-05-16 10:44:27,Automatically extracted observation candidate. Verify against PDF before using as fact.
E-OBS-P0050-band_structure-2-3a20f3d64199c771,P0050,F0050,local_pdf_text_observation,,2,2,,,,,3a20f3d64199c77199e713faba56aa049104f8948dd0268cf834cc0bf820c5b4,regex:band_structure,E0,0.48,candidate_needs_review,2026-05-16 10:44:27,Automatically extracted observation candidate. Verify against PDF before using as fact.
E-OBS-P0050-band_structure-3-e4d56c40308c4023,P0050,F0050,local_pdf_text_observation,,3,3,,,,,e4d56c40308c40239ddd252db7190bb38311453e88637c58e936fa4450520e81,regex:band_structure,E0,0.48,candidate_needs_review,2026-05-16 10:44:27,Automatically extracted observation candidate. Verify against PDF before using as fact.
E-OBS-P0050-band_structure-3-ba5b8775c9db1334,P0050,F0050,local_pdf_text_observation,,3,3,,,,,ba5b8775c9db13346571fd0e45d897078245c27105c0364aa775f3ecc88b17b6,regex:band_structure,E0,0.48,candidate_needs_review,2026-05-16 10:44:27,Automatically extracted observation candidate. Verify against PDF before using as fact.
E-OBS-P0050-band_structure-3-37deca60bf392d3c,P0050,F0050,local_pdf_text_observation,,3,3,,,,,37deca60bf392d3c0937af016f97e94e0ad7211444b33baac7daed162a8c612b,regex:band_structure,E0,0.48,candidate_needs_review,2026-05-16 10:44:27,Automatically extracted observation candidate. Verify against PDF before using as fact.
E-OBS-P0050-band_structure-3-7c17697dd7b64275,P0050,F0050,local_pdf_text_observation,,3,3,,,,,7c17697dd7b64275afb81f1ad594ff316e39072f074289b002064c4d0e3a4a92,regex:band_structure,E0,0.48,candidate_needs_review,2026-05-16 10:44:27,Automatically extracted observation candidate. Verify against PDF before using as fact.
E-OBS-P0050-band_structure-5-dd4835f3a698a246,P0050,F0050,local_pdf_text_observation,,5,5,,,,,dd4835f3a698a246162d3c9abd18536c73819855fd28305bf1fa769a45770c33,regex:band_structure,E0,0.48,candidate_needs_review,2026-05-16 10:44:27,Automatically extracted observation candidate. Verify against PDF before using as fact.
E-OBS-P0050-band_structure-7-c096dd250e647bef,P0050,F0050,local_pdf_text_observation,,7,7,,,,,c096dd250e647bef99044dd4fa7336e4f2317a60712c154373d766eb83533146,regex:band_structure,E0,0.48,candidate_needs_review,2026-05-16 10:44:27,Automatically extracted observation candidate. Verify against PDF before using as fact.
