observation_id,paper_id,external_id,file_id,observation_group,observation_type,quantity_name,value_text,value_numeric,unit,material,structure_name,wavelength_nm,frequency_thz,q_factor,fano_q,source_kind,source_url,page,figure,panel,table_no,evidence_id,extraction_method,verification_status,curation_status,confidence,notes
OBS-P0001-q_factor-1-ae9dcf73671357bb,P0001,,F0001,resonance,q_factor,Q factor,"3,",3.0,,,,,,3.0,,local_pdf_text,,1,,,,E-OBS-P0001-q_factor-1-ae9dcf73671357bb,regex:q_factor,candidate_needs_review,review_queue,0.62,Candidate physical observation from PDF text; not yet human verified.
OBS-P0001-q_factor-1-f8d8f20c41a07eb3,P0001,,F0001,resonance,q_factor,Q factor,20,20.0,,,,,,20.0,,local_pdf_text,,1,,,,E-OBS-P0001-q_factor-1-f8d8f20c41a07eb3,regex:q_factor,candidate_needs_review,review_queue,0.62,Candidate physical observation from PDF text; not yet human verified.
OBS-P0001-q_factor-1-f8c6041b72d33247,P0001,,F0001,resonance,q_factor,Q factor,104,104.0,,,,,,104.0,,local_pdf_text,,1,,,,E-OBS-P0001-q_factor-1-f8c6041b72d33247,regex:q_factor,candidate_needs_review,review_queue,0.62,Candidate physical observation from PDF text; not yet human verified.
OBS-P0001-material-1-d42a7281ba70ee11,P0001,,F0001,material,material,material,dielectric,,,,,,,,,local_pdf_text,,1,,,,E-OBS-P0001-material-1-d42a7281ba70ee11,regex:material,candidate_needs_review,review_queue,0.42,Candidate physical observation from PDF text; not yet human verified.
OBS-P0001-material-1-1cab5f8716ce8b17,P0001,,F0001,material,material,material,silicon,,,,,,,,,local_pdf_text,,1,,,,E-OBS-P0001-material-1-1cab5f8716ce8b17,regex:material,candidate_needs_review,review_queue,0.42,Candidate physical observation from PDF text; not yet human verified.
OBS-P0001-material-1-8ee97462fd06c76e,P0001,,F0001,material,material,material,dielectric,,,,,,,,,local_pdf_text,,1,,,,E-OBS-P0001-material-1-8ee97462fd06c76e,regex:material,candidate_needs_review,review_queue,0.42,Candidate physical observation from PDF text; not yet human verified.
OBS-P0001-polarization-1-e2788f8d573b2573,P0001,,F0001,polarization,polarization,polarization/topology,chiral,,,,,,,,,local_pdf_text,,1,,,,E-OBS-P0001-polarization-1-e2788f8d573b2573,regex:polarization,candidate_needs_review,review_queue,0.46,Candidate physical observation from PDF text; not yet human verified.
OBS-P0001-material-2-4aab24e85626be4c,P0001,,F0001,material,material,material,dielectric,,,,,,,,,local_pdf_text,,2,,,,E-OBS-P0001-material-2-4aab24e85626be4c,regex:material,candidate_needs_review,review_queue,0.42,Candidate physical observation from PDF text; not yet human verified.
OBS-P0001-material-2-577608cfe7c2318b,P0001,,F0001,material,material,material,silicon,,,,,,,,,local_pdf_text,,2,,,,E-OBS-P0001-material-2-577608cfe7c2318b,regex:material,candidate_needs_review,review_queue,0.42,Candidate physical observation from PDF text; not yet human verified.
OBS-P0001-material-2-22fd76ace0a4997c,P0001,,F0001,material,material,material,silicon,,,,,,,,,local_pdf_text,,2,,,,E-OBS-P0001-material-2-22fd76ace0a4997c,regex:material,candidate_needs_review,review_queue,0.42,Candidate physical observation from PDF text; not yet human verified.
OBS-P0001-material-2-4c375934863d814a,P0001,,F0001,material,material,material,silicon,,,,,,,,,local_pdf_text,,2,,,,E-OBS-P0001-material-2-4c375934863d814a,regex:material,candidate_needs_review,review_queue,0.42,Candidate physical observation from PDF text; not yet human verified.
OBS-P0001-polarization-2-83b2ac2beb29938a,P0001,,F0001,polarization,polarization,polarization/topology,chiral,,,,,,,,,local_pdf_text,,2,,,,E-OBS-P0001-polarization-2-83b2ac2beb29938a,regex:polarization,candidate_needs_review,review_queue,0.46,Candidate physical observation from PDF text; not yet human verified.
OBS-P0001-polarization-2-a3e9ada8e810a86f,P0001,,F0001,polarization,polarization,polarization/topology,chiral,,,,,,,,,local_pdf_text,,2,,,,E-OBS-P0001-polarization-2-a3e9ada8e810a86f,regex:polarization,candidate_needs_review,review_queue,0.46,Candidate physical observation from PDF text; not yet human verified.
OBS-P0001-q_factor-3-9381349fc354a950,P0001,,F0001,resonance,q_factor,Q factor,104,104.0,,,,,,104.0,,local_pdf_text,,3,,,,E-OBS-P0001-q_factor-3-9381349fc354a950,regex:q_factor,candidate_needs_review,review_queue,0.62,Candidate physical observation from PDF text; not yet human verified.
OBS-P0001-material-3-9c1694fe4da1cf24,P0001,,F0001,material,material,material,sin,,,,,,,,,local_pdf_text,,3,,,,E-OBS-P0001-material-3-9c1694fe4da1cf24,regex:material,candidate_needs_review,review_queue,0.42,Candidate physical observation from PDF text; not yet human verified.
OBS-P0001-q_factor-5-8557abed18930c81,P0001,,F0001,resonance,q_factor,Q factor,4000,4000.0,,,,,,4000.0,,local_pdf_text,,5,,,,E-OBS-P0001-q_factor-5-8557abed18930c81,regex:q_factor,candidate_needs_review,review_queue,0.62,Candidate physical observation from PDF text; not yet human verified.
OBS-P0001-q_factor-5-447694f916c53c1d,P0001,,F0001,resonance,q_factor,Q factor,800,800.0,,,,,,800.0,,local_pdf_text,,5,,,,E-OBS-P0001-q_factor-5-447694f916c53c1d,regex:q_factor,candidate_needs_review,review_queue,0.62,Candidate physical observation from PDF text; not yet human verified.
OBS-P0001-frequency-5-eacb43e065f6b7ae,P0001,,F0001,resonance,frequency,resonance frequency,396.650,396.65,THz,,,,,,,local_pdf_text,,5,,,,E-OBS-P0001-frequency-5-eacb43e065f6b7ae,regex:frequency,candidate_needs_review,review_queue,0.58,Candidate physical observation from PDF text; not yet human verified.
OBS-P0001-thickness-5-25301d3b0289f749,P0001,,F0001,structure,thickness,thickness/height,200,200.0,nm,,,200.0,,,,local_pdf_text,,5,,,,E-OBS-P0001-thickness-5-25301d3b0289f749,regex:thickness,candidate_needs_review,review_queue,0.58,Candidate physical observation from PDF text; not yet human verified.
OBS-P0001-diameter-5-d29bbe716d55e3c3,P0001,,F0001,structure,diameter,diameter,2.95,2.95,μm,,,2950.0,,,,local_pdf_text,,5,,,,E-OBS-P0001-diameter-5-d29bbe716d55e3c3,regex:diameter,candidate_needs_review,review_queue,0.45,Candidate physical observation from PDF text; not yet human verified.
OBS-P0001-spectrum-7-61a8b41c082eb3e3,P0001,,F0001,spectrum,spectrum,spectrum,transmission spectrum,,,,,,,,,local_pdf_text,,7,,,,E-OBS-P0001-spectrum-7-61a8b41c082eb3e3,regex:spectrum,candidate_needs_review,review_queue,0.48,Candidate physical observation from PDF text; not yet human verified.
OBS-P0001-polarization-7-8eb3a36af89de465,P0001,,F0001,polarization,polarization,polarization/topology,chiral,,,,,,,,,local_pdf_text,,7,,,,E-OBS-P0001-polarization-7-8eb3a36af89de465,regex:polarization,candidate_needs_review,review_queue,0.46,Candidate physical observation from PDF text; not yet human verified.
OBS-P0002-k_space-1-0ac25304e76837e5,P0002,,F0002,kspace,k_space,k-space / momentum-space,momentum-space,,,,,,,,,local_pdf_text,,1,,,,E-OBS-P0002-k_space-1-0ac25304e76837e5,regex:k_space,candidate_needs_review,review_queue,0.5,Candidate physical observation from PDF text; not yet human verified.
OBS-P0002-k_space-1-2fb0f7a07efe2ff9,P0002,,F0002,kspace,k_space,k-space / momentum-space,momentum space,,,,,,,,,local_pdf_text,,1,,,,E-OBS-P0002-k_space-1-2fb0f7a07efe2ff9,regex:k_space,candidate_needs_review,review_queue,0.5,Candidate physical observation from PDF text; not yet human verified.
OBS-P0002-k_space-1-f45f5328a2c5c9b4,P0002,,F0002,kspace,k_space,k-space / momentum-space,momentum space,,,,,,,,,local_pdf_text,,1,,,,E-OBS-P0002-k_space-1-f45f5328a2c5c9b4,regex:k_space,candidate_needs_review,review_queue,0.5,Candidate physical observation from PDF text; not yet human verified.
OBS-P0002-k_space-1-96288b10ba141e8e,P0002,,F0002,kspace,k_space,k-space / momentum-space,momentum space,,,,,,,,,local_pdf_text,,1,,,,E-OBS-P0002-k_space-1-96288b10ba141e8e,regex:k_space,candidate_needs_review,review_queue,0.5,Candidate physical observation from PDF text; not yet human verified.
OBS-P0002-k_space-1-0f9b401e2e94d26f,P0002,,F0002,kspace,k_space,k-space / momentum-space,momentum space,,,,,,,,,local_pdf_text,,1,,,,E-OBS-P0002-k_space-1-0f9b401e2e94d26f,regex:k_space,candidate_needs_review,review_queue,0.5,Candidate physical observation from PDF text; not yet human verified.
OBS-P0002-k_space-1-d9e62840fdad865c,P0002,,F0002,kspace,k_space,k-space / momentum-space,momentum space,,,,,,,,,local_pdf_text,,1,,,,E-OBS-P0002-k_space-1-d9e62840fdad865c,regex:k_space,candidate_needs_review,review_queue,0.5,Candidate physical observation from PDF text; not yet human verified.
OBS-P0002-k_space-1-b545569844b3f294,P0002,,F0002,kspace,k_space,k-space / momentum-space,momentum space,,,,,,,,,local_pdf_text,,1,,,,E-OBS-P0002-k_space-1-b545569844b3f294,regex:k_space,candidate_needs_review,review_queue,0.5,Candidate physical observation from PDF text; not yet human verified.
OBS-P0002-k_space-1-0d6e0bebb46c980b,P0002,,F0002,kspace,k_space,k-space / momentum-space,momentum-space,,,,,,,,,local_pdf_text,,1,,,,E-OBS-P0002-k_space-1-0d6e0bebb46c980b,regex:k_space,candidate_needs_review,review_queue,0.5,Candidate physical observation from PDF text; not yet human verified.
OBS-P0002-polarization-1-7d687d6e43340a59,P0002,,F0002,polarization,polarization,polarization/topology,optical vortex,,,,,,,,,local_pdf_text,,1,,,,E-OBS-P0002-polarization-1-7d687d6e43340a59,regex:polarization,candidate_needs_review,review_queue,0.46,Candidate physical observation from PDF text; not yet human verified.
OBS-P0002-polarization-1-cc728b524f54d7e9,P0002,,F0002,polarization,polarization,polarization/topology,polarization,,,,,,,,,local_pdf_text,,1,,,,E-OBS-P0002-polarization-1-cc728b524f54d7e9,regex:polarization,candidate_needs_review,review_queue,0.46,Candidate physical observation from PDF text; not yet human verified.
OBS-P0002-polarization-1-2b1a837aa958cf82,P0002,,F0002,polarization,polarization,polarization/topology,optical vortex,,,,,,,,,local_pdf_text,,1,,,,E-OBS-P0002-polarization-1-2b1a837aa958cf82,regex:polarization,candidate_needs_review,review_queue,0.46,Candidate physical observation from PDF text; not yet human verified.
OBS-P0002-polarization-1-b18072a6a8b32551,P0002,,F0002,polarization,polarization,polarization/topology,polarization,,,,,,,,,local_pdf_text,,1,,,,E-OBS-P0002-polarization-1-b18072a6a8b32551,regex:polarization,candidate_needs_review,review_queue,0.46,Candidate physical observation from PDF text; not yet human verified.
OBS-P0002-polarization-1-12bbea18391a5d0f,P0002,,F0002,polarization,polarization,polarization/topology,optical vortex,,,,,,,,,local_pdf_text,,1,,,,E-OBS-P0002-polarization-1-12bbea18391a5d0f,regex:polarization,candidate_needs_review,review_queue,0.46,Candidate physical observation from PDF text; not yet human verified.
OBS-P0002-polarization-1-9afeed502753fea3,P0002,,F0002,polarization,polarization,polarization/topology,polarization,,,,,,,,,local_pdf_text,,1,,,,E-OBS-P0002-polarization-1-9afeed502753fea3,regex:polarization,candidate_needs_review,review_queue,0.46,Candidate physical observation from PDF text; not yet human verified.
OBS-P0002-band_structure-2-92c4173f68e7291e,P0002,,F0002,band,band_structure,band structure,band structure,,,,,,,,,local_pdf_text,,2,,,,E-OBS-P0002-band_structure-2-92c4173f68e7291e,regex:band_structure,candidate_needs_review,review_queue,0.48,Candidate physical observation from PDF text; not yet human verified.
OBS-P0002-band_structure-2-c1c4252d3b796d79,P0002,,F0002,band,band_structure,band structure,band structure,,,,,,,,,local_pdf_text,,2,,,,E-OBS-P0002-band_structure-2-c1c4252d3b796d79,regex:band_structure,candidate_needs_review,review_queue,0.48,Candidate physical observation from PDF text; not yet human verified.
OBS-P0002-spectrum-2-4b9749a8ae6b1e6c,P0002,,F0002,spectrum,spectrum,spectrum,transmittance,,,,,,,,,local_pdf_text,,2,,,,E-OBS-P0002-spectrum-2-4b9749a8ae6b1e6c,regex:spectrum,candidate_needs_review,review_queue,0.48,Candidate physical observation from PDF text; not yet human verified.
OBS-P0002-polarization-2-43e162fe78b87658,P0002,,F0002,polarization,polarization,polarization/topology,optical vortex,,,,,,,,,local_pdf_text,,2,,,,E-OBS-P0002-polarization-2-43e162fe78b87658,regex:polarization,candidate_needs_review,review_queue,0.46,Candidate physical observation from PDF text; not yet human verified.
OBS-P0002-polarization-2-5ffcd6572e99eb3d,P0002,,F0002,polarization,polarization,polarization/topology,polarization,,,,,,,,,local_pdf_text,,2,,,,E-OBS-P0002-polarization-2-5ffcd6572e99eb3d,regex:polarization,candidate_needs_review,review_queue,0.46,Candidate physical observation from PDF text; not yet human verified.
OBS-P0002-material-3-7e19e8e924fbbff1,P0002,,F0002,material,material,material,silicon,,,,,,,,,local_pdf_text,,3,,,,E-OBS-P0002-material-3-7e19e8e924fbbff1,regex:material,candidate_needs_review,review_queue,0.42,Candidate physical observation from PDF text; not yet human verified.
OBS-P0002-material-3-e80c4c08e414d916,P0002,,F0002,material,material,material,Si3N4,34.0,,,,,,,,local_pdf_text,,3,,,,E-OBS-P0002-material-3-e80c4c08e414d916,regex:material,candidate_needs_review,review_queue,0.42,Candidate physical observation from PDF text; not yet human verified.
OBS-P0002-material-3-ea7265fa1810c30b,P0002,,F0002,material,material,material,dielectric,,,,,,,,,local_pdf_text,,3,,,,E-OBS-P0002-material-3-ea7265fa1810c30b,regex:material,candidate_needs_review,review_queue,0.42,Candidate physical observation from PDF text; not yet human verified.
OBS-P0002-material-3-89760e2903071261,P0002,,F0002,material,material,material,Si3N4,34.0,,,,,,,,local_pdf_text,,3,,,,E-OBS-P0002-material-3-89760e2903071261,regex:material,candidate_needs_review,review_queue,0.42,Candidate physical observation from PDF text; not yet human verified.
OBS-P0002-material-3-909772514160e998,P0002,,F0002,material,material,material,silicon,,,,,,,,,local_pdf_text,,3,,,,E-OBS-P0002-material-3-909772514160e998,regex:material,candidate_needs_review,review_queue,0.42,Candidate physical observation from PDF text; not yet human verified.
OBS-P0002-band_structure-3-31bd1778bf5ae075,P0002,,F0002,band,band_structure,band structure,dispersion,,,,,,,,,local_pdf_text,,3,,,,E-OBS-P0002-band_structure-3-31bd1778bf5ae075,regex:band_structure,candidate_needs_review,review_queue,0.48,Candidate physical observation from PDF text; not yet human verified.
OBS-P0002-band_structure-3-14f84d3f7f08c6c7,P0002,,F0002,band,band_structure,band structure,band structure,,,,,,,,,local_pdf_text,,3,,,,E-OBS-P0002-band_structure-3-14f84d3f7f08c6c7,regex:band_structure,candidate_needs_review,review_queue,0.48,Candidate physical observation from PDF text; not yet human verified.
OBS-P0002-band_structure-3-f8ac6be3899a5743,P0002,,F0002,band,band_structure,band structure,band structure,,,,,,,,,local_pdf_text,,3,,,,E-OBS-P0002-band_structure-3-f8ac6be3899a5743,regex:band_structure,candidate_needs_review,review_queue,0.48,Candidate physical observation from PDF text; not yet human verified.
OBS-P0002-spectrum-3-2a33b87ba105e4d0,P0002,,F0002,spectrum,spectrum,spectrum,transmittance,,,,,,,,,local_pdf_text,,3,,,,E-OBS-P0002-spectrum-3-2a33b87ba105e4d0,regex:spectrum,candidate_needs_review,review_queue,0.48,Candidate physical observation from PDF text; not yet human verified.
OBS-P0002-spectrum-3-7cb22683f39cebbf,P0002,,F0002,spectrum,spectrum,spectrum,transmittance,,,,,,,,,local_pdf_text,,3,,,,E-OBS-P0002-spectrum-3-7cb22683f39cebbf,regex:spectrum,candidate_needs_review,review_queue,0.48,Candidate physical observation from PDF text; not yet human verified.
OBS-P0002-band_structure-4-bc58ccb982b7a496,P0002,,F0002,band,band_structure,band structure,dispersion,,,,,,,,,local_pdf_text,,4,,,,E-OBS-P0002-band_structure-4-bc58ccb982b7a496,regex:band_structure,candidate_needs_review,review_queue,0.48,Candidate physical observation from PDF text; not yet human verified.
OBS-P0002-band_structure-4-47f13c68293df651,P0002,,F0002,band,band_structure,band structure,band structure,,,,,,,,,local_pdf_text,,4,,,,E-OBS-P0002-band_structure-4-47f13c68293df651,regex:band_structure,candidate_needs_review,review_queue,0.48,Candidate physical observation from PDF text; not yet human verified.
OBS-P0002-band_structure-4-977baf90b6342c5f,P0002,,F0002,band,band_structure,band structure,band structure,,,,,,,,,local_pdf_text,,4,,,,E-OBS-P0002-band_structure-4-977baf90b6342c5f,regex:band_structure,candidate_needs_review,review_queue,0.48,Candidate physical observation from PDF text; not yet human verified.
OBS-P0002-spectrum-4-0589e13251eb222a,P0002,,F0002,spectrum,spectrum,spectrum,transmittance,,,,,,,,,local_pdf_text,,4,,,,E-OBS-P0002-spectrum-4-0589e13251eb222a,regex:spectrum,candidate_needs_review,review_queue,0.48,Candidate physical observation from PDF text; not yet human verified.
OBS-P0002-spectrum-4-d53169efadf14656,P0002,,F0002,spectrum,spectrum,spectrum,transmittance,,,,,,,,,local_pdf_text,,4,,,,E-OBS-P0002-spectrum-4-d53169efadf14656,regex:spectrum,candidate_needs_review,review_queue,0.48,Candidate physical observation from PDF text; not yet human verified.
OBS-P0002-material-5-3c6e353dd3a65243,P0002,,F0002,material,material,material,dielectric,,,,,,,,,local_pdf_text,,5,,,,E-OBS-P0002-material-5-3c6e353dd3a65243,regex:material,candidate_needs_review,review_queue,0.42,Candidate physical observation from PDF text; not yet human verified.
OBS-P0002-material-7-16c428c3883c1234,P0002,,F0002,material,material,material,silicon,,,,,,,,,local_pdf_text,,7,,,,E-OBS-P0002-material-7-16c428c3883c1234,regex:material,candidate_needs_review,review_queue,0.42,Candidate physical observation from PDF text; not yet human verified.
OBS-P0002-material-7-879695088ff45107,P0002,,F0002,material,material,material,silicon,,,,,,,,,local_pdf_text,,7,,,,E-OBS-P0002-material-7-879695088ff45107,regex:material,candidate_needs_review,review_queue,0.42,Candidate physical observation from PDF text; not yet human verified.
OBS-P0002-spectrum-7-ee23f4d30f3d3951,P0002,,F0002,spectrum,spectrum,spectrum,transmittance,,,,,,,,,local_pdf_text,,7,,,,E-OBS-P0002-spectrum-7-ee23f4d30f3d3951,regex:spectrum,candidate_needs_review,review_queue,0.48,Candidate physical observation from PDF text; not yet human verified.
OBS-P0003-material-1-796de39a70c7f6e3,P0003,,F0003,material,material,material,dielectric,,,,,,,,,local_pdf_text,,1,,,,E-OBS-P0003-material-1-796de39a70c7f6e3,regex:material,candidate_needs_review,review_queue,0.42,Candidate physical observation from PDF text; not yet human verified.
OBS-P0003-material-1-80906976f2e7d22b,P0003,,F0003,material,material,material,dielectric,,,,,,,,,local_pdf_text,,1,,,,E-OBS-P0003-material-1-80906976f2e7d22b,regex:material,candidate_needs_review,review_queue,0.42,Candidate physical observation from PDF text; not yet human verified.
OBS-P0003-material-1-873757e3bb4af5d1,P0003,,F0003,material,material,material,dielectric,,,,,,,,,local_pdf_text,,1,,,,E-OBS-P0003-material-1-873757e3bb4af5d1,regex:material,candidate_needs_review,review_queue,0.42,Candidate physical observation from PDF text; not yet human verified.
OBS-P0003-material-1-d001a2471c118af7,P0003,,F0003,material,material,material,dielectric,,,,,,,,,local_pdf_text,,1,,,,E-OBS-P0003-material-1-d001a2471c118af7,regex:material,candidate_needs_review,review_queue,0.42,Candidate physical observation from PDF text; not yet human verified.
OBS-P0003-material-1-3834f511efcacd90,P0003,,F0003,material,material,material,dielectric,,,,,,,,,local_pdf_text,,1,,,,E-OBS-P0003-material-1-3834f511efcacd90,regex:material,candidate_needs_review,review_queue,0.42,Candidate physical observation from PDF text; not yet human verified.
OBS-P0003-material-1-77cde07ce3b019d3,P0003,,F0003,material,material,material,dielectric,,,,,,,,,local_pdf_text,,1,,,,E-OBS-P0003-material-1-77cde07ce3b019d3,regex:material,candidate_needs_review,review_queue,0.42,Candidate physical observation from PDF text; not yet human verified.
OBS-P0003-material-1-648a9c40a18b1721,P0003,,F0003,material,material,material,dielectric,,,,,,,,,local_pdf_text,,1,,,,E-OBS-P0003-material-1-648a9c40a18b1721,regex:material,candidate_needs_review,review_queue,0.42,Candidate physical observation from PDF text; not yet human verified.
OBS-P0003-material-2-cee0b1aa7fae1a0d,P0003,,F0003,material,material,material,dielectric,,,,,,,,,local_pdf_text,,2,,,,E-OBS-P0003-material-2-cee0b1aa7fae1a0d,regex:material,candidate_needs_review,review_queue,0.42,Candidate physical observation from PDF text; not yet human verified.
OBS-P0003-band_structure-2-2fb5f175f267f82a,P0003,,F0003,band,band_structure,band structure,leaky mode,,,,,,,,,local_pdf_text,,2,,,,E-OBS-P0003-band_structure-2-2fb5f175f267f82a,regex:band_structure,candidate_needs_review,review_queue,0.48,Candidate physical observation from PDF text; not yet human verified.
OBS-P0003-wavelength-3-5477f884d2093981,P0003,,F0003,resonance,wavelength,resonance wavelength,640,640.0,nm,,,640.0,,,,local_pdf_text,,3,,,,E-OBS-P0003-wavelength-3-5477f884d2093981,regex:wavelength,candidate_needs_review,review_queue,0.6,Candidate physical observation from PDF text; not yet human verified.
OBS-P0003-wavelength-3-5b06e5b67aab56ae,P0003,,F0003,resonance,wavelength,resonance wavelength,464,464.0,nm,,,464.0,,,,local_pdf_text,,3,,,,E-OBS-P0003-wavelength-3-5b06e5b67aab56ae,regex:wavelength,candidate_needs_review,review_queue,0.6,Candidate physical observation from PDF text; not yet human verified.
OBS-P0003-radius-3-9a4473dd3ceee201,P0003,,F0003,structure,radius,radius,100,100.0,nm,,,100.0,,,,local_pdf_text,,3,,,,E-OBS-P0003-radius-3-9a4473dd3ceee201,regex:radius,candidate_needs_review,review_queue,0.48,Candidate physical observation from PDF text; not yet human verified.
OBS-P0003-spectrum-3-b48a6abb2c5537b0,P0003,,F0003,spectrum,spectrum,spectrum,far field,,,,,,,,,local_pdf_text,,3,,,,E-OBS-P0003-spectrum-3-b48a6abb2c5537b0,regex:spectrum,candidate_needs_review,review_queue,0.48,Candidate physical observation from PDF text; not yet human verified.
OBS-P0003-spectrum-3-12efc3345563e128,P0003,,F0003,spectrum,spectrum,spectrum,far-field,,,,,,,,,local_pdf_text,,3,,,,E-OBS-P0003-spectrum-3-12efc3345563e128,regex:spectrum,candidate_needs_review,review_queue,0.48,Candidate physical observation from PDF text; not yet human verified.
OBS-P0003-spectrum-3-b65b55e288e31834,P0003,,F0003,spectrum,spectrum,spectrum,far-field,,,,,,,,,local_pdf_text,,3,,,,E-OBS-P0003-spectrum-3-b65b55e288e31834,regex:spectrum,candidate_needs_review,review_queue,0.48,Candidate physical observation from PDF text; not yet human verified.
OBS-P0003-band_structure-4-db8a7587011d2597,P0003,,F0003,band,band_structure,band structure,radiation continuum,,,,,,,,,local_pdf_text,,4,,,,E-OBS-P0003-band_structure-4-db8a7587011d2597,regex:band_structure,candidate_needs_review,review_queue,0.48,Candidate physical observation from PDF text; not yet human verified.
OBS-P0003-k_space-5-4a649162f064d473,P0003,,F0003,kspace,k_space,k-space / momentum-space,Brillouin zone,,,,,,,,,local_pdf_text,,5,,,,E-OBS-P0003-k_space-5-4a649162f064d473,regex:k_space,candidate_needs_review,review_queue,0.5,Candidate physical observation from PDF text; not yet human verified.
OBS-P0003-k_space-5-b33d75b4c2479c19,P0003,,F0003,kspace,k_space,k-space / momentum-space,Γ point,,,,,,,,,local_pdf_text,,5,,,,E-OBS-P0003-k_space-5-b33d75b4c2479c19,regex:k_space,candidate_needs_review,review_queue,0.5,Candidate physical observation from PDF text; not yet human verified.
OBS-P0003-band_structure-5-35bf6d61f5ce652a,P0003,,F0003,band,band_structure,band structure,leaky mode,,,,,,,,,local_pdf_text,,5,,,,E-OBS-P0003-band_structure-5-35bf6d61f5ce652a,regex:band_structure,candidate_needs_review,review_queue,0.48,Candidate physical observation from PDF text; not yet human verified.
OBS-P0003-band_structure-5-8325d28c8cd22df1,P0003,,F0003,band,band_structure,band structure,radiation continuum,,,,,,,,,local_pdf_text,,5,,,,E-OBS-P0003-band_structure-5-8325d28c8cd22df1,regex:band_structure,candidate_needs_review,review_queue,0.48,Candidate physical observation from PDF text; not yet human verified.
OBS-P0003-k_space-6-eaccfc6eecb8cd35,P0003,,F0003,kspace,k_space,k-space / momentum-space,Brillouin zone,,,,,,,,,local_pdf_text,,6,,,,E-OBS-P0003-k_space-6-eaccfc6eecb8cd35,regex:k_space,candidate_needs_review,review_queue,0.5,Candidate physical observation from PDF text; not yet human verified.
OBS-P0003-k_space-6-23a4f4ba91c13174,P0003,,F0003,kspace,k_space,k-space / momentum-space,momentum space,,,,,,,,,local_pdf_text,,6,,,,E-OBS-P0003-k_space-6-23a4f4ba91c13174,regex:k_space,candidate_needs_review,review_queue,0.5,Candidate physical observation from PDF text; not yet human verified.
OBS-P0003-spectrum-6-06abd6beb72448e5,P0003,,F0003,spectrum,spectrum,spectrum,far-field,,,,,,,,,local_pdf_text,,6,,,,E-OBS-P0003-spectrum-6-06abd6beb72448e5,regex:spectrum,candidate_needs_review,review_queue,0.48,Candidate physical observation from PDF text; not yet human verified.
OBS-P0003-polarization-6-20789c4d5e16e217,P0003,,F0003,polarization,polarization,polarization/topology,polarization,,,,,,,,,local_pdf_text,,6,,,,E-OBS-P0003-polarization-6-20789c4d5e16e217,regex:polarization,candidate_needs_review,review_queue,0.46,Candidate physical observation from PDF text; not yet human verified.
OBS-P0003-polarization-6-8360d2ec3cbcce64,P0003,,F0003,polarization,polarization,polarization/topology,polarization,,,,,,,,,local_pdf_text,,6,,,,E-OBS-P0003-polarization-6-8360d2ec3cbcce64,regex:polarization,candidate_needs_review,review_queue,0.46,Candidate physical observation from PDF text; not yet human verified.
OBS-P0003-polarization-6-54cf037acf5e57a6,P0003,,F0003,polarization,polarization,polarization/topology,polarization,,,,,,,,,local_pdf_text,,6,,,,E-OBS-P0003-polarization-6-54cf037acf5e57a6,regex:polarization,candidate_needs_review,review_queue,0.46,Candidate physical observation from PDF text; not yet human verified.
OBS-P0004-material-1-6db5f9eab51d2740,P0004,,F0004,material,material,material,Dielectric,,,,,,,,,local_pdf_text,,1,,,,E-OBS-P0004-material-1-6db5f9eab51d2740,regex:material,candidate_needs_review,review_queue,0.42,Candidate physical observation from PDF text; not yet human verified.
OBS-P0004-material-1-1d90e30c8c465c24,P0004,,F0004,material,material,material,dielectric,,,,,,,,,local_pdf_text,,1,,,,E-OBS-P0004-material-1-1d90e30c8c465c24,regex:material,candidate_needs_review,review_queue,0.42,Candidate physical observation from PDF text; not yet human verified.
OBS-P0004-material-1-d18306b5c89153d2,P0004,,F0004,material,material,material,dielectric,,,,,,,,,local_pdf_text,,1,,,,E-OBS-P0004-material-1-d18306b5c89153d2,regex:material,candidate_needs_review,review_queue,0.42,Candidate physical observation from PDF text; not yet human verified.
OBS-P0004-material-1-4e6ebb3c5e0b0b4e,P0004,,F0004,material,material,material,dielectric,,,,,,,,,local_pdf_text,,1,,,,E-OBS-P0004-material-1-4e6ebb3c5e0b0b4e,regex:material,candidate_needs_review,review_queue,0.42,Candidate physical observation from PDF text; not yet human verified.
OBS-P0004-material-1-02d2669135f74d17,P0004,,F0004,material,material,material,dielectric,,,,,,,,,local_pdf_text,,1,,,,E-OBS-P0004-material-1-02d2669135f74d17,regex:material,candidate_needs_review,review_queue,0.42,Candidate physical observation from PDF text; not yet human verified.
OBS-P0004-material-1-d35b53f2d326c74d,P0004,,F0004,material,material,material,dielectric,,,,,,,,,local_pdf_text,,1,,,,E-OBS-P0004-material-1-d35b53f2d326c74d,regex:material,candidate_needs_review,review_queue,0.42,Candidate physical observation from PDF text; not yet human verified.
OBS-P0004-material-1-c427154039f13608,P0004,,F0004,material,material,material,dielectric,,,,,,,,,local_pdf_text,,1,,,,E-OBS-P0004-material-1-c427154039f13608,regex:material,candidate_needs_review,review_queue,0.42,Candidate physical observation from PDF text; not yet human verified.
OBS-P0004-material-1-ab010dfad27a661f,P0004,,F0004,material,material,material,dielectric,,,,,,,,,local_pdf_text,,1,,,,E-OBS-P0004-material-1-ab010dfad27a661f,regex:material,candidate_needs_review,review_queue,0.42,Candidate physical observation from PDF text; not yet human verified.
OBS-P0004-thickness-3-46c5902e8804bcbd,P0004,,F0004,structure,thickness,thickness/height,1.6,1.6,μm,,,1600.0,,,,local_pdf_text,,3,,,,E-OBS-P0004-thickness-3-46c5902e8804bcbd,regex:thickness,candidate_needs_review,review_queue,0.58,Candidate physical observation from PDF text; not yet human verified.
OBS-P0004-thickness-3-a535ecfce98e2120,P0004,,F0004,structure,thickness,thickness/height,1.6,1.6,μm,,,1600.0,,,,local_pdf_text,,3,,,,E-OBS-P0004-thickness-3-a535ecfce98e2120,regex:thickness,candidate_needs_review,review_queue,0.58,Candidate physical observation from PDF text; not yet human verified.
OBS-P0005-q_factor-1-192500ee066394e9,P0005,,F0005,resonance,q_factor,Q factor,211,211.0,,,,,,211.0,,local_pdf_text,,1,,,,E-OBS-P0005-q_factor-1-192500ee066394e9,regex:q_factor,candidate_needs_review,review_queue,0.62,Candidate physical observation from PDF text; not yet human verified.
OBS-P0005-q_factor-1-da157a820ccf0fa0,P0005,,F0005,resonance,q_factor,Q factor,380,380.0,,,,,,380.0,,local_pdf_text,,1,,,,E-OBS-P0005-q_factor-1-da157a820ccf0fa0,regex:q_factor,candidate_needs_review,review_queue,0.62,Candidate physical observation from PDF text; not yet human verified.
OBS-P0005-q_factor-1-33af0e509953e490,P0005,,F0005,resonance,q_factor,Q factor,294,294.0,,,,,,294.0,,local_pdf_text,,1,,,,E-OBS-P0005-q_factor-1-33af0e509953e490,regex:q_factor,candidate_needs_review,review_queue,0.62,Candidate physical observation from PDF text; not yet human verified.
OBS-P0005-material-1-067a95d229b58a7b,P0005,,F0005,material,material,material,dielectric,,,,,,,,,local_pdf_text,,1,,,,E-OBS-P0005-material-1-067a95d229b58a7b,regex:material,candidate_needs_review,review_queue,0.42,Candidate physical observation from PDF text; not yet human verified.
OBS-P0005-material-1-9aedb862b04a4026,P0005,,F0005,material,material,material,dielectric,,,,,,,,,local_pdf_text,,1,,,,E-OBS-P0005-material-1-9aedb862b04a4026,regex:material,candidate_needs_review,review_queue,0.42,Candidate physical observation from PDF text; not yet human verified.
OBS-P0005-material-1-efc9e6256e009004,P0005,,F0005,material,material,material,dielectric,,,,,,,,,local_pdf_text,,1,,,,E-OBS-P0005-material-1-efc9e6256e009004,regex:material,candidate_needs_review,review_queue,0.42,Candidate physical observation from PDF text; not yet human verified.
OBS-P0005-material-1-d6ade7f0fbde95f4,P0005,,F0005,material,material,material,dielectric,,,,,,,,,local_pdf_text,,1,,,,E-OBS-P0005-material-1-d6ade7f0fbde95f4,regex:material,candidate_needs_review,review_queue,0.42,Candidate physical observation from PDF text; not yet human verified.
OBS-P0005-material-1-59c69bd4ca89a13e,P0005,,F0005,material,material,material,Si,,,,,,,,,local_pdf_text,,1,,,,E-OBS-P0005-material-1-59c69bd4ca89a13e,regex:material,candidate_needs_review,review_queue,0.42,Candidate physical observation from PDF text; not yet human verified.
OBS-P0005-material-1-09db6341be8f0fda,P0005,,F0005,material,material,material,silicon,,,,,,,,,local_pdf_text,,1,,,,E-OBS-P0005-material-1-09db6341be8f0fda,regex:material,candidate_needs_review,review_queue,0.42,Candidate physical observation from PDF text; not yet human verified.
OBS-P0005-material-1-2308b6b73b2c99a1,P0005,,F0005,material,material,material,dielectric,,,,,,,,,local_pdf_text,,1,,,,E-OBS-P0005-material-1-2308b6b73b2c99a1,regex:material,candidate_needs_review,review_queue,0.42,Candidate physical observation from PDF text; not yet human verified.
OBS-P0005-material-1-982a350860e3c983,P0005,,F0005,material,material,material,dielectric,,,,,,,,,local_pdf_text,,1,,,,E-OBS-P0005-material-1-982a350860e3c983,regex:material,candidate_needs_review,review_queue,0.42,Candidate physical observation from PDF text; not yet human verified.
OBS-P0005-k_space-1-d7affe2bc3235f33,P0005,,F0005,kspace,k_space,k-space / momentum-space,momentum space,,,,,,,,,local_pdf_text,,1,,,,E-OBS-P0005-k_space-1-d7affe2bc3235f33,regex:k_space,candidate_needs_review,review_queue,0.5,Candidate physical observation from PDF text; not yet human verified.
OBS-P0005-band_structure-1-4640efc6baaccce8,P0005,,F0005,band,band_structure,band structure,leaky mode,,,,,,,,,local_pdf_text,,1,,,,E-OBS-P0005-band_structure-1-4640efc6baaccce8,regex:band_structure,candidate_needs_review,review_queue,0.48,Candidate physical observation from PDF text; not yet human verified.
OBS-P0005-band_structure-1-5366a8eadb99a295,P0005,,F0005,band,band_structure,band structure,leaky mode,,,,,,,,,local_pdf_text,,1,,,,E-OBS-P0005-band_structure-1-5366a8eadb99a295,regex:band_structure,candidate_needs_review,review_queue,0.48,Candidate physical observation from PDF text; not yet human verified.
OBS-P0005-band_structure-1-0072d7c62ecb8a39,P0005,,F0005,band,band_structure,band structure,leaky mode,,,,,,,,,local_pdf_text,,1,,,,E-OBS-P0005-band_structure-1-0072d7c62ecb8a39,regex:band_structure,candidate_needs_review,review_queue,0.48,Candidate physical observation from PDF text; not yet human verified.
OBS-P0005-k_space-2-91f7b823caf7ae45,P0005,,F0005,kspace,k_space,k-space / momentum-space,momentum space,,,,,,,,,local_pdf_text,,2,,,,E-OBS-P0005-k_space-2-91f7b823caf7ae45,regex:k_space,candidate_needs_review,review_queue,0.5,Candidate physical observation from PDF text; not yet human verified.
OBS-P0005-band_structure-2-58395bd66ee17478,P0005,,F0005,band,band_structure,band structure,leaky mode,,,,,,,,,local_pdf_text,,2,,,,E-OBS-P0005-band_structure-2-58395bd66ee17478,regex:band_structure,candidate_needs_review,review_queue,0.48,Candidate physical observation from PDF text; not yet human verified.
OBS-P0005-band_structure-2-0463ab56808894de,P0005,,F0005,band,band_structure,band structure,leaky mode,,,,,,,,,local_pdf_text,,2,,,,E-OBS-P0005-band_structure-2-0463ab56808894de,regex:band_structure,candidate_needs_review,review_queue,0.48,Candidate physical observation from PDF text; not yet human verified.
OBS-P0005-polarization-2-e749cde1709e1843,P0005,,F0005,polarization,polarization,polarization/topology,polarization,,,,,,,,,local_pdf_text,,2,,,,E-OBS-P0005-polarization-2-e749cde1709e1843,regex:polarization,candidate_needs_review,review_queue,0.46,Candidate physical observation from PDF text; not yet human verified.
OBS-P0005-polarization-2-89a1ccabcbc382ef,P0005,,F0005,polarization,polarization,polarization/topology,polarization,,,,,,,,,local_pdf_text,,2,,,,E-OBS-P0005-polarization-2-89a1ccabcbc382ef,regex:polarization,candidate_needs_review,review_queue,0.46,Candidate physical observation from PDF text; not yet human verified.
OBS-P0005-polarization-2-6e9995fe96a1baec,P0005,,F0005,polarization,polarization,polarization/topology,polarization,,,,,,,,,local_pdf_text,,2,,,,E-OBS-P0005-polarization-2-6e9995fe96a1baec,regex:polarization,candidate_needs_review,review_queue,0.46,Candidate physical observation from PDF text; not yet human verified.
OBS-P0005-polarization-3-ccd91a9d2206fde8,P0005,,F0005,polarization,polarization,polarization/topology,polarization,,,,,,,,,local_pdf_text,,3,,,,E-OBS-P0005-polarization-3-ccd91a9d2206fde8,regex:polarization,candidate_needs_review,review_queue,0.46,Candidate physical observation from PDF text; not yet human verified.
OBS-P0005-k_space-5-50ad7bbcf7e306de,P0005,,F0005,kspace,k_space,k-space / momentum-space,momentum space,,,,,,,,,local_pdf_text,,5,,,,E-OBS-P0005-k_space-5-50ad7bbcf7e306de,regex:k_space,candidate_needs_review,review_queue,0.5,Candidate physical observation from PDF text; not yet human verified.
OBS-P0005-k_space-5-962d013fc05486de,P0005,,F0005,kspace,k_space,k-space / momentum-space,k-space,,,,,,,,,local_pdf_text,,5,,,,E-OBS-P0005-k_space-5-962d013fc05486de,regex:k_space,candidate_needs_review,review_queue,0.5,Candidate physical observation from PDF text; not yet human verified.
OBS-P0005-k_space-5-919bd4999f7937f5,P0005,,F0005,kspace,k_space,k-space / momentum-space,momentum space,,,,,,,,,local_pdf_text,,5,,,,E-OBS-P0005-k_space-5-919bd4999f7937f5,regex:k_space,candidate_needs_review,review_queue,0.5,Candidate physical observation from PDF text; not yet human verified.
OBS-P0005-spectrum-5-83ba17253edc8b55,P0005,,F0005,spectrum,spectrum,spectrum,far-field,,,,,,,,,local_pdf_text,,5,,,,E-OBS-P0005-spectrum-5-83ba17253edc8b55,regex:spectrum,candidate_needs_review,review_queue,0.48,Candidate physical observation from PDF text; not yet human verified.
OBS-P0005-polarization-5-508a8c4956c9c9ab,P0005,,F0005,polarization,polarization,polarization/topology,polarization,,,,,,,,,local_pdf_text,,5,,,,E-OBS-P0005-polarization-5-508a8c4956c9c9ab,regex:polarization,candidate_needs_review,review_queue,0.46,Candidate physical observation from PDF text; not yet human verified.
OBS-P0005-polarization-5-1f6af8c83fcb5915,P0005,,F0005,polarization,polarization,polarization/topology,polarization,,,,,,,,,local_pdf_text,,5,,,,E-OBS-P0005-polarization-5-1f6af8c83fcb5915,regex:polarization,candidate_needs_review,review_queue,0.46,Candidate physical observation from PDF text; not yet human verified.
OBS-P0005-thickness-7-9e24667bc0fa53f4,P0005,,F0005,structure,thickness,thickness/height,825,825.0,nm,,,825.0,,,,local_pdf_text,,7,,,,E-OBS-P0005-thickness-7-9e24667bc0fa53f4,regex:thickness,candidate_needs_review,review_queue,0.58,Candidate physical observation from PDF text; not yet human verified.
OBS-P0005-polarization-7-3996acf4f4ba1290,P0005,,F0005,polarization,polarization,polarization/topology,polarization,,,,,,,,,local_pdf_text,,7,,,,E-OBS-P0005-polarization-7-3996acf4f4ba1290,regex:polarization,candidate_needs_review,review_queue,0.46,Candidate physical observation from PDF text; not yet human verified.
OBS-P0005-polarization-7-68c035cbf58a410a,P0005,,F0005,polarization,polarization,polarization/topology,polarization,,,,,,,,,local_pdf_text,,7,,,,E-OBS-P0005-polarization-7-68c035cbf58a410a,regex:polarization,candidate_needs_review,review_queue,0.46,Candidate physical observation from PDF text; not yet human verified.
OBS-P0005-k_space-8-0ab7d8d5b1f20726,P0005,,F0005,kspace,k_space,k-space / momentum-space,momentum space,,,,,,,,,local_pdf_text,,8,,,,E-OBS-P0005-k_space-8-0ab7d8d5b1f20726,regex:k_space,candidate_needs_review,review_queue,0.5,Candidate physical observation from PDF text; not yet human verified.
OBS-P0005-band_structure-8-5c2d90301b9eeeba,P0005,,F0005,band,band_structure,band structure,leaky mode,,,,,,,,,local_pdf_text,,8,,,,E-OBS-P0005-band_structure-8-5c2d90301b9eeeba,regex:band_structure,candidate_needs_review,review_queue,0.48,Candidate physical observation from PDF text; not yet human verified.
OBS-P0006-material-1-40254d62d3aff457,P0006,,F0006,material,material,material,AlxGa1,1.0,,,,,,,,local_pdf_text,,1,,,,E-OBS-P0006-material-1-40254d62d3aff457,regex:material,candidate_needs_review,review_queue,0.42,Candidate physical observation from PDF text; not yet human verified.
OBS-P0006-band_structure-1-f1366b4645d69f44,P0006,,F0006,band,band_structure,band structure,radiation continuum,,,,,,,,,local_pdf_text,,1,,,,E-OBS-P0006-band_structure-1-f1366b4645d69f44,regex:band_structure,candidate_needs_review,review_queue,0.48,Candidate physical observation from PDF text; not yet human verified.
OBS-P0006-band_structure-1-4dad45a0562c03d2,P0006,,F0006,band,band_structure,band structure,band structure,,,,,,,,,local_pdf_text,,1,,,,E-OBS-P0006-band_structure-1-4dad45a0562c03d2,regex:band_structure,candidate_needs_review,review_queue,0.48,Candidate physical observation from PDF text; not yet human verified.
OBS-P0006-band_structure-1-c092f17e7a03150c,P0006,,F0006,band,band_structure,band structure,radiation continuum,,,,,,,,,local_pdf_text,,1,,,,E-OBS-P0006-band_structure-1-c092f17e7a03150c,regex:band_structure,candidate_needs_review,review_queue,0.48,Candidate physical observation from PDF text; not yet human verified.
OBS-P0006-band_structure-1-1def32fd77c1b252,P0006,,F0006,band,band_structure,band structure,radiation continuum,,,,,,,,,local_pdf_text,,1,,,,E-OBS-P0006-band_structure-1-1def32fd77c1b252,regex:band_structure,candidate_needs_review,review_queue,0.48,Candidate physical observation from PDF text; not yet human verified.
OBS-P0006-band_structure-1-564c31d563f2d47c,P0006,,F0006,band,band_structure,band structure,radiation continuum,,,,,,,,,local_pdf_text,,1,,,,E-OBS-P0006-band_structure-1-564c31d563f2d47c,regex:band_structure,candidate_needs_review,review_queue,0.48,Candidate physical observation from PDF text; not yet human verified.
OBS-P0006-material-2-0394eaf2e58711a5,P0006,,F0006,material,material,material,dielectric,,,,,,,,,local_pdf_text,,2,,,,E-OBS-P0006-material-2-0394eaf2e58711a5,regex:material,candidate_needs_review,review_queue,0.42,Candidate physical observation from PDF text; not yet human verified.
OBS-P0006-material-2-f0fd5c1449337f4f,P0006,,F0006,material,material,material,silicon,,,,,,,,,local_pdf_text,,2,,,,E-OBS-P0006-material-2-f0fd5c1449337f4f,regex:material,candidate_needs_review,review_queue,0.42,Candidate physical observation from PDF text; not yet human verified.
OBS-P0006-material-2-bb2005917b2b0f82,P0006,,F0006,material,material,material,silica,,,,,,,,,local_pdf_text,,2,,,,E-OBS-P0006-material-2-bb2005917b2b0f82,regex:material,candidate_needs_review,review_queue,0.42,Candidate physical observation from PDF text; not yet human verified.
OBS-P0006-material-2-8b8cd58f318a2fac,P0006,,F0006,material,material,material,dielectric,,,,,,,,,local_pdf_text,,2,,,,E-OBS-P0006-material-2-8b8cd58f318a2fac,regex:material,candidate_needs_review,review_queue,0.42,Candidate physical observation from PDF text; not yet human verified.
OBS-P0006-material-2-095dc09945a19a42,P0006,,F0006,material,material,material,silica,,,,,,,,,local_pdf_text,,2,,,,E-OBS-P0006-material-2-095dc09945a19a42,regex:material,candidate_needs_review,review_queue,0.42,Candidate physical observation from PDF text; not yet human verified.
OBS-P0006-material-2-27ad5ea6ca7421c8,P0006,,F0006,material,material,material,silicon,,,,,,,,,local_pdf_text,,2,,,,E-OBS-P0006-material-2-27ad5ea6ca7421c8,regex:material,candidate_needs_review,review_queue,0.42,Candidate physical observation from PDF text; not yet human verified.
OBS-P0006-material-2-5cb063c52d7f899c,P0006,,F0006,material,material,material,sin,,,,,,,,,local_pdf_text,,2,,,,E-OBS-P0006-material-2-5cb063c52d7f899c,regex:material,candidate_needs_review,review_queue,0.42,Candidate physical observation from PDF text; not yet human verified.
OBS-P0006-polarization-2-647a8eb2741dcebf,P0006,,F0006,polarization,polarization,polarization/topology,polarization,,,,,,,,,local_pdf_text,,2,,,,E-OBS-P0006-polarization-2-647a8eb2741dcebf,regex:polarization,candidate_needs_review,review_queue,0.46,Candidate physical observation from PDF text; not yet human verified.
OBS-P0006-polarization-3-f35fd46cc88cc520,P0006,,F0006,polarization,polarization,polarization/topology,Polarization,,,,,,,,,local_pdf_text,,3,,,,E-OBS-P0006-polarization-3-f35fd46cc88cc520,regex:polarization,candidate_needs_review,review_queue,0.46,Candidate physical observation from PDF text; not yet human verified.
OBS-P0006-polarization-3-01b0692c8ef4d0e7,P0006,,F0006,polarization,polarization,polarization/topology,polarization,,,,,,,,,local_pdf_text,,3,,,,E-OBS-P0006-polarization-3-01b0692c8ef4d0e7,regex:polarization,candidate_needs_review,review_queue,0.46,Candidate physical observation from PDF text; not yet human verified.
OBS-P0006-polarization-3-b281cce460119aab,P0006,,F0006,polarization,polarization,polarization/topology,polarization,,,,,,,,,local_pdf_text,,3,,,,E-OBS-P0006-polarization-3-b281cce460119aab,regex:polarization,candidate_needs_review,review_queue,0.46,Candidate physical observation from PDF text; not yet human verified.
OBS-P0006-polarization-3-4aa9c7891db9222d,P0006,,F0006,polarization,polarization,polarization/topology,Polarization,,,,,,,,,local_pdf_text,,3,,,,E-OBS-P0006-polarization-3-4aa9c7891db9222d,regex:polarization,candidate_needs_review,review_queue,0.46,Candidate physical observation from PDF text; not yet human verified.
OBS-P0006-polarization-4-3924cda86f59a814,P0006,,F0006,polarization,polarization,polarization/topology,polarization,,,,,,,,,local_pdf_text,,4,,,,E-OBS-P0006-polarization-4-3924cda86f59a814,regex:polarization,candidate_needs_review,review_queue,0.46,Candidate physical observation from PDF text; not yet human verified.
OBS-P0006-polarization-4-021c8db6f406b507,P0006,,F0006,polarization,polarization,polarization/topology,polarization,,,,,,,,,local_pdf_text,,4,,,,E-OBS-P0006-polarization-4-021c8db6f406b507,regex:polarization,candidate_needs_review,review_queue,0.46,Candidate physical observation from PDF text; not yet human verified.
OBS-P0006-polarization-4-c6e62a79da2fbda0,P0006,,F0006,polarization,polarization,polarization/topology,polarization,,,,,,,,,local_pdf_text,,4,,,,E-OBS-P0006-polarization-4-c6e62a79da2fbda0,regex:polarization,candidate_needs_review,review_queue,0.46,Candidate physical observation from PDF text; not yet human verified.
OBS-P0006-band_structure-6-3078502d695e4b13,P0006,,F0006,band,band_structure,band structure,band structure,,,,,,,,,local_pdf_text,,6,,,,E-OBS-P0006-band_structure-6-3078502d695e4b13,regex:band_structure,candidate_needs_review,review_queue,0.48,Candidate physical observation from PDF text; not yet human verified.
OBS-P0006-band_structure-7-4907a40d84a017d3,P0006,,F0006,band,band_structure,band structure,band structure,,,,,,,,,local_pdf_text,,7,,,,E-OBS-P0006-band_structure-7-4907a40d84a017d3,regex:band_structure,candidate_needs_review,review_queue,0.48,Candidate physical observation from PDF text; not yet human verified.
OBS-P0006-band_structure-7-2941b7fe3efec2a2,P0006,,F0006,band,band_structure,band structure,band structure,,,,,,,,,local_pdf_text,,7,,,,E-OBS-P0006-band_structure-7-2941b7fe3efec2a2,regex:band_structure,candidate_needs_review,review_queue,0.48,Candidate physical observation from PDF text; not yet human verified.
OBS-P0007-material-2-ba9cec61d59e21da,P0007,,F0007,material,material,material,sin,,,,,,,,,local_pdf_text,,2,,,,E-OBS-P0007-material-2-ba9cec61d59e21da,regex:material,candidate_needs_review,review_queue,0.42,Candidate physical observation from PDF text; not yet human verified.
OBS-P0007-material-4-6ba53cf343f4b4b1,P0007,,F0007,material,material,material,sin,,,,,,,,,local_pdf_text,,4,,,,E-OBS-P0007-material-4-6ba53cf343f4b4b1,regex:material,candidate_needs_review,review_queue,0.42,Candidate physical observation from PDF text; not yet human verified.
OBS-P0008-material-1-8bf764d7fd407b13,P0008,,F0008,material,material,material,dielectric,,,,,,,,,local_pdf_text,,1,,,,E-OBS-P0008-material-1-8bf764d7fd407b13,regex:material,candidate_needs_review,review_queue,0.42,Candidate physical observation from PDF text; not yet human verified.
OBS-P0008-band_structure-1-d044de268ea82bf0,P0008,,F0008,band,band_structure,band structure,radiation continuum,,,,,,,,,local_pdf_text,,1,,,,E-OBS-P0008-band_structure-1-d044de268ea82bf0,regex:band_structure,candidate_needs_review,review_queue,0.48,Candidate physical observation from PDF text; not yet human verified.
OBS-P0008-band_structure-2-b51b090493ba7f35,P0008,,F0008,band,band_structure,band structure,radiation continuum,,,,,,,,,local_pdf_text,,2,,,,E-OBS-P0008-band_structure-2-b51b090493ba7f35,regex:band_structure,candidate_needs_review,review_queue,0.48,Candidate physical observation from PDF text; not yet human verified.
OBS-P0008-band_structure-2-b68ed2cac128fb2d,P0008,,F0008,band,band_structure,band structure,radiation continuum,,,,,,,,,local_pdf_text,,2,,,,E-OBS-P0008-band_structure-2-b68ed2cac128fb2d,regex:band_structure,candidate_needs_review,review_queue,0.48,Candidate physical observation from PDF text; not yet human verified.
OBS-P0008-band_structure-2-1612eb7983ca182b,P0008,,F0008,band,band_structure,band structure,dispersion,,,,,,,,,local_pdf_text,,2,,,,E-OBS-P0008-band_structure-2-1612eb7983ca182b,regex:band_structure,candidate_needs_review,review_queue,0.48,Candidate physical observation from PDF text; not yet human verified.
OBS-P0008-band_structure-2-bda8394cbed7b272,P0008,,F0008,band,band_structure,band structure,leaky mode,,,,,,,,,local_pdf_text,,2,,,,E-OBS-P0008-band_structure-2-bda8394cbed7b272,regex:band_structure,candidate_needs_review,review_queue,0.48,Candidate physical observation from PDF text; not yet human verified.
OBS-P0008-material-3-4c791e1ecbb7ef1d,P0008,,F0008,material,material,material,dielectric,,,,,,,,,local_pdf_text,,3,,,,E-OBS-P0008-material-3-4c791e1ecbb7ef1d,regex:material,candidate_needs_review,review_queue,0.42,Candidate physical observation from PDF text; not yet human verified.
OBS-P0008-band_structure-4-8fddd2d264d0673c,P0008,,F0008,band,band_structure,band structure,dispersion,,,,,,,,,local_pdf_text,,4,,,,E-OBS-P0008-band_structure-4-8fddd2d264d0673c,regex:band_structure,candidate_needs_review,review_queue,0.48,Candidate physical observation from PDF text; not yet human verified.
OBS-P0008-band_structure-4-0822288fd407b544,P0008,,F0008,band,band_structure,band structure,dispersion,,,,,,,,,local_pdf_text,,4,,,,E-OBS-P0008-band_structure-4-0822288fd407b544,regex:band_structure,candidate_needs_review,review_queue,0.48,Candidate physical observation from PDF text; not yet human verified.
OBS-P0008-band_structure-4-be88638024128955,P0008,,F0008,band,band_structure,band structure,leaky mode,,,,,,,,,local_pdf_text,,4,,,,E-OBS-P0008-band_structure-4-be88638024128955,regex:band_structure,candidate_needs_review,review_queue,0.48,Candidate physical observation from PDF text; not yet human verified.
OBS-P0008-polarization-4-05ebc91fd1ee6a1f,P0008,,F0008,polarization,polarization,polarization/topology,polarization,,,,,,,,,local_pdf_text,,4,,,,E-OBS-P0008-polarization-4-05ebc91fd1ee6a1f,regex:polarization,candidate_needs_review,review_queue,0.46,Candidate physical observation from PDF text; not yet human verified.
OBS-P0008-q_factor-6-fce9b094135a7634,P0008,,F0008,resonance,q_factor,Q factor,2,2.0,,,,,,2.0,,local_pdf_text,,6,,,,E-OBS-P0008-q_factor-6-fce9b094135a7634,regex:q_factor,candidate_needs_review,review_queue,0.62,Candidate physical observation from PDF text; not yet human verified.
OBS-P0008-material-7-3515bd8774a01072,P0008,,F0008,material,material,material,dielectric,,,,,,,,,local_pdf_text,,7,,,,E-OBS-P0008-material-7-3515bd8774a01072,regex:material,candidate_needs_review,review_queue,0.42,Candidate physical observation from PDF text; not yet human verified.
OBS-P0008-material-7-753b5d5b8567ef6d,P0008,,F0008,material,material,material,dielectric,,,,,,,,,local_pdf_text,,7,,,,E-OBS-P0008-material-7-753b5d5b8567ef6d,regex:material,candidate_needs_review,review_queue,0.42,Candidate physical observation from PDF text; not yet human verified.
OBS-P0008-material-7-aa90387e5e610df1,P0008,,F0008,material,material,material,dielectric,,,,,,,,,local_pdf_text,,7,,,,E-OBS-P0008-material-7-aa90387e5e610df1,regex:material,candidate_needs_review,review_queue,0.42,Candidate physical observation from PDF text; not yet human verified.
OBS-P0008-polarization-7-a5ef9f434da2051a,P0008,,F0008,polarization,polarization,polarization/topology,polarization,,,,,,,,,local_pdf_text,,7,,,,E-OBS-P0008-polarization-7-a5ef9f434da2051a,regex:polarization,candidate_needs_review,review_queue,0.46,Candidate physical observation from PDF text; not yet human verified.
OBS-P0008-material-8-38125176ce570fe2,P0008,,F0008,material,material,material,dielectric,,,,,,,,,local_pdf_text,,8,,,,E-OBS-P0008-material-8-38125176ce570fe2,regex:material,candidate_needs_review,review_queue,0.42,Candidate physical observation from PDF text; not yet human verified.
OBS-P0008-material-8-ccb747560466fda1,P0008,,F0008,material,material,material,dielectric,,,,,,,,,local_pdf_text,,8,,,,E-OBS-P0008-material-8-ccb747560466fda1,regex:material,candidate_needs_review,review_queue,0.42,Candidate physical observation from PDF text; not yet human verified.
OBS-P0008-material-8-35a7f4d843540faa,P0008,,F0008,material,material,material,dielectric,,,,,,,,,local_pdf_text,,8,,,,E-OBS-P0008-material-8-35a7f4d843540faa,regex:material,candidate_needs_review,review_queue,0.42,Candidate physical observation from PDF text; not yet human verified.
OBS-P0008-polarization-8-5b7cb2d315dff1cd,P0008,,F0008,polarization,polarization,polarization/topology,polarization,,,,,,,,,local_pdf_text,,8,,,,E-OBS-P0008-polarization-8-5b7cb2d315dff1cd,regex:polarization,candidate_needs_review,review_queue,0.46,Candidate physical observation from PDF text; not yet human verified.
OBS-P0009-material-1-80675bba4f4a7852,P0009,,F0009,material,material,material,dielectric,,,,,,,,,local_pdf_text,,1,,,,E-OBS-P0009-material-1-80675bba4f4a7852,regex:material,candidate_needs_review,review_queue,0.42,Candidate physical observation from PDF text; not yet human verified.
OBS-P0009-band_structure-2-7716e7ad112c1a11,P0009,,F0009,band,band_structure,band structure,dispersion,,,,,,,,,local_pdf_text,,2,,,,E-OBS-P0009-band_structure-2-7716e7ad112c1a11,regex:band_structure,candidate_needs_review,review_queue,0.48,Candidate physical observation from PDF text; not yet human verified.
OBS-P0009-material-3-9e69a5b2ed062d6e,P0009,,F0009,material,material,material,silica,,,,,,,,,local_pdf_text,,3,,,,E-OBS-P0009-material-3-9e69a5b2ed062d6e,regex:material,candidate_needs_review,review_queue,0.42,Candidate physical observation from PDF text; not yet human verified.
OBS-P0009-material-3-d06cdf9c159653a5,P0009,,F0009,material,material,material,silica,,,,,,,,,local_pdf_text,,3,,,,E-OBS-P0009-material-3-d06cdf9c159653a5,regex:material,candidate_needs_review,review_queue,0.42,Candidate physical observation from PDF text; not yet human verified.
OBS-P0010-material-1-f420d4e5485d249c,P0010,,F0010,material,material,material,Dielectric,,,,,,,,,local_pdf_text,,1,,,,E-OBS-P0010-material-1-f420d4e5485d249c,regex:material,candidate_needs_review,review_queue,0.42,Candidate physical observation from PDF text; not yet human verified.
OBS-P0010-material-1-2c6298634a31b164,P0010,,F0010,material,material,material,dielectric,,,,,,,,,local_pdf_text,,1,,,,E-OBS-P0010-material-1-2c6298634a31b164,regex:material,candidate_needs_review,review_queue,0.42,Candidate physical observation from PDF text; not yet human verified.
OBS-P0010-material-1-8df582a300932d26,P0010,,F0010,material,material,material,Dielectric,,,,,,,,,local_pdf_text,,1,,,,E-OBS-P0010-material-1-8df582a300932d26,regex:material,candidate_needs_review,review_queue,0.42,Candidate physical observation from PDF text; not yet human verified.
OBS-P0010-spectrum-1-02dff46a5a3b8fc4,P0010,,F0010,spectrum,spectrum,spectrum,Far-field,,,,,,,,,local_pdf_text,,1,,,,E-OBS-P0010-spectrum-1-02dff46a5a3b8fc4,regex:spectrum,candidate_needs_review,review_queue,0.48,Candidate physical observation from PDF text; not yet human verified.
OBS-P0010-material-2-b859d1457574aaef,P0010,,F0010,material,material,material,dielectric,,,,,,,,,local_pdf_text,,2,,,,E-OBS-P0010-material-2-b859d1457574aaef,regex:material,candidate_needs_review,review_queue,0.42,Candidate physical observation from PDF text; not yet human verified.
OBS-P0010-material-2-8a49f9c136d471f4,P0010,,F0010,material,material,material,dielectric,,,,,,,,,local_pdf_text,,2,,,,E-OBS-P0010-material-2-8a49f9c136d471f4,regex:material,candidate_needs_review,review_queue,0.42,Candidate physical observation from PDF text; not yet human verified.
OBS-P0010-material-2-2ef30368b16dc481,P0010,,F0010,material,material,material,Dielectric,,,,,,,,,local_pdf_text,,2,,,,E-OBS-P0010-material-2-2ef30368b16dc481,regex:material,candidate_needs_review,review_queue,0.42,Candidate physical observation from PDF text; not yet human verified.
OBS-P0010-spectrum-2-de353178e0dfebd2,P0010,,F0010,spectrum,spectrum,spectrum,far field,,,,,,,,,local_pdf_text,,2,,,,E-OBS-P0010-spectrum-2-de353178e0dfebd2,regex:spectrum,candidate_needs_review,review_queue,0.48,Candidate physical observation from PDF text; not yet human verified.
OBS-P0010-material-3-f51a930d27df56f4,P0010,,F0010,material,material,material,dielectric,,,,,,,,,local_pdf_text,,3,,,,E-OBS-P0010-material-3-f51a930d27df56f4,regex:material,candidate_needs_review,review_queue,0.42,Candidate physical observation from PDF text; not yet human verified.
OBS-P0010-material-3-cb65d7d9796f84b7,P0010,,F0010,material,material,material,dielectric,,,,,,,,,local_pdf_text,,3,,,,E-OBS-P0010-material-3-cb65d7d9796f84b7,regex:material,candidate_needs_review,review_queue,0.42,Candidate physical observation from PDF text; not yet human verified.
OBS-P0010-spectrum-4-08dc03bd0c46be89,P0010,,F0010,spectrum,spectrum,spectrum,far-field,,,,,,,,,local_pdf_text,,4,,,,E-OBS-P0010-spectrum-4-08dc03bd0c46be89,regex:spectrum,candidate_needs_review,review_queue,0.48,Candidate physical observation from PDF text; not yet human verified.
OBS-P0010-spectrum-5-56946d09703b3025,P0010,,F0010,spectrum,spectrum,spectrum,far-field,,,,,,,,,local_pdf_text,,5,,,,E-OBS-P0010-spectrum-5-56946d09703b3025,regex:spectrum,candidate_needs_review,review_queue,0.48,Candidate physical observation from PDF text; not yet human verified.
OBS-P0010-polarization-5-5c13f5c7a2c213ae,P0010,,F0010,polarization,polarization,polarization/topology,polarization,,,,,,,,,local_pdf_text,,5,,,,E-OBS-P0010-polarization-5-5c13f5c7a2c213ae,regex:polarization,candidate_needs_review,review_queue,0.46,Candidate physical observation from PDF text; not yet human verified.
OBS-P0010-polarization-5-dea9d2c9de9544f6,P0010,,F0010,polarization,polarization,polarization/topology,polarization,,,,,,,,,local_pdf_text,,5,,,,E-OBS-P0010-polarization-5-dea9d2c9de9544f6,regex:polarization,candidate_needs_review,review_queue,0.46,Candidate physical observation from PDF text; not yet human verified.
OBS-P0010-polarization-5-f27dca363e0bd750,P0010,,F0010,polarization,polarization,polarization/topology,polarization,,,,,,,,,local_pdf_text,,5,,,,E-OBS-P0010-polarization-5-f27dca363e0bd750,regex:polarization,candidate_needs_review,review_queue,0.46,Candidate physical observation from PDF text; not yet human verified.
OBS-P0010-polarization-5-ab143dadce6ccfd5,P0010,,F0010,polarization,polarization,polarization/topology,polarization,,,,,,,,,local_pdf_text,,5,,,,E-OBS-P0010-polarization-5-ab143dadce6ccfd5,regex:polarization,candidate_needs_review,review_queue,0.46,Candidate physical observation from PDF text; not yet human verified.
OBS-P0010-spectrum-7-6030cb877b854089,P0010,,F0010,spectrum,spectrum,spectrum,far-field,,,,,,,,,local_pdf_text,,7,,,,E-OBS-P0010-spectrum-7-6030cb877b854089,regex:spectrum,candidate_needs_review,review_queue,0.48,Candidate physical observation from PDF text; not yet human verified.
OBS-P0010-spectrum-7-4670b127dfdbb8fd,P0010,,F0010,spectrum,spectrum,spectrum,far-field,,,,,,,,,local_pdf_text,,7,,,,E-OBS-P0010-spectrum-7-4670b127dfdbb8fd,regex:spectrum,candidate_needs_review,review_queue,0.48,Candidate physical observation from PDF text; not yet human verified.
OBS-P0010-polarization-7-1aa775b40e14ffb7,P0010,,F0010,polarization,polarization,polarization/topology,polarization,,,,,,,,,local_pdf_text,,7,,,,E-OBS-P0010-polarization-7-1aa775b40e14ffb7,regex:polarization,candidate_needs_review,review_queue,0.46,Candidate physical observation from PDF text; not yet human verified.
OBS-P0010-polarization-7-3eef55d36e238ca6,P0010,,F0010,polarization,polarization,polarization/topology,polarization,,,,,,,,,local_pdf_text,,7,,,,E-OBS-P0010-polarization-7-3eef55d36e238ca6,regex:polarization,candidate_needs_review,review_queue,0.46,Candidate physical observation from PDF text; not yet human verified.
OBS-P0011-band_structure-1-1d2720fbc5df1095,P0011,,F0011,band,band_structure,band structure,radiation continuum,,,,,,,,,local_pdf_text,,1,,,,E-OBS-P0011-band_structure-1-1d2720fbc5df1095,regex:band_structure,candidate_needs_review,review_queue,0.48,Candidate physical observation from PDF text; not yet human verified.
OBS-P0011-band_structure-1-88bc7805142f93fd,P0011,,F0011,band,band_structure,band structure,radiation continuum,,,,,,,,,local_pdf_text,,1,,,,E-OBS-P0011-band_structure-1-88bc7805142f93fd,regex:band_structure,candidate_needs_review,review_queue,0.48,Candidate physical observation from PDF text; not yet human verified.
OBS-P0011-band_structure-1-ca958ca883395c45,P0011,,F0011,band,band_structure,band structure,light cone,,,,,,,,,local_pdf_text,,1,,,,E-OBS-P0011-band_structure-1-ca958ca883395c45,regex:band_structure,candidate_needs_review,review_queue,0.48,Candidate physical observation from PDF text; not yet human verified.
OBS-P0011-material-2-f047e2ba65cdaa8a,P0011,,F0011,material,material,material,dielectric,,,,,,,,,local_pdf_text,,2,,,,E-OBS-P0011-material-2-f047e2ba65cdaa8a,regex:material,candidate_needs_review,review_queue,0.42,Candidate physical observation from PDF text; not yet human verified.
OBS-P0011-material-2-5be07ad5acdad7cc,P0011,,F0011,material,material,material,dielectric,,,,,,,,,local_pdf_text,,2,,,,E-OBS-P0011-material-2-5be07ad5acdad7cc,regex:material,candidate_needs_review,review_queue,0.42,Candidate physical observation from PDF text; not yet human verified.
OBS-P0011-material-2-12903efa7d10579f,P0011,,F0011,material,material,material,silver,,,,,,,,,local_pdf_text,,2,,,,E-OBS-P0011-material-2-12903efa7d10579f,regex:material,candidate_needs_review,review_queue,0.42,Candidate physical observation from PDF text; not yet human verified.
OBS-P0011-material-3-511b36fed08cd43b,P0011,,F0011,material,material,material,dielectric,,,,,,,,,local_pdf_text,,3,,,,E-OBS-P0011-material-3-511b36fed08cd43b,regex:material,candidate_needs_review,review_queue,0.42,Candidate physical observation from PDF text; not yet human verified.
OBS-P0011-material-3-dbc4eef22e7a351f,P0011,,F0011,material,material,material,sin,,,,,,,,,local_pdf_text,,3,,,,E-OBS-P0011-material-3-dbc4eef22e7a351f,regex:material,candidate_needs_review,review_queue,0.42,Candidate physical observation from PDF text; not yet human verified.
OBS-P0011-band_structure-3-4bf31a16789e1244,P0011,,F0011,band,band_structure,band structure,dispersion,,,,,,,,,local_pdf_text,,3,,,,E-OBS-P0011-band_structure-3-4bf31a16789e1244,regex:band_structure,candidate_needs_review,review_queue,0.48,Candidate physical observation from PDF text; not yet human verified.
OBS-P0011-band_structure-3-b532b028a15469c0,P0011,,F0011,band,band_structure,band structure,radiation continuum,,,,,,,,,local_pdf_text,,3,,,,E-OBS-P0011-band_structure-3-b532b028a15469c0,regex:band_structure,candidate_needs_review,review_queue,0.48,Candidate physical observation from PDF text; not yet human verified.
OBS-P0012-band_structure-5-8b0d41498d550a98,P0012,,F0012,band,band_structure,band structure,dispersion,,,,,,,,,local_pdf_text,,5,,,,E-OBS-P0012-band_structure-5-8b0d41498d550a98,regex:band_structure,candidate_needs_review,review_queue,0.48,Candidate physical observation from PDF text; not yet human verified.
OBS-P0012-material-6-108ea232c0a70755,P0012,,F0012,material,material,material,sin,,,,,,,,,local_pdf_text,,6,,,,E-OBS-P0012-material-6-108ea232c0a70755,regex:material,candidate_needs_review,review_queue,0.42,Candidate physical observation from PDF text; not yet human verified.
OBS-P0012-material-6-a8b88f18396e5f05,P0012,,F0012,material,material,material,sin,,,,,,,,,local_pdf_text,,6,,,,E-OBS-P0012-material-6-a8b88f18396e5f05,regex:material,candidate_needs_review,review_queue,0.42,Candidate physical observation from PDF text; not yet human verified.
OBS-P0012-q_factor-7-0a34adecf9dac553,P0012,,F0012,resonance,q_factor,Q factor,1,1.0,,,,,,1.0,,local_pdf_text,,7,,,,E-OBS-P0012-q_factor-7-0a34adecf9dac553,regex:q_factor,candidate_needs_review,review_queue,0.62,Candidate physical observation from PDF text; not yet human verified.
OBS-P0012-q_factor-7-a9a4b50ea93d7499,P0012,,F0012,resonance,q_factor,Q factor,0,0.0,,,,,,0.0,,local_pdf_text,,7,,,,E-OBS-P0012-q_factor-7-a9a4b50ea93d7499,regex:q_factor,candidate_needs_review,review_queue,0.62,Candidate physical observation from PDF text; not yet human verified.
OBS-P0012-q_factor-8-e4fed9d6db0308d6,P0012,,F0012,resonance,q_factor,Q factor,0,0.0,,,,,,0.0,,local_pdf_text,,8,,,,E-OBS-P0012-q_factor-8-e4fed9d6db0308d6,regex:q_factor,candidate_needs_review,review_queue,0.62,Candidate physical observation from PDF text; not yet human verified.
OBS-P0012-q_factor-8-9dbbd33202563910,P0012,,F0012,resonance,q_factor,Q factor,0,0.0,,,,,,0.0,,local_pdf_text,,8,,,,E-OBS-P0012-q_factor-8-9dbbd33202563910,regex:q_factor,candidate_needs_review,review_queue,0.62,Candidate physical observation from PDF text; not yet human verified.
OBS-P0013-material-2-a51b87b255cba9c6,P0013,,F0013,material,material,material,silica,,,,,,,,,local_pdf_text,,2,,,,E-OBS-P0013-material-2-a51b87b255cba9c6,regex:material,candidate_needs_review,review_queue,0.42,Candidate physical observation from PDF text; not yet human verified.
OBS-P0013-band_structure-2-f5be5c2a8537eaa4,P0013,,F0013,band,band_structure,band structure,dispersion,,,,,,,,,local_pdf_text,,2,,,,E-OBS-P0013-band_structure-2-f5be5c2a8537eaa4,regex:band_structure,candidate_needs_review,review_queue,0.48,Candidate physical observation from PDF text; not yet human verified.
OBS-P0013-material-3-de9fc7caa919c430,P0013,,F0013,material,material,material,silica,,,,,,,,,local_pdf_text,,3,,,,E-OBS-P0013-material-3-de9fc7caa919c430,regex:material,candidate_needs_review,review_queue,0.42,Candidate physical observation from PDF text; not yet human verified.
OBS-P0013-band_structure-3-d307c3dfda989bab,P0013,,F0013,band,band_structure,band structure,Bloch mode,,,,,,,,,local_pdf_text,,3,,,,E-OBS-P0013-band_structure-3-d307c3dfda989bab,regex:band_structure,candidate_needs_review,review_queue,0.48,Candidate physical observation from PDF text; not yet human verified.
OBS-P0014-material-1-af91d100820200a3,P0014,,F0014,material,material,material,dielectric,,,,,,,,,local_pdf_text,,1,,,,E-OBS-P0014-material-1-af91d100820200a3,regex:material,candidate_needs_review,review_queue,0.42,Candidate physical observation from PDF text; not yet human verified.
OBS-P0014-material-1-149add7566561d77,P0014,,F0014,material,material,material,dielectric,,,,,,,,,local_pdf_text,,1,,,,E-OBS-P0014-material-1-149add7566561d77,regex:material,candidate_needs_review,review_queue,0.42,Candidate physical observation from PDF text; not yet human verified.
OBS-P0014-polarization-1-4456ed4bd7d6eb4a,P0014,,F0014,polarization,polarization,polarization/topology,polarization,,,,,,,,,local_pdf_text,,1,,,,E-OBS-P0014-polarization-1-4456ed4bd7d6eb4a,regex:polarization,candidate_needs_review,review_queue,0.46,Candidate physical observation from PDF text; not yet human verified.
OBS-P0014-material-3-05306bd90af9ed08,P0014,,F0014,material,material,material,dielectric,,,,,,,,,local_pdf_text,,3,,,,E-OBS-P0014-material-3-05306bd90af9ed08,regex:material,candidate_needs_review,review_queue,0.42,Candidate physical observation from PDF text; not yet human verified.
OBS-P0014-material-3-f7206c17044d8782,P0014,,F0014,material,material,material,dielectric,,,,,,,,,local_pdf_text,,3,,,,E-OBS-P0014-material-3-f7206c17044d8782,regex:material,candidate_needs_review,review_queue,0.42,Candidate physical observation from PDF text; not yet human verified.
OBS-P0014-material-3-4be1d1b2d6f66f87,P0014,,F0014,material,material,material,dielectric,,,,,,,,,local_pdf_text,,3,,,,E-OBS-P0014-material-3-4be1d1b2d6f66f87,regex:material,candidate_needs_review,review_queue,0.42,Candidate physical observation from PDF text; not yet human verified.
OBS-P0014-material-3-f78c6e28a75957b1,P0014,,F0014,material,material,material,dielectric,,,,,,,,,local_pdf_text,,3,,,,E-OBS-P0014-material-3-f78c6e28a75957b1,regex:material,candidate_needs_review,review_queue,0.42,Candidate physical observation from PDF text; not yet human verified.
OBS-P0014-material-4-420a1e4e41afa9a9,P0014,,F0014,material,material,material,dielectric,,,,,,,,,local_pdf_text,,4,,,,E-OBS-P0014-material-4-420a1e4e41afa9a9,regex:material,candidate_needs_review,review_queue,0.42,Candidate physical observation from PDF text; not yet human verified.
OBS-P0014-material-4-d04d7a7164cdeef6,P0014,,F0014,material,material,material,dielectric,,,,,,,,,local_pdf_text,,4,,,,E-OBS-P0014-material-4-d04d7a7164cdeef6,regex:material,candidate_needs_review,review_queue,0.42,Candidate physical observation from PDF text; not yet human verified.
OBS-P0014-band_structure-4-49f3aaccc407e56b,P0014,,F0014,band,band_structure,band structure,band structure,,,,,,,,,local_pdf_text,,4,,,,E-OBS-P0014-band_structure-4-49f3aaccc407e56b,regex:band_structure,candidate_needs_review,review_queue,0.48,Candidate physical observation from PDF text; not yet human verified.
OBS-P0014-spectrum-4-ad7eb1cb47067abf,P0014,,F0014,spectrum,spectrum,spectrum,transmission spectrum,,,,,,,,,local_pdf_text,,4,,,,E-OBS-P0014-spectrum-4-ad7eb1cb47067abf,regex:spectrum,candidate_needs_review,review_queue,0.48,Candidate physical observation from PDF text; not yet human verified.
OBS-P0015-q_factor-1-53d9aa3a474e8ce6,P0015,,F0015,resonance,q_factor,Q factor,2750,2750.0,,,,,,2750.0,,local_pdf_text,,1,,,,E-OBS-P0015-q_factor-1-53d9aa3a474e8ce6,regex:q_factor,candidate_needs_review,review_queue,0.62,Candidate physical observation from PDF text; not yet human verified.
OBS-P0015-material-1-52fb4fd9ac2e7d52,P0015,,F0015,material,material,material,dielectric,,,,,,,,,local_pdf_text,,1,,,,E-OBS-P0015-material-1-52fb4fd9ac2e7d52,regex:material,candidate_needs_review,review_queue,0.42,Candidate physical observation from PDF text; not yet human verified.
OBS-P0015-material-1-1baa305a7a4ed161,P0015,,F0015,material,material,material,dielectric,,,,,,,,,local_pdf_text,,1,,,,E-OBS-P0015-material-1-1baa305a7a4ed161,regex:material,candidate_needs_review,review_queue,0.42,Candidate physical observation from PDF text; not yet human verified.
OBS-P0015-material-1-fe4d0e1d1093d57e,P0015,,F0015,material,material,material,GaAs,,,,,,,,,local_pdf_text,,1,,,,E-OBS-P0015-material-1-fe4d0e1d1093d57e,regex:material,candidate_needs_review,review_queue,0.42,Candidate physical observation from PDF text; not yet human verified.
OBS-P0015-material-2-9ce10020712ce418,P0015,,F0015,material,material,material,GaAs,,,,,,,,,local_pdf_text,,2,,,,E-OBS-P0015-material-2-9ce10020712ce418,regex:material,candidate_needs_review,review_queue,0.42,Candidate physical observation from PDF text; not yet human verified.
OBS-P0015-material-2-cc98ef1e06d76465,P0015,,F0015,material,material,material,dielectric,,,,,,,,,local_pdf_text,,2,,,,E-OBS-P0015-material-2-cc98ef1e06d76465,regex:material,candidate_needs_review,review_queue,0.42,Candidate physical observation from PDF text; not yet human verified.
OBS-P0015-material-2-8833648397a24548,P0015,,F0015,material,material,material,dielectric,,,,,,,,,local_pdf_text,,2,,,,E-OBS-P0015-material-2-8833648397a24548,regex:material,candidate_needs_review,review_queue,0.42,Candidate physical observation from PDF text; not yet human verified.
OBS-P0015-material-2-ec977fe57f51877c,P0015,,F0015,material,material,material,dielectric,,,,,,,,,local_pdf_text,,2,,,,E-OBS-P0015-material-2-ec977fe57f51877c,regex:material,candidate_needs_review,review_queue,0.42,Candidate physical observation from PDF text; not yet human verified.
OBS-P0015-material-2-694865bfd3dc7d6d,P0015,,F0015,material,material,material,dielectric,,,,,,,,,local_pdf_text,,2,,,,E-OBS-P0015-material-2-694865bfd3dc7d6d,regex:material,candidate_needs_review,review_queue,0.42,Candidate physical observation from PDF text; not yet human verified.
OBS-P0015-polarization-2-4a2e831ca02dde1a,P0015,,F0015,polarization,polarization,polarization/topology,vortex beam,,,,,,,,,local_pdf_text,,2,,,,E-OBS-P0015-polarization-2-4a2e831ca02dde1a,regex:polarization,candidate_needs_review,review_queue,0.46,Candidate physical observation from PDF text; not yet human verified.
OBS-P0015-polarization-2-544e78482adeef81,P0015,,F0015,polarization,polarization,polarization/topology,polarization,,,,,,,,,local_pdf_text,,2,,,,E-OBS-P0015-polarization-2-544e78482adeef81,regex:polarization,candidate_needs_review,review_queue,0.46,Candidate physical observation from PDF text; not yet human verified.
OBS-P0015-thickness-4-422700b9a46b67c3,P0015,,F0015,structure,thickness,thickness/height,250,250.0,nm,,,250.0,,,,local_pdf_text,,4,,,,E-OBS-P0015-thickness-4-422700b9a46b67c3,regex:thickness,candidate_needs_review,review_queue,0.58,Candidate physical observation from PDF text; not yet human verified.
OBS-P0015-k_space-4-43b5eff37dd91bf8,P0015,,F0015,kspace,k_space,k-space / momentum-space,topological charge,,,,,,,,,local_pdf_text,,4,,,,E-OBS-P0015-k_space-4-43b5eff37dd91bf8,regex:k_space,candidate_needs_review,review_queue,0.5,Candidate physical observation from PDF text; not yet human verified.
OBS-P0015-spectrum-4-07c965e3a3bbb227,P0015,,F0015,spectrum,spectrum,spectrum,photoluminescence,,,,,,,,,local_pdf_text,,4,,,,E-OBS-P0015-spectrum-4-07c965e3a3bbb227,regex:spectrum,candidate_needs_review,review_queue,0.48,Candidate physical observation from PDF text; not yet human verified.
OBS-P0015-polarization-4-33e7f2c9b6b4c5e7,P0015,,F0015,polarization,polarization,polarization/topology,polarization,,,,,,,,,local_pdf_text,,4,,,,E-OBS-P0015-polarization-4-33e7f2c9b6b4c5e7,regex:polarization,candidate_needs_review,review_queue,0.46,Candidate physical observation from PDF text; not yet human verified.
OBS-P0015-polarization-4-43b5eff37dd91bf8,P0015,,F0015,polarization,polarization,polarization/topology,topological charge,,,,,,,,,local_pdf_text,,4,,,,E-OBS-P0015-polarization-4-43b5eff37dd91bf8,regex:polarization,candidate_needs_review,review_queue,0.46,Candidate physical observation from PDF text; not yet human verified.
OBS-P0015-thickness-6-140014e47bcd2d85,P0015,,F0015,structure,thickness,thickness/height,250,250.0,nm,,,250.0,,,,local_pdf_text,,6,,,,E-OBS-P0015-thickness-6-140014e47bcd2d85,regex:thickness,candidate_needs_review,review_queue,0.58,Candidate physical observation from PDF text; not yet human verified.
OBS-P0015-diameter-6-bad882168bbd7af1,P0015,,F0015,structure,diameter,diameter,100,100.0,nm,,,100.0,,,,local_pdf_text,,6,,,,E-OBS-P0015-diameter-6-bad882168bbd7af1,regex:diameter,candidate_needs_review,review_queue,0.45,Candidate physical observation from PDF text; not yet human verified.
OBS-P0015-diameter-6-bc46c6bad293fc26,P0015,,F0015,structure,diameter,diameter,50,50.0,µm,,,50000.0,,,,local_pdf_text,,6,,,,E-OBS-P0015-diameter-6-bc46c6bad293fc26,regex:diameter,candidate_needs_review,review_queue,0.45,Candidate physical observation from PDF text; not yet human verified.
OBS-P0015-spectrum-6-bd6d383a8ea408e1,P0015,,F0015,spectrum,spectrum,spectrum,transmission spectrum,,,,,,,,,local_pdf_text,,6,,,,E-OBS-P0015-spectrum-6-bd6d383a8ea408e1,regex:spectrum,candidate_needs_review,review_queue,0.48,Candidate physical observation from PDF text; not yet human verified.
OBS-P0015-spectrum-7-39685b8fc42a999c,P0015,,F0015,spectrum,spectrum,spectrum,transmission spectrum,,,,,,,,,local_pdf_text,,7,,,,E-OBS-P0015-spectrum-7-39685b8fc42a999c,regex:spectrum,candidate_needs_review,review_queue,0.48,Candidate physical observation from PDF text; not yet human verified.
OBS-P0015-polarization-7-5db6c3800f0be34d,P0015,,F0015,polarization,polarization,polarization/topology,polarization,,,,,,,,,local_pdf_text,,7,,,,E-OBS-P0015-polarization-7-5db6c3800f0be34d,regex:polarization,candidate_needs_review,review_queue,0.46,Candidate physical observation from PDF text; not yet human verified.
OBS-P0015-polarization-7-6608fb56a4210596,P0015,,F0015,polarization,polarization,polarization/topology,polarization,,,,,,,,,local_pdf_text,,7,,,,E-OBS-P0015-polarization-7-6608fb56a4210596,regex:polarization,candidate_needs_review,review_queue,0.46,Candidate physical observation from PDF text; not yet human verified.
OBS-P0015-k_space-8-8b2e276b90e1cca3,P0015,,F0015,kspace,k_space,k-space / momentum-space,Γ point,,,,,,,,,local_pdf_text,,8,,,,E-OBS-P0015-k_space-8-8b2e276b90e1cca3,regex:k_space,candidate_needs_review,review_queue,0.5,Candidate physical observation from PDF text; not yet human verified.
OBS-P0015-k_space-8-1c06ee66fc7bd0e6,P0015,,F0015,kspace,k_space,k-space / momentum-space,Brillouin zone,,,,,,,,,local_pdf_text,,8,,,,E-OBS-P0015-k_space-8-1c06ee66fc7bd0e6,regex:k_space,candidate_needs_review,review_queue,0.5,Candidate physical observation from PDF text; not yet human verified.
OBS-P0015-spectrum-8-c89782b5b44ef338,P0015,,F0015,spectrum,spectrum,spectrum,transmission spectrum,,,,,,,,,local_pdf_text,,8,,,,E-OBS-P0015-spectrum-8-c89782b5b44ef338,regex:spectrum,candidate_needs_review,review_queue,0.48,Candidate physical observation from PDF text; not yet human verified.
OBS-P0016-material-3-79d9a5cd05c3a665,P0016,,F0016,material,material,material,sin,,,,,,,,,local_pdf_text,,3,,,,E-OBS-P0016-material-3-79d9a5cd05c3a665,regex:material,candidate_needs_review,review_queue,0.42,Candidate physical observation from PDF text; not yet human verified.
OBS-P0016-material-4-208975bc93afeb24,P0016,,F0016,material,material,material,sin,,,,,,,,,local_pdf_text,,4,,,,E-OBS-P0016-material-4-208975bc93afeb24,regex:material,candidate_needs_review,review_queue,0.42,Candidate physical observation from PDF text; not yet human verified.
OBS-P0017-material-1-e045c281ed901ffa,P0017,,F0017,material,material,material,dielectric,,,,,,,,,local_pdf_text,,1,,,,E-OBS-P0017-material-1-e045c281ed901ffa,regex:material,candidate_needs_review,review_queue,0.42,Candidate physical observation from PDF text; not yet human verified.
OBS-P0017-material-1-33adbfd802816f16,P0017,,F0017,material,material,material,dielectric,,,,,,,,,local_pdf_text,,1,,,,E-OBS-P0017-material-1-33adbfd802816f16,regex:material,candidate_needs_review,review_queue,0.42,Candidate physical observation from PDF text; not yet human verified.
OBS-P0017-material-1-a09579b7349f04d2,P0017,,F0017,material,material,material,dielectric,,,,,,,,,local_pdf_text,,1,,,,E-OBS-P0017-material-1-a09579b7349f04d2,regex:material,candidate_needs_review,review_queue,0.42,Candidate physical observation from PDF text; not yet human verified.
OBS-P0017-material-1-52808172a006da12,P0017,,F0017,material,material,material,dielectric,,,,,,,,,local_pdf_text,,1,,,,E-OBS-P0017-material-1-52808172a006da12,regex:material,candidate_needs_review,review_queue,0.42,Candidate physical observation from PDF text; not yet human verified.
OBS-P0017-material-1-62ea91a5e1f4afb1,P0017,,F0017,material,material,material,dielectric,,,,,,,,,local_pdf_text,,1,,,,E-OBS-P0017-material-1-62ea91a5e1f4afb1,regex:material,candidate_needs_review,review_queue,0.42,Candidate physical observation from PDF text; not yet human verified.
OBS-P0017-material-1-6fa117e82461260b,P0017,,F0017,material,material,material,dielectric,,,,,,,,,local_pdf_text,,1,,,,E-OBS-P0017-material-1-6fa117e82461260b,regex:material,candidate_needs_review,review_queue,0.42,Candidate physical observation from PDF text; not yet human verified.
OBS-P0017-material-1-bd51324b63c42fdd,P0017,,F0017,material,material,material,Si,,,,,,,,,local_pdf_text,,1,,,,E-OBS-P0017-material-1-bd51324b63c42fdd,regex:material,candidate_needs_review,review_queue,0.42,Candidate physical observation from PDF text; not yet human verified.
OBS-P0017-material-1-b2c071196f58c70b,P0017,,F0017,material,material,material,dielectric,,,,,,,,,local_pdf_text,,1,,,,E-OBS-P0017-material-1-b2c071196f58c70b,regex:material,candidate_needs_review,review_queue,0.42,Candidate physical observation from PDF text; not yet human verified.
OBS-P0017-band_structure-1-c2c7d9d13c597a42,P0017,,F0017,band,band_structure,band structure,radiation continuum,,,,,,,,,local_pdf_text,,1,,,,E-OBS-P0017-band_structure-1-c2c7d9d13c597a42,regex:band_structure,candidate_needs_review,review_queue,0.48,Candidate physical observation from PDF text; not yet human verified.
OBS-P0017-band_structure-1-76015f6084517b80,P0017,,F0017,band,band_structure,band structure,dispersion,,,,,,,,,local_pdf_text,,1,,,,E-OBS-P0017-band_structure-1-76015f6084517b80,regex:band_structure,candidate_needs_review,review_queue,0.48,Candidate physical observation from PDF text; not yet human verified.
OBS-P0017-band_structure-1-09529cb79caa3429,P0017,,F0017,band,band_structure,band structure,dispersion,,,,,,,,,local_pdf_text,,1,,,,E-OBS-P0017-band_structure-1-09529cb79caa3429,regex:band_structure,candidate_needs_review,review_queue,0.48,Candidate physical observation from PDF text; not yet human verified.
OBS-P0017-band_structure-1-7b426bf664200765,P0017,,F0017,band,band_structure,band structure,dispersion,,,,,,,,,local_pdf_text,,1,,,,E-OBS-P0017-band_structure-1-7b426bf664200765,regex:band_structure,candidate_needs_review,review_queue,0.48,Candidate physical observation from PDF text; not yet human verified.
OBS-P0017-band_structure-1-3d0be30a86c71632,P0017,,F0017,band,band_structure,band structure,dispersion,,,,,,,,,local_pdf_text,,1,,,,E-OBS-P0017-band_structure-1-3d0be30a86c71632,regex:band_structure,candidate_needs_review,review_queue,0.48,Candidate physical observation from PDF text; not yet human verified.
OBS-P0017-band_structure-1-8b1861452384d994,P0017,,F0017,band,band_structure,band structure,band structure,,,,,,,,,local_pdf_text,,1,,,,E-OBS-P0017-band_structure-1-8b1861452384d994,regex:band_structure,candidate_needs_review,review_queue,0.48,Candidate physical observation from PDF text; not yet human verified.
OBS-P0017-band_structure-1-fd37c2b47682dca8,P0017,,F0017,band,band_structure,band structure,dispersion,,,,,,,,,local_pdf_text,,1,,,,E-OBS-P0017-band_structure-1-fd37c2b47682dca8,regex:band_structure,candidate_needs_review,review_queue,0.48,Candidate physical observation from PDF text; not yet human verified.
OBS-P0017-band_structure-1-85ce3cfd4a4fff49,P0017,,F0017,band,band_structure,band structure,radiation continuum,,,,,,,,,local_pdf_text,,1,,,,E-OBS-P0017-band_structure-1-85ce3cfd4a4fff49,regex:band_structure,candidate_needs_review,review_queue,0.48,Candidate physical observation from PDF text; not yet human verified.
OBS-P0017-wavelength-4-f0eb82dd4c97dcc4,P0017,,F0017,resonance,wavelength,resonance wavelength,1000,1000.0,nm,,,1000.0,,,,local_pdf_text,,4,,,,E-OBS-P0017-wavelength-4-f0eb82dd4c97dcc4,regex:wavelength,candidate_needs_review,review_queue,0.6,Candidate physical observation from PDF text; not yet human verified.
OBS-P0017-spectrum-4-696084838e7d7b38,P0017,,F0017,spectrum,spectrum,spectrum,far-field,,,,,,,,,local_pdf_text,,4,,,,E-OBS-P0017-spectrum-4-696084838e7d7b38,regex:spectrum,candidate_needs_review,review_queue,0.48,Candidate physical observation from PDF text; not yet human verified.
OBS-P0018-material-1-7d91b64267509c6b,P0018,,F0018,material,material,material,dielectric,,,,,,,,,local_pdf_text,,1,,,,E-OBS-P0018-material-1-7d91b64267509c6b,regex:material,candidate_needs_review,review_queue,0.42,Candidate physical observation from PDF text; not yet human verified.
OBS-P0018-material-1-28f1129ba3505496,P0018,,F0018,material,material,material,dielectric,,,,,,,,,local_pdf_text,,1,,,,E-OBS-P0018-material-1-28f1129ba3505496,regex:material,candidate_needs_review,review_queue,0.42,Candidate physical observation from PDF text; not yet human verified.
OBS-P0018-material-1-b4ad160d4bd3b6e3,P0018,,F0018,material,material,material,dielectric,,,,,,,,,local_pdf_text,,1,,,,E-OBS-P0018-material-1-b4ad160d4bd3b6e3,regex:material,candidate_needs_review,review_queue,0.42,Candidate physical observation from PDF text; not yet human verified.
OBS-P0018-material-1-87321bd047746ef8,P0018,,F0018,material,material,material,dielectric,,,,,,,,,local_pdf_text,,1,,,,E-OBS-P0018-material-1-87321bd047746ef8,regex:material,candidate_needs_review,review_queue,0.42,Candidate physical observation from PDF text; not yet human verified.
OBS-P0018-material-1-35fd2d2c6c4c6d6f,P0018,,F0018,material,material,material,dielectric,,,,,,,,,local_pdf_text,,1,,,,E-OBS-P0018-material-1-35fd2d2c6c4c6d6f,regex:material,candidate_needs_review,review_queue,0.42,Candidate physical observation from PDF text; not yet human verified.
OBS-P0018-material-1-dd1dc632644b12b0,P0018,,F0018,material,material,material,dielectric,,,,,,,,,local_pdf_text,,1,,,,E-OBS-P0018-material-1-dd1dc632644b12b0,regex:material,candidate_needs_review,review_queue,0.42,Candidate physical observation from PDF text; not yet human verified.
OBS-P0018-material-1-1b4f3155c576b7c3,P0018,,F0018,material,material,material,dielectric,,,,,,,,,local_pdf_text,,1,,,,E-OBS-P0018-material-1-1b4f3155c576b7c3,regex:material,candidate_needs_review,review_queue,0.42,Candidate physical observation from PDF text; not yet human verified.
OBS-P0018-material-1-0ef4e6cef5d8ccc3,P0018,,F0018,material,material,material,dielectric,,,,,,,,,local_pdf_text,,1,,,,E-OBS-P0018-material-1-0ef4e6cef5d8ccc3,regex:material,candidate_needs_review,review_queue,0.42,Candidate physical observation from PDF text; not yet human verified.
OBS-P0018-band_structure-1-e704e32a486ddaa0,P0018,,F0018,band,band_structure,band structure,light cone,,,,,,,,,local_pdf_text,,1,,,,E-OBS-P0018-band_structure-1-e704e32a486ddaa0,regex:band_structure,candidate_needs_review,review_queue,0.48,Candidate physical observation from PDF text; not yet human verified.
OBS-P0018-band_structure-1-a9e0021053c1656b,P0018,,F0018,band,band_structure,band structure,light cone,,,,,,,,,local_pdf_text,,1,,,,E-OBS-P0018-band_structure-1-a9e0021053c1656b,regex:band_structure,candidate_needs_review,review_queue,0.48,Candidate physical observation from PDF text; not yet human verified.
OBS-P0018-band_structure-1-b9ddd4fd4c44af3e,P0018,,F0018,band,band_structure,band structure,light cone,,,,,,,,,local_pdf_text,,1,,,,E-OBS-P0018-band_structure-1-b9ddd4fd4c44af3e,regex:band_structure,candidate_needs_review,review_queue,0.48,Candidate physical observation from PDF text; not yet human verified.
OBS-P0018-band_structure-1-4d917c5a388d276c,P0018,,F0018,band,band_structure,band structure,light cone,,,,,,,,,local_pdf_text,,1,,,,E-OBS-P0018-band_structure-1-4d917c5a388d276c,regex:band_structure,candidate_needs_review,review_queue,0.48,Candidate physical observation from PDF text; not yet human verified.
OBS-P0018-band_structure-1-d1050255ee5a07ba,P0018,,F0018,band,band_structure,band structure,light cone,,,,,,,,,local_pdf_text,,1,,,,E-OBS-P0018-band_structure-1-d1050255ee5a07ba,regex:band_structure,candidate_needs_review,review_queue,0.48,Candidate physical observation from PDF text; not yet human verified.
OBS-P0018-polarization-1-3e69487cb984e250,P0018,,F0018,polarization,polarization,polarization/topology,polarization,,,,,,,,,local_pdf_text,,1,,,,E-OBS-P0018-polarization-1-3e69487cb984e250,regex:polarization,candidate_needs_review,review_queue,0.46,Candidate physical observation from PDF text; not yet human verified.
OBS-P0018-band_structure-3-a9748368787ac3d4,P0018,,F0018,band,band_structure,band structure,LIGHT CONE,,,,,,,,,local_pdf_text,,3,,,,E-OBS-P0018-band_structure-3-a9748368787ac3d4,regex:band_structure,candidate_needs_review,review_queue,0.48,Candidate physical observation from PDF text; not yet human verified.
OBS-P0018-band_structure-3-f309e351cd16e6dc,P0018,,F0018,band,band_structure,band structure,light cone,,,,,,,,,local_pdf_text,,3,,,,E-OBS-P0018-band_structure-3-f309e351cd16e6dc,regex:band_structure,candidate_needs_review,review_queue,0.48,Candidate physical observation from PDF text; not yet human verified.
OBS-P0018-polarization-3-fa5d20d838cde1bf,P0018,,F0018,polarization,polarization,polarization/topology,polarization,,,,,,,,,local_pdf_text,,3,,,,E-OBS-P0018-polarization-3-fa5d20d838cde1bf,regex:polarization,candidate_needs_review,review_queue,0.46,Candidate physical observation from PDF text; not yet human verified.
OBS-P0018-polarization-3-155afbfb93946496,P0018,,F0018,polarization,polarization,polarization/topology,polarization,,,,,,,,,local_pdf_text,,3,,,,E-OBS-P0018-polarization-3-155afbfb93946496,regex:polarization,candidate_needs_review,review_queue,0.46,Candidate physical observation from PDF text; not yet human verified.
OBS-P0018-polarization-4-8e9c9469d4863d81,P0018,,F0018,polarization,polarization,polarization/topology,polarization,,,,,,,,,local_pdf_text,,4,,,,E-OBS-P0018-polarization-4-8e9c9469d4863d81,regex:polarization,candidate_needs_review,review_queue,0.46,Candidate physical observation from PDF text; not yet human verified.
OBS-P0018-band_structure-5-33d4c5a6145eb100,P0018,,F0018,band,band_structure,band structure,LIGHT CONE,,,,,,,,,local_pdf_text,,5,,,,E-OBS-P0018-band_structure-5-33d4c5a6145eb100,regex:band_structure,candidate_needs_review,review_queue,0.48,Candidate physical observation from PDF text; not yet human verified.
OBS-P0018-polarization-5-5a4b8bd55e2dc207,P0018,,F0018,polarization,polarization,polarization/topology,polarization,,,,,,,,,local_pdf_text,,5,,,,E-OBS-P0018-polarization-5-5a4b8bd55e2dc207,regex:polarization,candidate_needs_review,review_queue,0.46,Candidate physical observation from PDF text; not yet human verified.
OBS-P0018-polarization-7-e6de22b379181b92,P0018,,F0018,polarization,polarization,polarization/topology,polarization,,,,,,,,,local_pdf_text,,7,,,,E-OBS-P0018-polarization-7-e6de22b379181b92,regex:polarization,candidate_needs_review,review_queue,0.46,Candidate physical observation from PDF text; not yet human verified.
OBS-P0019-q_factor-1-38fba153d643fc02,P0019,,F0019,resonance,q_factor,Q factor,1,1.0,,,,,,1.0,,local_pdf_text,,1,,,,E-OBS-P0019-q_factor-1-38fba153d643fc02,regex:q_factor,candidate_needs_review,review_queue,0.62,Candidate physical observation from PDF text; not yet human verified.
OBS-P0019-material-1-d5480d7b79281a1f,P0019,,F0019,material,material,material,dielectric,,,,,,,,,local_pdf_text,,1,,,,E-OBS-P0019-material-1-d5480d7b79281a1f,regex:material,candidate_needs_review,review_queue,0.42,Candidate physical observation from PDF text; not yet human verified.
OBS-P0019-material-1-9828d32e81621640,P0019,,F0019,material,material,material,dielectric,,,,,,,,,local_pdf_text,,1,,,,E-OBS-P0019-material-1-9828d32e81621640,regex:material,candidate_needs_review,review_queue,0.42,Candidate physical observation from PDF text; not yet human verified.
OBS-P0019-material-1-3ed976612088bde0,P0019,,F0019,material,material,material,dielectric,,,,,,,,,local_pdf_text,,1,,,,E-OBS-P0019-material-1-3ed976612088bde0,regex:material,candidate_needs_review,review_queue,0.42,Candidate physical observation from PDF text; not yet human verified.
OBS-P0019-material-1-b044f085ced76030,P0019,,F0019,material,material,material,dielectric,,,,,,,,,local_pdf_text,,1,,,,E-OBS-P0019-material-1-b044f085ced76030,regex:material,candidate_needs_review,review_queue,0.42,Candidate physical observation from PDF text; not yet human verified.
OBS-P0019-material-1-82ca4a5b4e412853,P0019,,F0019,material,material,material,dielectric,,,,,,,,,local_pdf_text,,1,,,,E-OBS-P0019-material-1-82ca4a5b4e412853,regex:material,candidate_needs_review,review_queue,0.42,Candidate physical observation from PDF text; not yet human verified.
OBS-P0019-material-1-ec7d8490c5a68b67,P0019,,F0019,material,material,material,dielectric,,,,,,,,,local_pdf_text,,1,,,,E-OBS-P0019-material-1-ec7d8490c5a68b67,regex:material,candidate_needs_review,review_queue,0.42,Candidate physical observation from PDF text; not yet human verified.
OBS-P0019-material-1-dcbe80203d22f406,P0019,,F0019,material,material,material,dielectric,,,,,,,,,local_pdf_text,,1,,,,E-OBS-P0019-material-1-dcbe80203d22f406,regex:material,candidate_needs_review,review_queue,0.42,Candidate physical observation from PDF text; not yet human verified.
OBS-P0019-material-1-414c8678ba546085,P0019,,F0019,material,material,material,dielectric,,,,,,,,,local_pdf_text,,1,,,,E-OBS-P0019-material-1-414c8678ba546085,regex:material,candidate_needs_review,review_queue,0.42,Candidate physical observation from PDF text; not yet human verified.
OBS-P0019-k_space-1-daafc9a8aac4bd06,P0019,,F0019,kspace,k_space,k-space / momentum-space,topological charge,,,,,,,,,local_pdf_text,,1,,,,E-OBS-P0019-k_space-1-daafc9a8aac4bd06,regex:k_space,candidate_needs_review,review_queue,0.5,Candidate physical observation from PDF text; not yet human verified.
OBS-P0019-polarization-1-c16ff7b40736b118,P0019,,F0019,polarization,polarization,polarization/topology,polarization,,,,,,,,,local_pdf_text,,1,,,,E-OBS-P0019-polarization-1-c16ff7b40736b118,regex:polarization,candidate_needs_review,review_queue,0.46,Candidate physical observation from PDF text; not yet human verified.
OBS-P0019-polarization-1-e819b621b4c19d25,P0019,,F0019,polarization,polarization,polarization/topology,polarization,,,,,,,,,local_pdf_text,,1,,,,E-OBS-P0019-polarization-1-e819b621b4c19d25,regex:polarization,candidate_needs_review,review_queue,0.46,Candidate physical observation from PDF text; not yet human verified.
OBS-P0019-polarization-1-daafc9a8aac4bd06,P0019,,F0019,polarization,polarization,polarization/topology,topological charge,,,,,,,,,local_pdf_text,,1,,,,E-OBS-P0019-polarization-1-daafc9a8aac4bd06,regex:polarization,candidate_needs_review,review_queue,0.46,Candidate physical observation from PDF text; not yet human verified.
OBS-P0019-thickness-2-158105e1d849da4b,P0019,,F0019,structure,thickness,thickness/height,250,250.0,nm,,,250.0,,,,local_pdf_text,,2,,,,E-OBS-P0019-thickness-2-158105e1d849da4b,regex:thickness,candidate_needs_review,review_queue,0.58,Candidate physical observation from PDF text; not yet human verified.
OBS-P0019-thickness-2-695bf6d242a75e8a,P0019,,F0019,structure,thickness,thickness/height,250,250.0,nm,,,250.0,,,,local_pdf_text,,2,,,,E-OBS-P0019-thickness-2-695bf6d242a75e8a,regex:thickness,candidate_needs_review,review_queue,0.58,Candidate physical observation from PDF text; not yet human verified.
OBS-P0019-diameter-2-1e9b26dfc568c65e,P0019,,F0019,structure,diameter,diameter,100,100.0,nm,,,100.0,,,,local_pdf_text,,2,,,,E-OBS-P0019-diameter-2-1e9b26dfc568c65e,regex:diameter,candidate_needs_review,review_queue,0.45,Candidate physical observation from PDF text; not yet human verified.
OBS-P0019-spectrum-2-061aab1f3ba2fda0,P0019,,F0019,spectrum,spectrum,spectrum,photoluminescence,,,,,,,,,local_pdf_text,,2,,,,E-OBS-P0019-spectrum-2-061aab1f3ba2fda0,regex:spectrum,candidate_needs_review,review_queue,0.48,Candidate physical observation from PDF text; not yet human verified.
OBS-P0019-polarization-2-baf731d18cf26401,P0019,,F0019,polarization,polarization,polarization/topology,polarization,,,,,,,,,local_pdf_text,,2,,,,E-OBS-P0019-polarization-2-baf731d18cf26401,regex:polarization,candidate_needs_review,review_queue,0.46,Candidate physical observation from PDF text; not yet human verified.
OBS-P0019-q_factor-3-6fd67bfc25d55541,P0019,,F0019,resonance,q_factor,Q factor,"2,750",2750.0,,,,,,2750.0,,local_pdf_text,,3,,,,E-OBS-P0019-q_factor-3-6fd67bfc25d55541,regex:q_factor,candidate_needs_review,review_queue,0.62,Candidate physical observation from PDF text; not yet human verified.
OBS-P0019-k_space-3-bcf60f1a36d04b53,P0019,,F0019,kspace,k_space,k-space / momentum-space,Brillouin zone,,,,,,,,,local_pdf_text,,3,,,,E-OBS-P0019-k_space-3-bcf60f1a36d04b53,regex:k_space,candidate_needs_review,review_queue,0.5,Candidate physical observation from PDF text; not yet human verified.
OBS-P0019-spectrum-3-f5172023384e6dd6,P0019,,F0019,spectrum,spectrum,spectrum,photoluminescence,,,,,,,,,local_pdf_text,,3,,,,E-OBS-P0019-spectrum-3-f5172023384e6dd6,regex:spectrum,candidate_needs_review,review_queue,0.48,Candidate physical observation from PDF text; not yet human verified.
OBS-P0019-spectrum-3-ac7c27a843e112c6,P0019,,F0019,spectrum,spectrum,spectrum,photoluminescence,,,,,,,,,local_pdf_text,,3,,,,E-OBS-P0019-spectrum-3-ac7c27a843e112c6,regex:spectrum,candidate_needs_review,review_queue,0.48,Candidate physical observation from PDF text; not yet human verified.
OBS-P0019-spectrum-3-a34b4522a3fdfeeb,P0019,,F0019,spectrum,spectrum,spectrum,transmission spectrum,,,,,,,,,local_pdf_text,,3,,,,E-OBS-P0019-spectrum-3-a34b4522a3fdfeeb,regex:spectrum,candidate_needs_review,review_queue,0.48,Candidate physical observation from PDF text; not yet human verified.
OBS-P0019-polarization-3-5511844e4f17ca55,P0019,,F0019,polarization,polarization,polarization/topology,polarization,,,,,,,,,local_pdf_text,,3,,,,E-OBS-P0019-polarization-3-5511844e4f17ca55,regex:polarization,candidate_needs_review,review_queue,0.46,Candidate physical observation from PDF text; not yet human verified.
OBS-P0019-spectrum-4-98f964fcde0bbba2,P0019,,F0019,spectrum,spectrum,spectrum,photoluminescence,,,,,,,,,local_pdf_text,,4,,,,E-OBS-P0019-spectrum-4-98f964fcde0bbba2,regex:spectrum,candidate_needs_review,review_queue,0.48,Candidate physical observation from PDF text; not yet human verified.
OBS-P0019-polarization-4-b5ab4c3772f65934,P0019,,F0019,polarization,polarization,polarization/topology,Polarization,,,,,,,,,local_pdf_text,,4,,,,E-OBS-P0019-polarization-4-b5ab4c3772f65934,regex:polarization,candidate_needs_review,review_queue,0.46,Candidate physical observation from PDF text; not yet human verified.
OBS-P0019-spectrum-5-ab43a3a6b915b7c5,P0019,,F0019,spectrum,spectrum,spectrum,photoluminescence,,,,,,,,,local_pdf_text,,5,,,,E-OBS-P0019-spectrum-5-ab43a3a6b915b7c5,regex:spectrum,candidate_needs_review,review_queue,0.48,Candidate physical observation from PDF text; not yet human verified.
OBS-P0019-spectrum-6-3261f104e1450271,P0019,,F0019,spectrum,spectrum,spectrum,photoluminescence,,,,,,,,,local_pdf_text,,6,,,,E-OBS-P0019-spectrum-6-3261f104e1450271,regex:spectrum,candidate_needs_review,review_queue,0.48,Candidate physical observation from PDF text; not yet human verified.
OBS-P0019-polarization-6-37f69dd3a2287bdd,P0019,,F0019,polarization,polarization,polarization/topology,Polarization,,,,,,,,,local_pdf_text,,6,,,,E-OBS-P0019-polarization-6-37f69dd3a2287bdd,regex:polarization,candidate_needs_review,review_queue,0.46,Candidate physical observation from PDF text; not yet human verified.
OBS-P0019-polarization-6-bd866bbccbc3a822,P0019,,F0019,polarization,polarization,polarization/topology,polarization,,,,,,,,,local_pdf_text,,6,,,,E-OBS-P0019-polarization-6-bd866bbccbc3a822,regex:polarization,candidate_needs_review,review_queue,0.46,Candidate physical observation from PDF text; not yet human verified.
OBS-P0019-spectrum-7-32e15b0475bc8a34,P0019,,F0019,spectrum,spectrum,spectrum,transmission spectrum,,,,,,,,,local_pdf_text,,7,,,,E-OBS-P0019-spectrum-7-32e15b0475bc8a34,regex:spectrum,candidate_needs_review,review_queue,0.48,Candidate physical observation from PDF text; not yet human verified.
OBS-P0020-band_structure-1-ac93ba799a9dd4bd,P0020,,F0020,band,band_structure,band structure,light cone,,,,,,,,,local_pdf_text,,1,,,,E-OBS-P0020-band_structure-1-ac93ba799a9dd4bd,regex:band_structure,candidate_needs_review,review_queue,0.48,Candidate physical observation from PDF text; not yet human verified.
OBS-P0020-band_structure-1-184736584afddc2b,P0020,,F0020,band,band_structure,band structure,light cone,,,,,,,,,local_pdf_text,,1,,,,E-OBS-P0020-band_structure-1-184736584afddc2b,regex:band_structure,candidate_needs_review,review_queue,0.48,Candidate physical observation from PDF text; not yet human verified.
OBS-P0020-band_structure-1-f262a87707bfbdb5,P0020,,F0020,band,band_structure,band structure,leaky mode,,,,,,,,,local_pdf_text,,1,,,,E-OBS-P0020-band_structure-1-f262a87707bfbdb5,regex:band_structure,candidate_needs_review,review_queue,0.48,Candidate physical observation from PDF text; not yet human verified.
OBS-P0020-band_structure-1-9105a4a0dcd72968,P0020,,F0020,band,band_structure,band structure,leaky mode,,,,,,,,,local_pdf_text,,1,,,,E-OBS-P0020-band_structure-1-9105a4a0dcd72968,regex:band_structure,candidate_needs_review,review_queue,0.48,Candidate physical observation from PDF text; not yet human verified.
OBS-P0020-polarization-1-d731c001bf29b6bc,P0020,,F0020,polarization,polarization,polarization/topology,polarization,,,,,,,,,local_pdf_text,,1,,,,E-OBS-P0020-polarization-1-d731c001bf29b6bc,regex:polarization,candidate_needs_review,review_queue,0.46,Candidate physical observation from PDF text; not yet human verified.
OBS-P0020-polarization-1-5cadb7761b62f651,P0020,,F0020,polarization,polarization,polarization/topology,polarization,,,,,,,,,local_pdf_text,,1,,,,E-OBS-P0020-polarization-1-5cadb7761b62f651,regex:polarization,candidate_needs_review,review_queue,0.46,Candidate physical observation from PDF text; not yet human verified.
OBS-P0020-polarization-1-479815d61ffe8af7,P0020,,F0020,polarization,polarization,polarization/topology,polarization,,,,,,,,,local_pdf_text,,1,,,,E-OBS-P0020-polarization-1-479815d61ffe8af7,regex:polarization,candidate_needs_review,review_queue,0.46,Candidate physical observation from PDF text; not yet human verified.
OBS-P0020-band_structure-2-bb19b380d5bddfaa,P0020,,F0020,band,band_structure,band structure,light cone,,,,,,,,,local_pdf_text,,2,,,,E-OBS-P0020-band_structure-2-bb19b380d5bddfaa,regex:band_structure,candidate_needs_review,review_queue,0.48,Candidate physical observation from PDF text; not yet human verified.
OBS-P0020-band_structure-2-f32500f62d3558cf,P0020,,F0020,band,band_structure,band structure,light cone,,,,,,,,,local_pdf_text,,2,,,,E-OBS-P0020-band_structure-2-f32500f62d3558cf,regex:band_structure,candidate_needs_review,review_queue,0.48,Candidate physical observation from PDF text; not yet human verified.
OBS-P0020-band_structure-2-e5e0c9ebab548a81,P0020,,F0020,band,band_structure,band structure,dispersion,,,,,,,,,local_pdf_text,,2,,,,E-OBS-P0020-band_structure-2-e5e0c9ebab548a81,regex:band_structure,candidate_needs_review,review_queue,0.48,Candidate physical observation from PDF text; not yet human verified.
OBS-P0020-band_structure-2-4581302f29869b3c,P0020,,F0020,band,band_structure,band structure,light cone,,,,,,,,,local_pdf_text,,2,,,,E-OBS-P0020-band_structure-2-4581302f29869b3c,regex:band_structure,candidate_needs_review,review_queue,0.48,Candidate physical observation from PDF text; not yet human verified.
OBS-P0020-polarization-2-3471e5dc0d6387c4,P0020,,F0020,polarization,polarization,polarization/topology,polarization,,,,,,,,,local_pdf_text,,2,,,,E-OBS-P0020-polarization-2-3471e5dc0d6387c4,regex:polarization,candidate_needs_review,review_queue,0.46,Candidate physical observation from PDF text; not yet human verified.
OBS-P0020-polarization-2-b28053f80dba1657,P0020,,F0020,polarization,polarization,polarization/topology,Polarization,,,,,,,,,local_pdf_text,,2,,,,E-OBS-P0020-polarization-2-b28053f80dba1657,regex:polarization,candidate_needs_review,review_queue,0.46,Candidate physical observation from PDF text; not yet human verified.
OBS-P0020-polarization-3-d13d19e1e0651f20,P0020,,F0020,polarization,polarization,polarization/topology,polarization,,,,,,,,,local_pdf_text,,3,,,,E-OBS-P0020-polarization-3-d13d19e1e0651f20,regex:polarization,candidate_needs_review,review_queue,0.46,Candidate physical observation from PDF text; not yet human verified.
OBS-P0020-polarization-4-3ce74e5ca442cbca,P0020,,F0020,polarization,polarization,polarization/topology,polarization,,,,,,,,,local_pdf_text,,4,,,,E-OBS-P0020-polarization-4-3ce74e5ca442cbca,regex:polarization,candidate_needs_review,review_queue,0.46,Candidate physical observation from PDF text; not yet human verified.
OBS-P0020-polarization-4-272190a3a3043d96,P0020,,F0020,polarization,polarization,polarization/topology,polarization,,,,,,,,,local_pdf_text,,4,,,,E-OBS-P0020-polarization-4-272190a3a3043d96,regex:polarization,candidate_needs_review,review_queue,0.46,Candidate physical observation from PDF text; not yet human verified.
OBS-P0020-material-5-c95e931d04852cad,P0020,,F0020,material,material,material,dielectric,,,,,,,,,local_pdf_text,,5,,,,E-OBS-P0020-material-5-c95e931d04852cad,regex:material,candidate_needs_review,review_queue,0.42,Candidate physical observation from PDF text; not yet human verified.
OBS-P0020-material-5-cfb8fbb5df28b1a2,P0020,,F0020,material,material,material,dielectric,,,,,,,,,local_pdf_text,,5,,,,E-OBS-P0020-material-5-cfb8fbb5df28b1a2,regex:material,candidate_needs_review,review_queue,0.42,Candidate physical observation from PDF text; not yet human verified.
OBS-P0020-spectrum-5-94b8b7e526685022,P0020,,F0020,spectrum,spectrum,spectrum,transmittance,,,,,,,,,local_pdf_text,,5,,,,E-OBS-P0020-spectrum-5-94b8b7e526685022,regex:spectrum,candidate_needs_review,review_queue,0.48,Candidate physical observation from PDF text; not yet human verified.
OBS-P0021-material-1-8a1d5e10ae355555,P0021,,F0021,material,material,material,silica,,,,,,,,,local_pdf_text,,1,,,,E-OBS-P0021-material-1-8a1d5e10ae355555,regex:material,candidate_needs_review,review_queue,0.42,Candidate physical observation from PDF text; not yet human verified.
OBS-P0021-material-1-5f3d027dacd084d7,P0021,,F0021,material,material,material,silicon,,,,,,,,,local_pdf_text,,1,,,,E-OBS-P0021-material-1-5f3d027dacd084d7,regex:material,candidate_needs_review,review_queue,0.42,Candidate physical observation from PDF text; not yet human verified.
OBS-P0021-material-1-e16f64c959ae16c9,P0021,,F0021,material,material,material,silica,,,,,,,,,local_pdf_text,,1,,,,E-OBS-P0021-material-1-e16f64c959ae16c9,regex:material,candidate_needs_review,review_queue,0.42,Candidate physical observation from PDF text; not yet human verified.
OBS-P0021-material-1-bd703f636879b64e,P0021,,F0021,material,material,material,silica,,,,,,,,,local_pdf_text,,1,,,,E-OBS-P0021-material-1-bd703f636879b64e,regex:material,candidate_needs_review,review_queue,0.42,Candidate physical observation from PDF text; not yet human verified.
OBS-P0021-k_space-4-d5530bf0b9048775,P0021,,F0021,kspace,k_space,k-space / momentum-space,Brillouin zone,,,,,,,,,local_pdf_text,,4,,,,E-OBS-P0021-k_space-4-d5530bf0b9048775,regex:k_space,candidate_needs_review,review_queue,0.5,Candidate physical observation from PDF text; not yet human verified.
OBS-P0021-k_space-4-12130af66daa5d58,P0021,,F0021,kspace,k_space,k-space / momentum-space,Brillouin zone,,,,,,,,,local_pdf_text,,4,,,,E-OBS-P0021-k_space-4-12130af66daa5d58,regex:k_space,candidate_needs_review,review_queue,0.5,Candidate physical observation from PDF text; not yet human verified.
OBS-P0022-band_structure-1-14cc606ebac231b9,P0022,,F0022,band,band_structure,band structure,radiation continuum,,,,,,,,,local_pdf_text,,1,,,,E-OBS-P0022-band_structure-1-14cc606ebac231b9,regex:band_structure,candidate_needs_review,review_queue,0.48,Candidate physical observation from PDF text; not yet human verified.
OBS-P0022-spectrum-1-dab548da86cb3cb7,P0022,,F0022,spectrum,spectrum,spectrum,far-field,,,,,,,,,local_pdf_text,,1,,,,E-OBS-P0022-spectrum-1-dab548da86cb3cb7,regex:spectrum,candidate_needs_review,review_queue,0.48,Candidate physical observation from PDF text; not yet human verified.
OBS-P0022-k_space-2-ea563d6bcb03c86c,P0022,,F0022,kspace,k_space,k-space / momentum-space,Brillouin zone,,,,,,,,,local_pdf_text,,2,,,,E-OBS-P0022-k_space-2-ea563d6bcb03c86c,regex:k_space,candidate_needs_review,review_queue,0.5,Candidate physical observation from PDF text; not yet human verified.
OBS-P0022-band_structure-2-c9fd232dad5b3476,P0022,,F0022,band,band_structure,band structure,radiation continuum,,,,,,,,,local_pdf_text,,2,,,,E-OBS-P0022-band_structure-2-c9fd232dad5b3476,regex:band_structure,candidate_needs_review,review_queue,0.48,Candidate physical observation from PDF text; not yet human verified.
OBS-P0022-band_structure-2-f52027ac1146bd87,P0022,,F0022,band,band_structure,band structure,dispersion,,,,,,,,,local_pdf_text,,2,,,,E-OBS-P0022-band_structure-2-f52027ac1146bd87,regex:band_structure,candidate_needs_review,review_queue,0.48,Candidate physical observation from PDF text; not yet human verified.
OBS-P0022-band_structure-2-c60a96271004737a,P0022,,F0022,band,band_structure,band structure,dispersion,,,,,,,,,local_pdf_text,,2,,,,E-OBS-P0022-band_structure-2-c60a96271004737a,regex:band_structure,candidate_needs_review,review_queue,0.48,Candidate physical observation from PDF text; not yet human verified.
OBS-P0022-band_structure-2-613d45d6cbf0cb49,P0022,,F0022,band,band_structure,band structure,dispersion,,,,,,,,,local_pdf_text,,2,,,,E-OBS-P0022-band_structure-2-613d45d6cbf0cb49,regex:band_structure,candidate_needs_review,review_queue,0.48,Candidate physical observation from PDF text; not yet human verified.
OBS-P0022-band_structure-2-7cd60c192d70abd1,P0022,,F0022,band,band_structure,band structure,Dispersion,,,,,,,,,local_pdf_text,,2,,,,E-OBS-P0022-band_structure-2-7cd60c192d70abd1,regex:band_structure,candidate_needs_review,review_queue,0.48,Candidate physical observation from PDF text; not yet human verified.
OBS-P0022-spectrum-2-d4ec778e7d53086e,P0022,,F0022,spectrum,spectrum,spectrum,transmission spectrum,,,,,,,,,local_pdf_text,,2,,,,E-OBS-P0022-spectrum-2-d4ec778e7d53086e,regex:spectrum,candidate_needs_review,review_queue,0.48,Candidate physical observation from PDF text; not yet human verified.
OBS-P0022-radius-3-0453c8984211bf17,P0022,,F0022,structure,radius,radius,525,525.0,nm,,,525.0,,,,local_pdf_text,,3,,,,E-OBS-P0022-radius-3-0453c8984211bf17,regex:radius,candidate_needs_review,review_queue,0.48,Candidate physical observation from PDF text; not yet human verified.
OBS-P0022-k_space-3-1dbd00fb9d931327,P0022,,F0022,kspace,k_space,k-space / momentum-space,k-space,,,,,,,,,local_pdf_text,,3,,,,E-OBS-P0022-k_space-3-1dbd00fb9d931327,regex:k_space,candidate_needs_review,review_queue,0.5,Candidate physical observation from PDF text; not yet human verified.
OBS-P0022-k_space-3-1bb69ed3b934e140,P0022,,F0022,kspace,k_space,k-space / momentum-space,k-space,,,,,,,,,local_pdf_text,,3,,,,E-OBS-P0022-k_space-3-1bb69ed3b934e140,regex:k_space,candidate_needs_review,review_queue,0.5,Candidate physical observation from PDF text; not yet human verified.
OBS-P0022-band_structure-3-a16373de6b940ebc,P0022,,F0022,band,band_structure,band structure,dispersion,,,,,,,,,local_pdf_text,,3,,,,E-OBS-P0022-band_structure-3-a16373de6b940ebc,regex:band_structure,candidate_needs_review,review_queue,0.48,Candidate physical observation from PDF text; not yet human verified.
OBS-P0022-k_space-4-26a0c72d51efc1ef,P0022,,F0022,kspace,k_space,k-space / momentum-space,k-space,,,,,,,,,local_pdf_text,,4,,,,E-OBS-P0022-k_space-4-26a0c72d51efc1ef,regex:k_space,candidate_needs_review,review_queue,0.5,Candidate physical observation from PDF text; not yet human verified.
OBS-P0022-band_structure-4-e29d6e2ae986c854,P0022,,F0022,band,band_structure,band structure,radiation continuum,,,,,,,,,local_pdf_text,,4,,,,E-OBS-P0022-band_structure-4-e29d6e2ae986c854,regex:band_structure,candidate_needs_review,review_queue,0.48,Candidate physical observation from PDF text; not yet human verified.
OBS-P0022-spectrum-4-6ae71e3d53984c01,P0022,,F0022,spectrum,spectrum,spectrum,photoluminescence,,,,,,,,,local_pdf_text,,4,,,,E-OBS-P0022-spectrum-4-6ae71e3d53984c01,regex:spectrum,candidate_needs_review,review_queue,0.48,Candidate physical observation from PDF text; not yet human verified.
OBS-P0022-spectrum-4-ef3a3e4b3eb1e8d6,P0022,,F0022,spectrum,spectrum,spectrum,photoluminescence,,,,,,,,,local_pdf_text,,4,,,,E-OBS-P0022-spectrum-4-ef3a3e4b3eb1e8d6,regex:spectrum,candidate_needs_review,review_queue,0.48,Candidate physical observation from PDF text; not yet human verified.
OBS-P0022-spectrum-4-326b8e50fb32c038,P0022,,F0022,spectrum,spectrum,spectrum,far-field,,,,,,,,,local_pdf_text,,4,,,,E-OBS-P0022-spectrum-4-326b8e50fb32c038,regex:spectrum,candidate_needs_review,review_queue,0.48,Candidate physical observation from PDF text; not yet human verified.
OBS-P0022-polarization-4-e1be32e28423588d,P0022,,F0022,polarization,polarization,polarization/topology,polarization,,,,,,,,,local_pdf_text,,4,,,,E-OBS-P0022-polarization-4-e1be32e28423588d,regex:polarization,candidate_needs_review,review_queue,0.46,Candidate physical observation from PDF text; not yet human verified.
OBS-P0023-band_structure-1-14cc606ebac231b9,P0023,,F0023,band,band_structure,band structure,radiation continuum,,,,,,,,,local_pdf_text,,1,,,,E-OBS-P0023-band_structure-1-14cc606ebac231b9,regex:band_structure,candidate_needs_review,review_queue,0.48,Candidate physical observation from PDF text; not yet human verified.
OBS-P0023-spectrum-1-dab548da86cb3cb7,P0023,,F0023,spectrum,spectrum,spectrum,far-field,,,,,,,,,local_pdf_text,,1,,,,E-OBS-P0023-spectrum-1-dab548da86cb3cb7,regex:spectrum,candidate_needs_review,review_queue,0.48,Candidate physical observation from PDF text; not yet human verified.
OBS-P0023-k_space-2-ea563d6bcb03c86c,P0023,,F0023,kspace,k_space,k-space / momentum-space,Brillouin zone,,,,,,,,,local_pdf_text,,2,,,,E-OBS-P0023-k_space-2-ea563d6bcb03c86c,regex:k_space,candidate_needs_review,review_queue,0.5,Candidate physical observation from PDF text; not yet human verified.
OBS-P0023-band_structure-2-c9fd232dad5b3476,P0023,,F0023,band,band_structure,band structure,radiation continuum,,,,,,,,,local_pdf_text,,2,,,,E-OBS-P0023-band_structure-2-c9fd232dad5b3476,regex:band_structure,candidate_needs_review,review_queue,0.48,Candidate physical observation from PDF text; not yet human verified.
OBS-P0023-band_structure-2-f52027ac1146bd87,P0023,,F0023,band,band_structure,band structure,dispersion,,,,,,,,,local_pdf_text,,2,,,,E-OBS-P0023-band_structure-2-f52027ac1146bd87,regex:band_structure,candidate_needs_review,review_queue,0.48,Candidate physical observation from PDF text; not yet human verified.
OBS-P0023-band_structure-2-c60a96271004737a,P0023,,F0023,band,band_structure,band structure,dispersion,,,,,,,,,local_pdf_text,,2,,,,E-OBS-P0023-band_structure-2-c60a96271004737a,regex:band_structure,candidate_needs_review,review_queue,0.48,Candidate physical observation from PDF text; not yet human verified.
OBS-P0023-band_structure-2-613d45d6cbf0cb49,P0023,,F0023,band,band_structure,band structure,dispersion,,,,,,,,,local_pdf_text,,2,,,,E-OBS-P0023-band_structure-2-613d45d6cbf0cb49,regex:band_structure,candidate_needs_review,review_queue,0.48,Candidate physical observation from PDF text; not yet human verified.
OBS-P0023-band_structure-2-7cd60c192d70abd1,P0023,,F0023,band,band_structure,band structure,Dispersion,,,,,,,,,local_pdf_text,,2,,,,E-OBS-P0023-band_structure-2-7cd60c192d70abd1,regex:band_structure,candidate_needs_review,review_queue,0.48,Candidate physical observation from PDF text; not yet human verified.
OBS-P0023-spectrum-2-d4ec778e7d53086e,P0023,,F0023,spectrum,spectrum,spectrum,transmission spectrum,,,,,,,,,local_pdf_text,,2,,,,E-OBS-P0023-spectrum-2-d4ec778e7d53086e,regex:spectrum,candidate_needs_review,review_queue,0.48,Candidate physical observation from PDF text; not yet human verified.
OBS-P0023-radius-3-0453c8984211bf17,P0023,,F0023,structure,radius,radius,525,525.0,nm,,,525.0,,,,local_pdf_text,,3,,,,E-OBS-P0023-radius-3-0453c8984211bf17,regex:radius,candidate_needs_review,review_queue,0.48,Candidate physical observation from PDF text; not yet human verified.
OBS-P0023-k_space-3-1dbd00fb9d931327,P0023,,F0023,kspace,k_space,k-space / momentum-space,k-space,,,,,,,,,local_pdf_text,,3,,,,E-OBS-P0023-k_space-3-1dbd00fb9d931327,regex:k_space,candidate_needs_review,review_queue,0.5,Candidate physical observation from PDF text; not yet human verified.
OBS-P0023-k_space-3-1bb69ed3b934e140,P0023,,F0023,kspace,k_space,k-space / momentum-space,k-space,,,,,,,,,local_pdf_text,,3,,,,E-OBS-P0023-k_space-3-1bb69ed3b934e140,regex:k_space,candidate_needs_review,review_queue,0.5,Candidate physical observation from PDF text; not yet human verified.
OBS-P0023-band_structure-3-a16373de6b940ebc,P0023,,F0023,band,band_structure,band structure,dispersion,,,,,,,,,local_pdf_text,,3,,,,E-OBS-P0023-band_structure-3-a16373de6b940ebc,regex:band_structure,candidate_needs_review,review_queue,0.48,Candidate physical observation from PDF text; not yet human verified.
OBS-P0023-k_space-4-26a0c72d51efc1ef,P0023,,F0023,kspace,k_space,k-space / momentum-space,k-space,,,,,,,,,local_pdf_text,,4,,,,E-OBS-P0023-k_space-4-26a0c72d51efc1ef,regex:k_space,candidate_needs_review,review_queue,0.5,Candidate physical observation from PDF text; not yet human verified.
OBS-P0023-band_structure-4-e29d6e2ae986c854,P0023,,F0023,band,band_structure,band structure,radiation continuum,,,,,,,,,local_pdf_text,,4,,,,E-OBS-P0023-band_structure-4-e29d6e2ae986c854,regex:band_structure,candidate_needs_review,review_queue,0.48,Candidate physical observation from PDF text; not yet human verified.
OBS-P0023-spectrum-4-6ae71e3d53984c01,P0023,,F0023,spectrum,spectrum,spectrum,photoluminescence,,,,,,,,,local_pdf_text,,4,,,,E-OBS-P0023-spectrum-4-6ae71e3d53984c01,regex:spectrum,candidate_needs_review,review_queue,0.48,Candidate physical observation from PDF text; not yet human verified.
OBS-P0023-spectrum-4-ef3a3e4b3eb1e8d6,P0023,,F0023,spectrum,spectrum,spectrum,photoluminescence,,,,,,,,,local_pdf_text,,4,,,,E-OBS-P0023-spectrum-4-ef3a3e4b3eb1e8d6,regex:spectrum,candidate_needs_review,review_queue,0.48,Candidate physical observation from PDF text; not yet human verified.
OBS-P0023-spectrum-4-326b8e50fb32c038,P0023,,F0023,spectrum,spectrum,spectrum,far-field,,,,,,,,,local_pdf_text,,4,,,,E-OBS-P0023-spectrum-4-326b8e50fb32c038,regex:spectrum,candidate_needs_review,review_queue,0.48,Candidate physical observation from PDF text; not yet human verified.
OBS-P0023-polarization-4-e1be32e28423588d,P0023,,F0023,polarization,polarization,polarization/topology,polarization,,,,,,,,,local_pdf_text,,4,,,,E-OBS-P0023-polarization-4-e1be32e28423588d,regex:polarization,candidate_needs_review,review_queue,0.46,Candidate physical observation from PDF text; not yet human verified.
OBS-P0024-material-1-62448612f5ae81a4,P0024,,F0024,material,material,material,silicon,,,,,,,,,local_pdf_text,,1,,,,E-OBS-P0024-material-1-62448612f5ae81a4,regex:material,candidate_needs_review,review_queue,0.42,Candidate physical observation from PDF text; not yet human verified.
OBS-P0024-material-1-d0d78c3b4d2578e4,P0024,,F0024,material,material,material,dielectric,,,,,,,,,local_pdf_text,,1,,,,E-OBS-P0024-material-1-d0d78c3b4d2578e4,regex:material,candidate_needs_review,review_queue,0.42,Candidate physical observation from PDF text; not yet human verified.
OBS-P0024-material-1-f8b32da4e8a0e0cb,P0024,,F0024,material,material,material,dielectric,,,,,,,,,local_pdf_text,,1,,,,E-OBS-P0024-material-1-f8b32da4e8a0e0cb,regex:material,candidate_needs_review,review_queue,0.42,Candidate physical observation from PDF text; not yet human verified.
OBS-P0024-material-2-94a5c9d10e8893b9,P0024,,F0024,material,material,material,dielectric,,,,,,,,,local_pdf_text,,2,,,,E-OBS-P0024-material-2-94a5c9d10e8893b9,regex:material,candidate_needs_review,review_queue,0.42,Candidate physical observation from PDF text; not yet human verified.
OBS-P0024-material-2-cdeff9ac2206ac54,P0024,,F0024,material,material,material,silicon,,,,,,,,,local_pdf_text,,2,,,,E-OBS-P0024-material-2-cdeff9ac2206ac54,regex:material,candidate_needs_review,review_queue,0.42,Candidate physical observation from PDF text; not yet human verified.
OBS-P0024-material-2-dfa0332d70ddae40,P0024,,F0024,material,material,material,silica,,,,,,,,,local_pdf_text,,2,,,,E-OBS-P0024-material-2-dfa0332d70ddae40,regex:material,candidate_needs_review,review_queue,0.42,Candidate physical observation from PDF text; not yet human verified.
OBS-P0024-material-2-19dc8a1efff0a05d,P0024,,F0024,material,material,material,dielectric,,,,,,,,,local_pdf_text,,2,,,,E-OBS-P0024-material-2-19dc8a1efff0a05d,regex:material,candidate_needs_review,review_queue,0.42,Candidate physical observation from PDF text; not yet human verified.
OBS-P0024-material-2-e3cc05226ae372c7,P0024,,F0024,material,material,material,dielectric,,,,,,,,,local_pdf_text,,2,,,,E-OBS-P0024-material-2-e3cc05226ae372c7,regex:material,candidate_needs_review,review_queue,0.42,Candidate physical observation from PDF text; not yet human verified.
OBS-P0024-k_space-2-d9aca72fd5ca5e8d,P0024,,F0024,kspace,k_space,k-space / momentum-space,Brillouin zone,,,,,,,,,local_pdf_text,,2,,,,E-OBS-P0024-k_space-2-d9aca72fd5ca5e8d,regex:k_space,candidate_needs_review,review_queue,0.5,Candidate physical observation from PDF text; not yet human verified.
OBS-P0024-band_structure-2-6a276ed193e8387a,P0024,,F0024,band,band_structure,band structure,Band structure,,,,,,,,,local_pdf_text,,2,,,,E-OBS-P0024-band_structure-2-6a276ed193e8387a,regex:band_structure,candidate_needs_review,review_queue,0.48,Candidate physical observation from PDF text; not yet human verified.
OBS-P0024-polarization-2-010cb4ecdc5b3308,P0024,,F0024,polarization,polarization,polarization/topology,polarization,,,,,,,,,local_pdf_text,,2,,,,E-OBS-P0024-polarization-2-010cb4ecdc5b3308,regex:polarization,candidate_needs_review,review_queue,0.46,Candidate physical observation from PDF text; not yet human verified.
OBS-P0024-k_space-3-69761f33ae777026,P0024,,F0024,kspace,k_space,k-space / momentum-space,Brillouin zone,,,,,,,,,local_pdf_text,,3,,,,E-OBS-P0024-k_space-3-69761f33ae777026,regex:k_space,candidate_needs_review,review_queue,0.5,Candidate physical observation from PDF text; not yet human verified.
OBS-P0024-k_space-3-9d8c272c48580d87,P0024,,F0024,kspace,k_space,k-space / momentum-space,momentum-space,,,,,,,,,local_pdf_text,,3,,,,E-OBS-P0024-k_space-3-9d8c272c48580d87,regex:k_space,candidate_needs_review,review_queue,0.5,Candidate physical observation from PDF text; not yet human verified.
OBS-P0024-polarization-3-74be34b55c5b8a0f,P0024,,F0024,polarization,polarization,polarization/topology,polarization,,,,,,,,,local_pdf_text,,3,,,,E-OBS-P0024-polarization-3-74be34b55c5b8a0f,regex:polarization,candidate_needs_review,review_queue,0.46,Candidate physical observation from PDF text; not yet human verified.
OBS-P0024-q_factor-4-5130da907455d99e,P0024,,F0024,resonance,q_factor,Q factor,714,714.0,,,,,,714.0,,local_pdf_text,,4,,,,E-OBS-P0024-q_factor-4-5130da907455d99e,regex:q_factor,candidate_needs_review,review_queue,0.62,Candidate physical observation from PDF text; not yet human verified.
OBS-P0024-q_factor-5-f4a590e06bb24cbd,P0024,,F0024,resonance,q_factor,Q factor,730,730.0,,,,,,730.0,,local_pdf_text,,5,,,,E-OBS-P0024-q_factor-5-f4a590e06bb24cbd,regex:q_factor,candidate_needs_review,review_queue,0.62,Candidate physical observation from PDF text; not yet human verified.
OBS-P0024-q_factor-5-cb232cc4544f3af9,P0024,,F0024,resonance,q_factor,Q factor,840,840.0,,,,,,840.0,,local_pdf_text,,5,,,,E-OBS-P0024-q_factor-5-cb232cc4544f3af9,regex:q_factor,candidate_needs_review,review_queue,0.62,Candidate physical observation from PDF text; not yet human verified.
OBS-P0024-spectrum-5-1e3b57e53ed7a675,P0024,,F0024,spectrum,spectrum,spectrum,Reflectance,,,,,,,,,local_pdf_text,,5,,,,E-OBS-P0024-spectrum-5-1e3b57e53ed7a675,regex:spectrum,candidate_needs_review,review_queue,0.48,Candidate physical observation from PDF text; not yet human verified.
OBS-P0024-polarization-6-a4b487b939c4bc5d,P0024,,F0024,polarization,polarization,polarization/topology,polarization,,,,,,,,,local_pdf_text,,6,,,,E-OBS-P0024-polarization-6-a4b487b939c4bc5d,regex:polarization,candidate_needs_review,review_queue,0.46,Candidate physical observation from PDF text; not yet human verified.
OBS-P0024-k_space-7-b9bb19118541eaf9,P0024,,F0024,kspace,k_space,k-space / momentum-space,"momentum
space",,,,,,,,,local_pdf_text,,7,,,,E-OBS-P0024-k_space-7-b9bb19118541eaf9,regex:k_space,candidate_needs_review,review_queue,0.5,Candidate physical observation from PDF text; not yet human verified.
OBS-P0024-k_space-7-3eb07c59110f0f45,P0024,,F0024,kspace,k_space,k-space / momentum-space,polarization vortex,,,,,,,,,local_pdf_text,,7,,,,E-OBS-P0024-k_space-7-3eb07c59110f0f45,regex:k_space,candidate_needs_review,review_queue,0.5,Candidate physical observation from PDF text; not yet human verified.
OBS-P0024-polarization-7-5d39b1a7cfd1d21a,P0024,,F0024,polarization,polarization,polarization/topology,Polarization,,,,,,,,,local_pdf_text,,7,,,,E-OBS-P0024-polarization-7-5d39b1a7cfd1d21a,regex:polarization,candidate_needs_review,review_queue,0.46,Candidate physical observation from PDF text; not yet human verified.
OBS-P0024-polarization-7-a220605fa57e42e2,P0024,,F0024,polarization,polarization,polarization/topology,polarization,,,,,,,,,local_pdf_text,,7,,,,E-OBS-P0024-polarization-7-a220605fa57e42e2,regex:polarization,candidate_needs_review,review_queue,0.46,Candidate physical observation from PDF text; not yet human verified.
OBS-P0024-polarization-7-559435ec87297958,P0024,,F0024,polarization,polarization,polarization/topology,optical vortex,,,,,,,,,local_pdf_text,,7,,,,E-OBS-P0024-polarization-7-559435ec87297958,regex:polarization,candidate_needs_review,review_queue,0.46,Candidate physical observation from PDF text; not yet human verified.
OBS-P0024-polarization-7-89ddeb51454c7539,P0024,,F0024,polarization,polarization,polarization/topology,polarization,,,,,,,,,local_pdf_text,,7,,,,E-OBS-P0024-polarization-7-89ddeb51454c7539,regex:polarization,candidate_needs_review,review_queue,0.46,Candidate physical observation from PDF text; not yet human verified.
OBS-P0025-material-1-b741e77657521376,P0025,,F0025,material,material,material,dielectric,,,,,,,,,local_pdf_text,,1,,,,E-OBS-P0025-material-1-b741e77657521376,regex:material,candidate_needs_review,review_queue,0.42,Candidate physical observation from PDF text; not yet human verified.
OBS-P0025-material-1-1ac73e1f9e8a8c53,P0025,,F0025,material,material,material,dielectric,,,,,,,,,local_pdf_text,,1,,,,E-OBS-P0025-material-1-1ac73e1f9e8a8c53,regex:material,candidate_needs_review,review_queue,0.42,Candidate physical observation from PDF text; not yet human verified.
OBS-P0025-material-1-afb77a76f9a5c95f,P0025,,F0025,material,material,material,dielectric,,,,,,,,,local_pdf_text,,1,,,,E-OBS-P0025-material-1-afb77a76f9a5c95f,regex:material,candidate_needs_review,review_queue,0.42,Candidate physical observation from PDF text; not yet human verified.
OBS-P0025-material-1-fe20c55326802a11,P0025,,F0025,material,material,material,dielectric,,,,,,,,,local_pdf_text,,1,,,,E-OBS-P0025-material-1-fe20c55326802a11,regex:material,candidate_needs_review,review_queue,0.42,Candidate physical observation from PDF text; not yet human verified.
OBS-P0025-material-1-26e4c42fa6039196,P0025,,F0025,material,material,material,dielectric,,,,,,,,,local_pdf_text,,1,,,,E-OBS-P0025-material-1-26e4c42fa6039196,regex:material,candidate_needs_review,review_queue,0.42,Candidate physical observation from PDF text; not yet human verified.
OBS-P0025-material-1-6a5299c20762bfc5,P0025,,F0025,material,material,material,dielectric,,,,,,,,,local_pdf_text,,1,,,,E-OBS-P0025-material-1-6a5299c20762bfc5,regex:material,candidate_needs_review,review_queue,0.42,Candidate physical observation from PDF text; not yet human verified.
OBS-P0025-band_structure-1-2d878c55def3f040,P0025,,F0025,band,band_structure,band structure,radiation continuum,,,,,,,,,local_pdf_text,,1,,,,E-OBS-P0025-band_structure-1-2d878c55def3f040,regex:band_structure,candidate_needs_review,review_queue,0.48,Candidate physical observation from PDF text; not yet human verified.
OBS-P0025-band_structure-1-e3e5ba815e29acc2,P0025,,F0025,band,band_structure,band structure,radiation continuum,,,,,,,,,local_pdf_text,,1,,,,E-OBS-P0025-band_structure-1-e3e5ba815e29acc2,regex:band_structure,candidate_needs_review,review_queue,0.48,Candidate physical observation from PDF text; not yet human verified.
OBS-P0025-material-2-4cd53d82cd5abe5a,P0025,,F0025,material,material,material,dielectric,,,,,,,,,local_pdf_text,,2,,,,E-OBS-P0025-material-2-4cd53d82cd5abe5a,regex:material,candidate_needs_review,review_queue,0.42,Candidate physical observation from PDF text; not yet human verified.
OBS-P0025-material-2-4f1888197f5f73c2,P0025,,F0025,material,material,material,dielectric,,,,,,,,,local_pdf_text,,2,,,,E-OBS-P0025-material-2-4f1888197f5f73c2,regex:material,candidate_needs_review,review_queue,0.42,Candidate physical observation from PDF text; not yet human verified.
OBS-P0025-spectrum-3-71bb9ec117ae25bc,P0025,,F0025,spectrum,spectrum,spectrum,FAR-FIELD,,,,,,,,,local_pdf_text,,3,,,,E-OBS-P0025-spectrum-3-71bb9ec117ae25bc,regex:spectrum,candidate_needs_review,review_queue,0.48,Candidate physical observation from PDF text; not yet human verified.
OBS-P0025-band_structure-5-4e94da14654a872c,P0025,,F0025,band,band_structure,band structure,radiation continuum,,,,,,,,,local_pdf_text,,5,,,,E-OBS-P0025-band_structure-5-4e94da14654a872c,regex:band_structure,candidate_needs_review,review_queue,0.48,Candidate physical observation from PDF text; not yet human verified.
OBS-P0025-q_factor-7-ddb9083622a29e4c,P0025,,F0025,resonance,q_factor,Q factor,2,2.0,,,,,,2.0,,local_pdf_text,,7,,,,E-OBS-P0025-q_factor-7-ddb9083622a29e4c,regex:q_factor,candidate_needs_review,review_queue,0.62,Candidate physical observation from PDF text; not yet human verified.
OBS-P0025-q_factor-7-3a16867ce3424273,P0025,,F0025,resonance,q_factor,Q factor,2,2.0,,,,,,2.0,,local_pdf_text,,7,,,,E-OBS-P0025-q_factor-7-3a16867ce3424273,regex:q_factor,candidate_needs_review,review_queue,0.62,Candidate physical observation from PDF text; not yet human verified.
OBS-P0025-q_factor-7-7a5a23c1032be1af,P0025,,F0025,resonance,q_factor,Q factor,1.1,1.1,,,,,,1.1,,local_pdf_text,,7,,,,E-OBS-P0025-q_factor-7-7a5a23c1032be1af,regex:q_factor,candidate_needs_review,review_queue,0.62,Candidate physical observation from PDF text; not yet human verified.
OBS-P0025-band_structure-7-80f846b2a7d7ed47,P0025,,F0025,band,band_structure,band structure,radiation continuum,,,,,,,,,local_pdf_text,,7,,,,E-OBS-P0025-band_structure-7-80f846b2a7d7ed47,regex:band_structure,candidate_needs_review,review_queue,0.48,Candidate physical observation from PDF text; not yet human verified.
OBS-P0025-q_factor-8-a11a898ae9e3b755,P0025,,F0025,resonance,q_factor,Q factor,4.8,4.8,,,,,,4.8,,local_pdf_text,,8,,,,E-OBS-P0025-q_factor-8-a11a898ae9e3b755,regex:q_factor,candidate_needs_review,review_queue,0.62,Candidate physical observation from PDF text; not yet human verified.
OBS-P0025-q_factor-8-863f8c2ba5f0ac3a,P0025,,F0025,resonance,q_factor,Q factor,1.2,1.2,,,,,,1.2,,local_pdf_text,,8,,,,E-OBS-P0025-q_factor-8-863f8c2ba5f0ac3a,regex:q_factor,candidate_needs_review,review_queue,0.62,Candidate physical observation from PDF text; not yet human verified.
OBS-P0026-period-1-10e3d708063cd8c3,P0026,,F0026,structure,period,period/lattice constant,320,320.0,nm,,,320.0,,,,local_pdf_text,,1,,,,E-OBS-P0026-period-1-10e3d708063cd8c3,regex:period,candidate_needs_review,review_queue,0.6,Candidate physical observation from PDF text; not yet human verified.
OBS-P0026-period-1-65613c3e816b298f,P0026,,F0026,structure,period,period/lattice constant,320,320.0,nm,,,320.0,,,,local_pdf_text,,1,,,,E-OBS-P0026-period-1-65613c3e816b298f,regex:period,candidate_needs_review,review_queue,0.6,Candidate physical observation from PDF text; not yet human verified.
OBS-P0026-material-1-6625a28fb8fd629c,P0026,,F0026,material,material,material,silicon,,,,,,,,,local_pdf_text,,1,,,,E-OBS-P0026-material-1-6625a28fb8fd629c,regex:material,candidate_needs_review,review_queue,0.42,Candidate physical observation from PDF text; not yet human verified.
OBS-P0026-material-1-c43d37b7cc433d78,P0026,,F0026,material,material,material,Si3N4,34.0,,,,,,,,local_pdf_text,,1,,,,E-OBS-P0026-material-1-c43d37b7cc433d78,regex:material,candidate_needs_review,review_queue,0.42,Candidate physical observation from PDF text; not yet human verified.
OBS-P0026-material-1-a41218f900c1f4dd,P0026,,F0026,material,material,material,dielectric,,,,,,,,,local_pdf_text,,1,,,,E-OBS-P0026-material-1-a41218f900c1f4dd,regex:material,candidate_needs_review,review_queue,0.42,Candidate physical observation from PDF text; not yet human verified.
OBS-P0026-material-1-f980463b83cbc0e3,P0026,,F0026,material,material,material,Si3N4,34.0,,,,,,,,local_pdf_text,,1,,,,E-OBS-P0026-material-1-f980463b83cbc0e3,regex:material,candidate_needs_review,review_queue,0.42,Candidate physical observation from PDF text; not yet human verified.
OBS-P0026-material-1-b92f0dae2edc3984,P0026,,F0026,material,material,material,silicon,,,,,,,,,local_pdf_text,,1,,,,E-OBS-P0026-material-1-b92f0dae2edc3984,regex:material,candidate_needs_review,review_queue,0.42,Candidate physical observation from PDF text; not yet human verified.
OBS-P0026-material-1-06c198bab7274895,P0026,,F0026,material,material,material,Si3N4,34.0,,,,,,,,local_pdf_text,,1,,,,E-OBS-P0026-material-1-06c198bab7274895,regex:material,candidate_needs_review,review_queue,0.42,Candidate physical observation from PDF text; not yet human verified.
OBS-P0026-material-1-b8e1e33c4dd04453,P0026,,F0026,material,material,material,SiO2,2.0,,,,,,,,local_pdf_text,,1,,,,E-OBS-P0026-material-1-b8e1e33c4dd04453,regex:material,candidate_needs_review,review_queue,0.42,Candidate physical observation from PDF text; not yet human verified.
OBS-P0026-material-1-1f0971948db55b8d,P0026,,F0026,material,material,material,Si3N4,34.0,,,,,,,,local_pdf_text,,1,,,,E-OBS-P0026-material-1-1f0971948db55b8d,regex:material,candidate_needs_review,review_queue,0.42,Candidate physical observation from PDF text; not yet human verified.
OBS-P0026-band_structure-1-bf603f472c5f0d47,P0026,,F0026,band,band_structure,band structure,light cone,,,,,,,,,local_pdf_text,,1,,,,E-OBS-P0026-band_structure-1-bf603f472c5f0d47,regex:band_structure,candidate_needs_review,review_queue,0.48,Candidate physical observation from PDF text; not yet human verified.
OBS-P0026-band_structure-1-4f3de425b2676430,P0026,,F0026,band,band_structure,band structure,light cone,,,,,,,,,local_pdf_text,,1,,,,E-OBS-P0026-band_structure-1-4f3de425b2676430,regex:band_structure,candidate_needs_review,review_queue,0.48,Candidate physical observation from PDF text; not yet human verified.
OBS-P0026-band_structure-1-d9705c6d75566a39,P0026,,F0026,band,band_structure,band structure,light cone,,,,,,,,,local_pdf_text,,1,,,,E-OBS-P0026-band_structure-1-d9705c6d75566a39,regex:band_structure,candidate_needs_review,review_queue,0.48,Candidate physical observation from PDF text; not yet human verified.
OBS-P0026-band_structure-1-0f1d26f5bd2b9eae,P0026,,F0026,band,band_structure,band structure,light cone,,,,,,,,,local_pdf_text,,1,,,,E-OBS-P0026-band_structure-1-0f1d26f5bd2b9eae,regex:band_structure,candidate_needs_review,review_queue,0.48,Candidate physical observation from PDF text; not yet human verified.
OBS-P0026-period-2-d0bceef96f9b9c5d,P0026,,F0026,structure,period,period/lattice constant,320,320.0,nm,,,320.0,,,,local_pdf_text,,2,,,,E-OBS-P0026-period-2-d0bceef96f9b9c5d,regex:period,candidate_needs_review,review_queue,0.6,Candidate physical observation from PDF text; not yet human verified.
OBS-P0026-thickness-2-f09ba939fa8c1b11,P0026,,F0026,structure,thickness,thickness/height,55,55.0,nm,,,55.0,,,,local_pdf_text,,2,,,,E-OBS-P0026-thickness-2-f09ba939fa8c1b11,regex:thickness,candidate_needs_review,review_queue,0.58,Candidate physical observation from PDF text; not yet human verified.
OBS-P0026-diameter-2-f06169cc83dd1b60,P0026,,F0026,structure,diameter,diameter,160,160.0,nm,,,160.0,,,,local_pdf_text,,2,,,,E-OBS-P0026-diameter-2-f06169cc83dd1b60,regex:diameter,candidate_needs_review,review_queue,0.45,Candidate physical observation from PDF text; not yet human verified.
OBS-P0026-band_structure-2-5ed04618c2d3b27c,P0026,,F0026,band,band_structure,band structure,dispersion,,,,,,,,,local_pdf_text,,2,,,,E-OBS-P0026-band_structure-2-5ed04618c2d3b27c,regex:band_structure,candidate_needs_review,review_queue,0.48,Candidate physical observation from PDF text; not yet human verified.
OBS-P0026-band_structure-3-8695109ac0f1ac0b,P0026,,F0026,band,band_structure,band structure,light cone,,,,,,,,,local_pdf_text,,3,,,,E-OBS-P0026-band_structure-3-8695109ac0f1ac0b,regex:band_structure,candidate_needs_review,review_queue,0.48,Candidate physical observation from PDF text; not yet human verified.
OBS-P0026-polarization-3-eac8761a7c3380b9,P0026,,F0026,polarization,polarization,polarization/topology,polarization,,,,,,,,,local_pdf_text,,3,,,,E-OBS-P0026-polarization-3-eac8761a7c3380b9,regex:polarization,candidate_needs_review,review_queue,0.46,Candidate physical observation from PDF text; not yet human verified.
OBS-P0026-band_structure-4-f72ff461c24e44c4,P0026,,F0026,band,band_structure,band structure,light cone,,,,,,,,,local_pdf_text,,4,,,,E-OBS-P0026-band_structure-4-f72ff461c24e44c4,regex:band_structure,candidate_needs_review,review_queue,0.48,Candidate physical observation from PDF text; not yet human verified.
OBS-P0026-band_structure-4-46002e2db866d124,P0026,,F0026,band,band_structure,band structure,light cone,,,,,,,,,local_pdf_text,,4,,,,E-OBS-P0026-band_structure-4-46002e2db866d124,regex:band_structure,candidate_needs_review,review_queue,0.48,Candidate physical observation from PDF text; not yet human verified.
OBS-P0027-material-1-cf72444eafce3a9e,P0027,,F0027,material,material,material,perovskite,,,,,,,,,local_pdf_text,,1,,,,E-OBS-P0027-material-1-cf72444eafce3a9e,regex:material,candidate_needs_review,review_queue,0.42,Candidate physical observation from PDF text; not yet human verified.
OBS-P0027-polarization-1-447492ac902a09e6,P0027,,F0027,polarization,polarization,polarization/topology,chiral,,,,,,,,,local_pdf_text,,1,,,,E-OBS-P0027-polarization-1-447492ac902a09e6,regex:polarization,candidate_needs_review,review_queue,0.46,Candidate physical observation from PDF text; not yet human verified.
OBS-P0027-polarization-1-408ed6c0649e6c28,P0027,,F0027,polarization,polarization,polarization/topology,chiral,,,,,,,,,local_pdf_text,,1,,,,E-OBS-P0027-polarization-1-408ed6c0649e6c28,regex:polarization,candidate_needs_review,review_queue,0.46,Candidate physical observation from PDF text; not yet human verified.
OBS-P0027-k_space-2-a20e9d3216cf7e1b,P0027,,F0027,kspace,k_space,k-space / momentum-space,Brillouin zone,,,,,,,,,local_pdf_text,,2,,,,E-OBS-P0027-k_space-2-a20e9d3216cf7e1b,regex:k_space,candidate_needs_review,review_queue,0.5,Candidate physical observation from PDF text; not yet human verified.
OBS-P0027-material-3-4587a331c4af712b,P0027,,F0027,material,material,material,silica,,,,,,,,,local_pdf_text,,3,,,,E-OBS-P0027-material-3-4587a331c4af712b,regex:material,candidate_needs_review,review_queue,0.42,Candidate physical observation from PDF text; not yet human verified.
OBS-P0027-band_structure-3-ab90a3d18d630381,P0027,,F0027,band,band_structure,band structure,dispersion,,,,,,,,,local_pdf_text,,3,,,,E-OBS-P0027-band_structure-3-ab90a3d18d630381,regex:band_structure,candidate_needs_review,review_queue,0.48,Candidate physical observation from PDF text; not yet human verified.
OBS-P0027-band_structure-3-0e761fe5634bbf95,P0027,,F0027,band,band_structure,band structure,band structure,,,,,,,,,local_pdf_text,,3,,,,E-OBS-P0027-band_structure-3-0e761fe5634bbf95,regex:band_structure,candidate_needs_review,review_queue,0.48,Candidate physical observation from PDF text; not yet human verified.
OBS-P0027-polarization-4-25a32d97a7309ea8,P0027,,F0027,polarization,polarization,polarization/topology,polarization,,,,,,,,,local_pdf_text,,4,,,,E-OBS-P0027-polarization-4-25a32d97a7309ea8,regex:polarization,candidate_needs_review,review_queue,0.46,Candidate physical observation from PDF text; not yet human verified.
OBS-P0027-polarization-4-44688578c7ccfbdd,P0027,,F0027,polarization,polarization,polarization/topology,polarization,,,,,,,,,local_pdf_text,,4,,,,E-OBS-P0027-polarization-4-44688578c7ccfbdd,regex:polarization,candidate_needs_review,review_queue,0.46,Candidate physical observation from PDF text; not yet human verified.
OBS-P0028-k_space-1-63151c8648f17a6d,P0028,,F0028,kspace,k_space,k-space / momentum-space,Γ point,,,,,,,,,local_pdf_text,,1,,,,E-OBS-P0028-k_space-1-63151c8648f17a6d,regex:k_space,candidate_needs_review,review_queue,0.5,Candidate physical observation from PDF text; not yet human verified.
OBS-P0028-material-2-0ca1202c70e97e9d,P0028,,F0028,material,material,material,dielectric,,,,,,,,,local_pdf_text,,2,,,,E-OBS-P0028-material-2-0ca1202c70e97e9d,regex:material,candidate_needs_review,review_queue,0.42,Candidate physical observation from PDF text; not yet human verified.
OBS-P0028-material-2-4da023c922ce6504,P0028,,F0028,material,material,material,Si3N4,34.0,,,,,,,,local_pdf_text,,2,,,,E-OBS-P0028-material-2-4da023c922ce6504,regex:material,candidate_needs_review,review_queue,0.42,Candidate physical observation from PDF text; not yet human verified.
OBS-P0028-material-2-3c4f9d41c56509e7,P0028,,F0028,material,material,material,SiO2,2.0,,,,,,,,local_pdf_text,,2,,,,E-OBS-P0028-material-2-3c4f9d41c56509e7,regex:material,candidate_needs_review,review_queue,0.42,Candidate physical observation from PDF text; not yet human verified.
OBS-P0028-material-2-3788ed2790b33cf0,P0028,,F0028,material,material,material,Si,,,,,,,,,local_pdf_text,,2,,,,E-OBS-P0028-material-2-3788ed2790b33cf0,regex:material,candidate_needs_review,review_queue,0.42,Candidate physical observation from PDF text; not yet human verified.
OBS-P0028-material-2-0324eccaab102b4d,P0028,,F0028,material,material,material,Si3N4,34.0,,,,,,,,local_pdf_text,,2,,,,E-OBS-P0028-material-2-0324eccaab102b4d,regex:material,candidate_needs_review,review_queue,0.42,Candidate physical observation from PDF text; not yet human verified.
OBS-P0028-material-2-91f00987f9d04fd5,P0028,,F0028,material,material,material,silica,,,,,,,,,local_pdf_text,,2,,,,E-OBS-P0028-material-2-91f00987f9d04fd5,regex:material,candidate_needs_review,review_queue,0.42,Candidate physical observation from PDF text; not yet human verified.
OBS-P0028-material-2-5774fa58d75e1c4d,P0028,,F0028,material,material,material,Si,,,,,,,,,local_pdf_text,,2,,,,E-OBS-P0028-material-2-5774fa58d75e1c4d,regex:material,candidate_needs_review,review_queue,0.42,Candidate physical observation from PDF text; not yet human verified.
OBS-P0028-material-2-7441d1ed8ddf0229,P0028,,F0028,material,material,material,silica,,,,,,,,,local_pdf_text,,2,,,,E-OBS-P0028-material-2-7441d1ed8ddf0229,regex:material,candidate_needs_review,review_queue,0.42,Candidate physical observation from PDF text; not yet human verified.
OBS-P0028-k_space-2-a2b3a69604df2f94,P0028,,F0028,kspace,k_space,k-space / momentum-space,Γ point,,,,,,,,,local_pdf_text,,2,,,,E-OBS-P0028-k_space-2-a2b3a69604df2f94,regex:k_space,candidate_needs_review,review_queue,0.5,Candidate physical observation from PDF text; not yet human verified.
OBS-P0028-band_structure-2-57ad74bac518093a,P0028,,F0028,band,band_structure,band structure,Bloch mode,,,,,,,,,local_pdf_text,,2,,,,E-OBS-P0028-band_structure-2-57ad74bac518093a,regex:band_structure,candidate_needs_review,review_queue,0.48,Candidate physical observation from PDF text; not yet human verified.
OBS-P0028-band_structure-2-dfdc190bdba80e30,P0028,,F0028,band,band_structure,band structure,band structure,,,,,,,,,local_pdf_text,,2,,,,E-OBS-P0028-band_structure-2-dfdc190bdba80e30,regex:band_structure,candidate_needs_review,review_queue,0.48,Candidate physical observation from PDF text; not yet human verified.
OBS-P0028-k_space-4-37640c711021a710,P0028,,F0028,kspace,k_space,k-space / momentum-space,Γ point,,,,,,,,,local_pdf_text,,4,,,,E-OBS-P0028-k_space-4-37640c711021a710,regex:k_space,candidate_needs_review,review_queue,0.5,Candidate physical observation from PDF text; not yet human verified.
OBS-P0028-k_space-4-2fbf6dfc45ad2b64,P0028,,F0028,kspace,k_space,k-space / momentum-space,Brillouin zone,,,,,,,,,local_pdf_text,,4,,,,E-OBS-P0028-k_space-4-2fbf6dfc45ad2b64,regex:k_space,candidate_needs_review,review_queue,0.5,Candidate physical observation from PDF text; not yet human verified.
OBS-P0029-band_structure-1-def6640dcb6dd816,P0029,,F0029,band,band_structure,band structure,band structure,,,,,,,,,local_pdf_text,,1,,,,E-OBS-P0029-band_structure-1-def6640dcb6dd816,regex:band_structure,candidate_needs_review,review_queue,0.48,Candidate physical observation from PDF text; not yet human verified.
OBS-P0029-band_structure-1-5a7c876d61fc28a3,P0029,,F0029,band,band_structure,band structure,band structure,,,,,,,,,local_pdf_text,,1,,,,E-OBS-P0029-band_structure-1-5a7c876d61fc28a3,regex:band_structure,candidate_needs_review,review_queue,0.48,Candidate physical observation from PDF text; not yet human verified.
OBS-P0029-band_structure-1-f0fc4975c84543dd,P0029,,F0029,band,band_structure,band structure,band structure,,,,,,,,,local_pdf_text,,1,,,,E-OBS-P0029-band_structure-1-f0fc4975c84543dd,regex:band_structure,candidate_needs_review,review_queue,0.48,Candidate physical observation from PDF text; not yet human verified.
OBS-P0029-band_structure-1-e2fbd0f566b25a06,P0029,,F0029,band,band_structure,band structure,light cone,,,,,,,,,local_pdf_text,,1,,,,E-OBS-P0029-band_structure-1-e2fbd0f566b25a06,regex:band_structure,candidate_needs_review,review_queue,0.48,Candidate physical observation from PDF text; not yet human verified.
OBS-P0029-band_structure-1-42221ce6796695fb,P0029,,F0029,band,band_structure,band structure,band structure,,,,,,,,,local_pdf_text,,1,,,,E-OBS-P0029-band_structure-1-42221ce6796695fb,regex:band_structure,candidate_needs_review,review_queue,0.48,Candidate physical observation from PDF text; not yet human verified.
OBS-P0029-polarization-1-a7a4943b21605e7f,P0029,,F0029,polarization,polarization,polarization/topology,polarization,,,,,,,,,local_pdf_text,,1,,,,E-OBS-P0029-polarization-1-a7a4943b21605e7f,regex:polarization,candidate_needs_review,review_queue,0.46,Candidate physical observation from PDF text; not yet human verified.
OBS-P0029-polarization-1-bea3df2dfef43b8e,P0029,,F0029,polarization,polarization,polarization/topology,polarization,,,,,,,,,local_pdf_text,,1,,,,E-OBS-P0029-polarization-1-bea3df2dfef43b8e,regex:polarization,candidate_needs_review,review_queue,0.46,Candidate physical observation from PDF text; not yet human verified.
OBS-P0029-material-2-bd481f8cff38da6b,P0029,,F0029,material,material,material,sin,,,,,,,,,local_pdf_text,,2,,,,E-OBS-P0029-material-2-bd481f8cff38da6b,regex:material,candidate_needs_review,review_queue,0.42,Candidate physical observation from PDF text; not yet human verified.
OBS-P0029-material-2-68127087b3399719,P0029,,F0029,material,material,material,sin,,,,,,,,,local_pdf_text,,2,,,,E-OBS-P0029-material-2-68127087b3399719,regex:material,candidate_needs_review,review_queue,0.42,Candidate physical observation from PDF text; not yet human verified.
OBS-P0029-band_structure-2-9ceb3e4275fb5438,P0029,,F0029,band,band_structure,band structure,band structure,,,,,,,,,local_pdf_text,,2,,,,E-OBS-P0029-band_structure-2-9ceb3e4275fb5438,regex:band_structure,candidate_needs_review,review_queue,0.48,Candidate physical observation from PDF text; not yet human verified.
OBS-P0029-band_structure-2-e5e197abfc77aaee,P0029,,F0029,band,band_structure,band structure,band structure,,,,,,,,,local_pdf_text,,2,,,,E-OBS-P0029-band_structure-2-e5e197abfc77aaee,regex:band_structure,candidate_needs_review,review_queue,0.48,Candidate physical observation from PDF text; not yet human verified.
OBS-P0029-material-3-225cff204716d0bf,P0029,,F0029,material,material,material,Dielectric,,,,,,,,,local_pdf_text,,3,,,,E-OBS-P0029-material-3-225cff204716d0bf,regex:material,candidate_needs_review,review_queue,0.42,Candidate physical observation from PDF text; not yet human verified.
OBS-P0029-material-3-afd47ad37ce2ae21,P0029,,F0029,material,material,material,AlGaAs,,,,,,,,,local_pdf_text,,3,,,,E-OBS-P0029-material-3-afd47ad37ce2ae21,regex:material,candidate_needs_review,review_queue,0.42,Candidate physical observation from PDF text; not yet human verified.
OBS-P0029-material-3-f3e576a6cd7eb6f1,P0029,,F0029,material,material,material,GaAs,,,,,,,,,local_pdf_text,,3,,,,E-OBS-P0029-material-3-f3e576a6cd7eb6f1,regex:material,candidate_needs_review,review_queue,0.42,Candidate physical observation from PDF text; not yet human verified.
OBS-P0029-material-3-ef6b4d6fdf95f439,P0029,,F0029,material,material,material,AlGaAs,,,,,,,,,local_pdf_text,,3,,,,E-OBS-P0029-material-3-ef6b4d6fdf95f439,regex:material,candidate_needs_review,review_queue,0.42,Candidate physical observation from PDF text; not yet human verified.
OBS-P0029-material-3-89b8444d5ca65694,P0029,,F0029,material,material,material,dielectric,,,,,,,,,local_pdf_text,,3,,,,E-OBS-P0029-material-3-89b8444d5ca65694,regex:material,candidate_needs_review,review_queue,0.42,Candidate physical observation from PDF text; not yet human verified.
OBS-P0029-material-3-734ab3c8065774ac,P0029,,F0029,material,material,material,GaAs,,,,,,,,,local_pdf_text,,3,,,,E-OBS-P0029-material-3-734ab3c8065774ac,regex:material,candidate_needs_review,review_queue,0.42,Candidate physical observation from PDF text; not yet human verified.
OBS-P0029-polarization-3-b30a9adc08293cae,P0029,,F0029,polarization,polarization,polarization/topology,polarization,,,,,,,,,local_pdf_text,,3,,,,E-OBS-P0029-polarization-3-b30a9adc08293cae,regex:polarization,candidate_needs_review,review_queue,0.46,Candidate physical observation from PDF text; not yet human verified.
OBS-P0029-polarization-3-b3118aed091e9e96,P0029,,F0029,polarization,polarization,polarization/topology,polarization,,,,,,,,,local_pdf_text,,3,,,,E-OBS-P0029-polarization-3-b3118aed091e9e96,regex:polarization,candidate_needs_review,review_queue,0.46,Candidate physical observation from PDF text; not yet human verified.
OBS-P0029-band_structure-5-b11bb7707a2a242d,P0029,,F0029,band,band_structure,band structure,band structure,,,,,,,,,local_pdf_text,,5,,,,E-OBS-P0029-band_structure-5-b11bb7707a2a242d,regex:band_structure,candidate_needs_review,review_queue,0.48,Candidate physical observation from PDF text; not yet human verified.
OBS-P0030-material-1-02232214348f805a,P0030,,F0030,material,material,material,dielectric,,,,,,,,,local_pdf_text,,1,,,,E-OBS-P0030-material-1-02232214348f805a,regex:material,candidate_needs_review,review_queue,0.42,Candidate physical observation from PDF text; not yet human verified.
OBS-P0030-material-1-6757bbc866e3032f,P0030,,F0030,material,material,material,dielectric,,,,,,,,,local_pdf_text,,1,,,,E-OBS-P0030-material-1-6757bbc866e3032f,regex:material,candidate_needs_review,review_queue,0.42,Candidate physical observation from PDF text; not yet human verified.
OBS-P0030-band_structure-1-1a9551fdf93c47cc,P0030,,F0030,band,band_structure,band structure,dispersion,,,,,,,,,local_pdf_text,,1,,,,E-OBS-P0030-band_structure-1-1a9551fdf93c47cc,regex:band_structure,candidate_needs_review,review_queue,0.48,Candidate physical observation from PDF text; not yet human verified.
OBS-P0030-spectrum-1-ed06c1966ad3ad4a,P0030,,F0030,spectrum,spectrum,spectrum,far-field,,,,,,,,,local_pdf_text,,1,,,,E-OBS-P0030-spectrum-1-ed06c1966ad3ad4a,regex:spectrum,candidate_needs_review,review_queue,0.48,Candidate physical observation from PDF text; not yet human verified.
OBS-P0030-spectrum-1-8fdba80c334784c1,P0030,,F0030,spectrum,spectrum,spectrum,far-field,,,,,,,,,local_pdf_text,,1,,,,E-OBS-P0030-spectrum-1-8fdba80c334784c1,regex:spectrum,candidate_needs_review,review_queue,0.48,Candidate physical observation from PDF text; not yet human verified.
OBS-P0030-spectrum-1-33375a7c2a3dc19a,P0030,,F0030,spectrum,spectrum,spectrum,"far
field",,,,,,,,,local_pdf_text,,1,,,,E-OBS-P0030-spectrum-1-33375a7c2a3dc19a,regex:spectrum,candidate_needs_review,review_queue,0.48,Candidate physical observation from PDF text; not yet human verified.
OBS-P0030-spectrum-1-aa1cd179ea885e15,P0030,,F0030,spectrum,spectrum,spectrum,far-field,,,,,,,,,local_pdf_text,,1,,,,E-OBS-P0030-spectrum-1-aa1cd179ea885e15,regex:spectrum,candidate_needs_review,review_queue,0.48,Candidate physical observation from PDF text; not yet human verified.
OBS-P0030-polarization-1-d50a59553c8eef46,P0030,,F0030,polarization,polarization,polarization/topology,polarization,,,,,,,,,local_pdf_text,,1,,,,E-OBS-P0030-polarization-1-d50a59553c8eef46,regex:polarization,candidate_needs_review,review_queue,0.46,Candidate physical observation from PDF text; not yet human verified.
OBS-P0030-polarization-1-b1d8b19a913feb54,P0030,,F0030,polarization,polarization,polarization/topology,polarization,,,,,,,,,local_pdf_text,,1,,,,E-OBS-P0030-polarization-1-b1d8b19a913feb54,regex:polarization,candidate_needs_review,review_queue,0.46,Candidate physical observation from PDF text; not yet human verified.
OBS-P0030-polarization-1-a8d6372822881fc1,P0030,,F0030,polarization,polarization,polarization/topology,polarization,,,,,,,,,local_pdf_text,,1,,,,E-OBS-P0030-polarization-1-a8d6372822881fc1,regex:polarization,candidate_needs_review,review_queue,0.46,Candidate physical observation from PDF text; not yet human verified.
OBS-P0030-polarization-1-c9c535e619823be7,P0030,,F0030,polarization,polarization,polarization/topology,polarization,,,,,,,,,local_pdf_text,,1,,,,E-OBS-P0030-polarization-1-c9c535e619823be7,regex:polarization,candidate_needs_review,review_queue,0.46,Candidate physical observation from PDF text; not yet human verified.
OBS-P0030-polarization-1-f4dc16ae526163b7,P0030,,F0030,polarization,polarization,polarization/topology,polarization,,,,,,,,,local_pdf_text,,1,,,,E-OBS-P0030-polarization-1-f4dc16ae526163b7,regex:polarization,candidate_needs_review,review_queue,0.46,Candidate physical observation from PDF text; not yet human verified.
OBS-P0030-k_space-2-9e053b2849fa4e47,P0030,,F0030,kspace,k_space,k-space / momentum-space,topological charge,,,,,,,,,local_pdf_text,,2,,,,E-OBS-P0030-k_space-2-9e053b2849fa4e47,regex:k_space,candidate_needs_review,review_queue,0.5,Candidate physical observation from PDF text; not yet human verified.
OBS-P0030-k_space-2-7e7660cd501a2191,P0030,,F0030,kspace,k_space,k-space / momentum-space,k space,,,,,,,,,local_pdf_text,,2,,,,E-OBS-P0030-k_space-2-7e7660cd501a2191,regex:k_space,candidate_needs_review,review_queue,0.5,Candidate physical observation from PDF text; not yet human verified.
OBS-P0030-k_space-2-817573ea73abeaec,P0030,,F0030,kspace,k_space,k-space / momentum-space,Polarization vortex,,,,,,,,,local_pdf_text,,2,,,,E-OBS-P0030-k_space-2-817573ea73abeaec,regex:k_space,candidate_needs_review,review_queue,0.5,Candidate physical observation from PDF text; not yet human verified.
OBS-P0030-k_space-2-cf9684c76883d5d8,P0030,,F0030,kspace,k_space,k-space / momentum-space,Topological charge,,,,,,,,,local_pdf_text,,2,,,,E-OBS-P0030-k_space-2-cf9684c76883d5d8,regex:k_space,candidate_needs_review,review_queue,0.5,Candidate physical observation from PDF text; not yet human verified.
OBS-P0030-k_space-2-4745b8800952947f,P0030,,F0030,kspace,k_space,k-space / momentum-space,k space,,,,,,,,,local_pdf_text,,2,,,,E-OBS-P0030-k_space-2-4745b8800952947f,regex:k_space,candidate_needs_review,review_queue,0.5,Candidate physical observation from PDF text; not yet human verified.
OBS-P0030-k_space-2-c5f9cbbdf5861a0c,P0030,,F0030,kspace,k_space,k-space / momentum-space,k space,,,,,,,,,local_pdf_text,,2,,,,E-OBS-P0030-k_space-2-c5f9cbbdf5861a0c,regex:k_space,candidate_needs_review,review_queue,0.5,Candidate physical observation from PDF text; not yet human verified.
OBS-P0030-k_space-2-e7907ce45e1d82f1,P0030,,F0030,kspace,k_space,k-space / momentum-space,topological charge,,,,,,,,,local_pdf_text,,2,,,,E-OBS-P0030-k_space-2-e7907ce45e1d82f1,regex:k_space,candidate_needs_review,review_queue,0.5,Candidate physical observation from PDF text; not yet human verified.
OBS-P0030-k_space-2-aa8de2f82b03263b,P0030,,F0030,kspace,k_space,k-space / momentum-space,topological charge,,,,,,,,,local_pdf_text,,2,,,,E-OBS-P0030-k_space-2-aa8de2f82b03263b,regex:k_space,candidate_needs_review,review_queue,0.5,Candidate physical observation from PDF text; not yet human verified.
OBS-P0030-spectrum-2-994cf1ddf7eb2a43,P0030,,F0030,spectrum,spectrum,spectrum,far field,,,,,,,,,local_pdf_text,,2,,,,E-OBS-P0030-spectrum-2-994cf1ddf7eb2a43,regex:spectrum,candidate_needs_review,review_queue,0.48,Candidate physical observation from PDF text; not yet human verified.
OBS-P0030-spectrum-2-9c7e1a38b15fbe01,P0030,,F0030,spectrum,spectrum,spectrum,far field,,,,,,,,,local_pdf_text,,2,,,,E-OBS-P0030-spectrum-2-9c7e1a38b15fbe01,regex:spectrum,candidate_needs_review,review_queue,0.48,Candidate physical observation from PDF text; not yet human verified.
OBS-P0030-spectrum-2-8ebab9a055cfc826,P0030,,F0030,spectrum,spectrum,spectrum,far field,,,,,,,,,local_pdf_text,,2,,,,E-OBS-P0030-spectrum-2-8ebab9a055cfc826,regex:spectrum,candidate_needs_review,review_queue,0.48,Candidate physical observation from PDF text; not yet human verified.
OBS-P0030-spectrum-2-7b3ebbecd11b9144,P0030,,F0030,spectrum,spectrum,spectrum,far-field,,,,,,,,,local_pdf_text,,2,,,,E-OBS-P0030-spectrum-2-7b3ebbecd11b9144,regex:spectrum,candidate_needs_review,review_queue,0.48,Candidate physical observation from PDF text; not yet human verified.
OBS-P0030-polarization-2-8d060376154b4fe4,P0030,,F0030,polarization,polarization,polarization/topology,polarization,,,,,,,,,local_pdf_text,,2,,,,E-OBS-P0030-polarization-2-8d060376154b4fe4,regex:polarization,candidate_needs_review,review_queue,0.46,Candidate physical observation from PDF text; not yet human verified.
OBS-P0030-polarization-2-d029ba487369c8d5,P0030,,F0030,polarization,polarization,polarization/topology,polarization,,,,,,,,,local_pdf_text,,2,,,,E-OBS-P0030-polarization-2-d029ba487369c8d5,regex:polarization,candidate_needs_review,review_queue,0.46,Candidate physical observation from PDF text; not yet human verified.
OBS-P0030-polarization-2-d1e6398e6ade48a4,P0030,,F0030,polarization,polarization,polarization/topology,polarization,,,,,,,,,local_pdf_text,,2,,,,E-OBS-P0030-polarization-2-d1e6398e6ade48a4,regex:polarization,candidate_needs_review,review_queue,0.46,Candidate physical observation from PDF text; not yet human verified.
OBS-P0030-material-3-05508d5bece0e905,P0030,,F0030,material,material,material,dielectric,,,,,,,,,local_pdf_text,,3,,,,E-OBS-P0030-material-3-05508d5bece0e905,regex:material,candidate_needs_review,review_queue,0.42,Candidate physical observation from PDF text; not yet human verified.
OBS-P0030-band_structure-3-868d704dbf91d218,P0030,,F0030,band,band_structure,band structure,band structure,,,,,,,,,local_pdf_text,,3,,,,E-OBS-P0030-band_structure-3-868d704dbf91d218,regex:band_structure,candidate_needs_review,review_queue,0.48,Candidate physical observation from PDF text; not yet human verified.
OBS-P0030-band_structure-4-2634f012e8658e6a,P0030,,F0030,band,band_structure,band structure,band structure,,,,,,,,,local_pdf_text,,4,,,,E-OBS-P0030-band_structure-4-2634f012e8658e6a,regex:band_structure,candidate_needs_review,review_queue,0.48,Candidate physical observation from PDF text; not yet human verified.
OBS-P0030-band_structure-4-e78db931998254a8,P0030,,F0030,band,band_structure,band structure,light cone,,,,,,,,,local_pdf_text,,4,,,,E-OBS-P0030-band_structure-4-e78db931998254a8,regex:band_structure,candidate_needs_review,review_queue,0.48,Candidate physical observation from PDF text; not yet human verified.
OBS-P0031-q_factor-1-769aea2e66bb58d4,P0031,,F0031,resonance,q_factor,Q factor,1,1.0,,,,,,1.0,,local_pdf_text,,1,,,,E-OBS-P0031-q_factor-1-769aea2e66bb58d4,regex:q_factor,candidate_needs_review,review_queue,0.62,Candidate physical observation from PDF text; not yet human verified.
OBS-P0031-k_space-1-4a2f4ebf3b1bac30,P0031,,F0031,kspace,k_space,k-space / momentum-space,k-space,,,,,,,,,local_pdf_text,,1,,,,E-OBS-P0031-k_space-1-4a2f4ebf3b1bac30,regex:k_space,candidate_needs_review,review_queue,0.5,Candidate physical observation from PDF text; not yet human verified.
OBS-P0031-k_space-1-6a95a07ac36f7138,P0031,,F0031,kspace,k_space,k-space / momentum-space,k-space,,,,,,,,,local_pdf_text,,1,,,,E-OBS-P0031-k_space-1-6a95a07ac36f7138,regex:k_space,candidate_needs_review,review_queue,0.5,Candidate physical observation from PDF text; not yet human verified.
OBS-P0031-band_structure-1-960bb1bf8954765d,P0031,,F0031,band,band_structure,band structure,Dispersion,,,,,,,,,local_pdf_text,,1,,,,E-OBS-P0031-band_structure-1-960bb1bf8954765d,regex:band_structure,candidate_needs_review,review_queue,0.48,Candidate physical observation from PDF text; not yet human verified.
OBS-P0031-band_structure-1-810c138df6f52f6e,P0031,,F0031,band,band_structure,band structure,dispersion,,,,,,,,,local_pdf_text,,1,,,,E-OBS-P0031-band_structure-1-810c138df6f52f6e,regex:band_structure,candidate_needs_review,review_queue,0.48,Candidate physical observation from PDF text; not yet human verified.
OBS-P0031-band_structure-1-9005495ce5cbd7bd,P0031,,F0031,band,band_structure,band structure,dispersion,,,,,,,,,local_pdf_text,,1,,,,E-OBS-P0031-band_structure-1-9005495ce5cbd7bd,regex:band_structure,candidate_needs_review,review_queue,0.48,Candidate physical observation from PDF text; not yet human verified.
OBS-P0031-diameter-2-8f5e1c6e22ae7daf,P0031,,F0031,structure,diameter,diameter,1550,1550.0,nm,,,1550.0,,,,local_pdf_text,,2,,,,E-OBS-P0031-diameter-2-8f5e1c6e22ae7daf,regex:diameter,candidate_needs_review,review_queue,0.45,Candidate physical observation from PDF text; not yet human verified.
OBS-P0031-material-2-debb028acae94e99,P0031,,F0031,material,material,material,Si,,,,,,,,,local_pdf_text,,2,,,,E-OBS-P0031-material-2-debb028acae94e99,regex:material,candidate_needs_review,review_queue,0.42,Candidate physical observation from PDF text; not yet human verified.
OBS-P0031-material-2-e0f32dbc1310c669,P0031,,F0031,material,material,material,Si,,,,,,,,,local_pdf_text,,2,,,,E-OBS-P0031-material-2-e0f32dbc1310c669,regex:material,candidate_needs_review,review_queue,0.42,Candidate physical observation from PDF text; not yet human verified.
OBS-P0031-material-2-b1338ac2517b68ee,P0031,,F0031,material,material,material,sin,,,,,,,,,local_pdf_text,,2,,,,E-OBS-P0031-material-2-b1338ac2517b68ee,regex:material,candidate_needs_review,review_queue,0.42,Candidate physical observation from PDF text; not yet human verified.
OBS-P0031-k_space-2-b77e006d4acde537,P0031,,F0031,kspace,k_space,k-space / momentum-space,k-space,,,,,,,,,local_pdf_text,,2,,,,E-OBS-P0031-k_space-2-b77e006d4acde537,regex:k_space,candidate_needs_review,review_queue,0.5,Candidate physical observation from PDF text; not yet human verified.
OBS-P0031-band_structure-2-12ed9f5e369d5a21,P0031,,F0031,band,band_structure,band structure,dispersion,,,,,,,,,local_pdf_text,,2,,,,E-OBS-P0031-band_structure-2-12ed9f5e369d5a21,regex:band_structure,candidate_needs_review,review_queue,0.48,Candidate physical observation from PDF text; not yet human verified.
OBS-P0031-band_structure-2-c432674e54bda2a4,P0031,,F0031,band,band_structure,band structure,dispersion,,,,,,,,,local_pdf_text,,2,,,,E-OBS-P0031-band_structure-2-c432674e54bda2a4,regex:band_structure,candidate_needs_review,review_queue,0.48,Candidate physical observation from PDF text; not yet human verified.
OBS-P0031-band_structure-2-f6e75b6210b948b6,P0031,,F0031,band,band_structure,band structure,dispersion,,,,,,,,,local_pdf_text,,2,,,,E-OBS-P0031-band_structure-2-f6e75b6210b948b6,regex:band_structure,candidate_needs_review,review_queue,0.48,Candidate physical observation from PDF text; not yet human verified.
OBS-P0031-band_structure-2-517c2f5b8cb3fecc,P0031,,F0031,band,band_structure,band structure,band structure,,,,,,,,,local_pdf_text,,2,,,,E-OBS-P0031-band_structure-2-517c2f5b8cb3fecc,regex:band_structure,candidate_needs_review,review_queue,0.48,Candidate physical observation from PDF text; not yet human verified.
OBS-P0031-band_structure-2-da708399e2dc1f4a,P0031,,F0031,band,band_structure,band structure,dispersion,,,,,,,,,local_pdf_text,,2,,,,E-OBS-P0031-band_structure-2-da708399e2dc1f4a,regex:band_structure,candidate_needs_review,review_queue,0.48,Candidate physical observation from PDF text; not yet human verified.
OBS-P0031-k_space-3-eadbe4709705cb4b,P0031,,F0031,kspace,k_space,k-space / momentum-space,k-space,,,,,,,,,local_pdf_text,,3,,,,E-OBS-P0031-k_space-3-eadbe4709705cb4b,regex:k_space,candidate_needs_review,review_queue,0.5,Candidate physical observation from PDF text; not yet human verified.
OBS-P0031-k_space-3-aaaac38124289a81,P0031,,F0031,kspace,k_space,k-space / momentum-space,k-space,,,,,,,,,local_pdf_text,,3,,,,E-OBS-P0031-k_space-3-aaaac38124289a81,regex:k_space,candidate_needs_review,review_queue,0.5,Candidate physical observation from PDF text; not yet human verified.
OBS-P0031-k_space-3-29ba76e0cbc7e724,P0031,,F0031,kspace,k_space,k-space / momentum-space,k-space,,,,,,,,,local_pdf_text,,3,,,,E-OBS-P0031-k_space-3-29ba76e0cbc7e724,regex:k_space,candidate_needs_review,review_queue,0.5,Candidate physical observation from PDF text; not yet human verified.
OBS-P0031-k_space-3-9f0b5cc00269adc8,P0031,,F0031,kspace,k_space,k-space / momentum-space,k-space,,,,,,,,,local_pdf_text,,3,,,,E-OBS-P0031-k_space-3-9f0b5cc00269adc8,regex:k_space,candidate_needs_review,review_queue,0.5,Candidate physical observation from PDF text; not yet human verified.
OBS-P0031-k_space-3-5f7ef6cb3370bd5a,P0031,,F0031,kspace,k_space,k-space / momentum-space,k-space,,,,,,,,,local_pdf_text,,3,,,,E-OBS-P0031-k_space-3-5f7ef6cb3370bd5a,regex:k_space,candidate_needs_review,review_queue,0.5,Candidate physical observation from PDF text; not yet human verified.
OBS-P0031-q_factor-4-be16c9a328a88d69,P0031,,F0031,resonance,q_factor,Q factor,1.8×104,18000.0,,,,,,18000.0,,local_pdf_text,,4,,,,E-OBS-P0031-q_factor-4-be16c9a328a88d69,regex:q_factor,candidate_needs_review,review_queue,0.62,Candidate physical observation from PDF text; not yet human verified.
OBS-P0031-material-4-7253f5c2a08446c0,P0031,,F0031,material,material,material,dielectric,,,,,,,,,local_pdf_text,,4,,,,E-OBS-P0031-material-4-7253f5c2a08446c0,regex:material,candidate_needs_review,review_queue,0.42,Candidate physical observation from PDF text; not yet human verified.
OBS-P0031-material-4-055e17cdfdd14f9c,P0031,,F0031,material,material,material,dielectric,,,,,,,,,local_pdf_text,,4,,,,E-OBS-P0031-material-4-055e17cdfdd14f9c,regex:material,candidate_needs_review,review_queue,0.42,Candidate physical observation from PDF text; not yet human verified.
OBS-P0031-material-4-6d60f651bf6d0ab7,P0031,,F0031,material,material,material,dielectric,,,,,,,,,local_pdf_text,,4,,,,E-OBS-P0031-material-4-6d60f651bf6d0ab7,regex:material,candidate_needs_review,review_queue,0.42,Candidate physical observation from PDF text; not yet human verified.
OBS-P0031-polarization-4-2645baca4183f3bf,P0031,,F0031,polarization,polarization,polarization/topology,polarization,,,,,,,,,local_pdf_text,,4,,,,E-OBS-P0031-polarization-4-2645baca4183f3bf,regex:polarization,candidate_needs_review,review_queue,0.46,Candidate physical observation from PDF text; not yet human verified.
OBS-P0031-polarization-4-87a67959d66e6ccc,P0031,,F0031,polarization,polarization,polarization/topology,polarization,,,,,,,,,local_pdf_text,,4,,,,E-OBS-P0031-polarization-4-87a67959d66e6ccc,regex:polarization,candidate_needs_review,review_queue,0.46,Candidate physical observation from PDF text; not yet human verified.
OBS-P0031-material-5-d62ff2f126fd7186,P0031,,F0031,material,material,material,silicon,,,,,,,,,local_pdf_text,,5,,,,E-OBS-P0031-material-5-d62ff2f126fd7186,regex:material,candidate_needs_review,review_queue,0.42,Candidate physical observation from PDF text; not yet human verified.
OBS-P0031-material-5-0d726401d07242e2,P0031,,F0031,material,material,material,dielectric,,,,,,,,,local_pdf_text,,5,,,,E-OBS-P0031-material-5-0d726401d07242e2,regex:material,candidate_needs_review,review_queue,0.42,Candidate physical observation from PDF text; not yet human verified.
OBS-P0032-material-1-cbf48e4bf59d990a,P0032,,F0032,material,material,material,Silicon,,,,,,,,,local_pdf_text,,1,,,,E-OBS-P0032-material-1-cbf48e4bf59d990a,regex:material,candidate_needs_review,review_queue,0.42,Candidate physical observation from PDF text; not yet human verified.
OBS-P0032-material-2-cd5f7d482c64aeb1,P0032,,F0032,material,material,material,Silicon,,,,,,,,,local_pdf_text,,2,,,,E-OBS-P0032-material-2-cd5f7d482c64aeb1,regex:material,candidate_needs_review,review_queue,0.42,Candidate physical observation from PDF text; not yet human verified.
OBS-P0032-material-2-1f1f94e91089de10,P0032,,F0032,material,material,material,dielectric,,,,,,,,,local_pdf_text,,2,,,,E-OBS-P0032-material-2-1f1f94e91089de10,regex:material,candidate_needs_review,review_queue,0.42,Candidate physical observation from PDF text; not yet human verified.
OBS-P0032-material-2-5cb722b5e8302870,P0032,,F0032,material,material,material,Silicon,,,,,,,,,local_pdf_text,,2,,,,E-OBS-P0032-material-2-5cb722b5e8302870,regex:material,candidate_needs_review,review_queue,0.42,Candidate physical observation from PDF text; not yet human verified.
OBS-P0032-material-2-82c1eac0181fd52e,P0032,,F0032,material,material,material,silicon,,,,,,,,,local_pdf_text,,2,,,,E-OBS-P0032-material-2-82c1eac0181fd52e,regex:material,candidate_needs_review,review_queue,0.42,Candidate physical observation from PDF text; not yet human verified.
OBS-P0032-material-2-022b782eadbc19fb,P0032,,F0032,material,material,material,silicon,,,,,,,,,local_pdf_text,,2,,,,E-OBS-P0032-material-2-022b782eadbc19fb,regex:material,candidate_needs_review,review_queue,0.42,Candidate physical observation from PDF text; not yet human verified.
OBS-P0032-material-2-e8dbdd673f4ae1d9,P0032,,F0032,material,material,material,Silicon,,,,,,,,,local_pdf_text,,2,,,,E-OBS-P0032-material-2-e8dbdd673f4ae1d9,regex:material,candidate_needs_review,review_queue,0.42,Candidate physical observation from PDF text; not yet human verified.
OBS-P0032-material-2-40eff024618ae799,P0032,,F0032,material,material,material,Silicon,,,,,,,,,local_pdf_text,,2,,,,E-OBS-P0032-material-2-40eff024618ae799,regex:material,candidate_needs_review,review_queue,0.42,Candidate physical observation from PDF text; not yet human verified.
OBS-P0032-band_structure-3-5d5a3ea033eaf20d,P0032,,F0032,band,band_structure,band structure,dispersion,,,,,,,,,local_pdf_text,,3,,,,E-OBS-P0032-band_structure-3-5d5a3ea033eaf20d,regex:band_structure,candidate_needs_review,review_queue,0.48,Candidate physical observation from PDF text; not yet human verified.
OBS-P0032-band_structure-3-12cf3c9dce625dc5,P0032,,F0032,band,band_structure,band structure,Dispersion,,,,,,,,,local_pdf_text,,3,,,,E-OBS-P0032-band_structure-3-12cf3c9dce625dc5,regex:band_structure,candidate_needs_review,review_queue,0.48,Candidate physical observation from PDF text; not yet human verified.
OBS-P0032-band_structure-3-600ae346765dd62a,P0032,,F0032,band,band_structure,band structure,dispersion,,,,,,,,,local_pdf_text,,3,,,,E-OBS-P0032-band_structure-3-600ae346765dd62a,regex:band_structure,candidate_needs_review,review_queue,0.48,Candidate physical observation from PDF text; not yet human verified.
OBS-P0032-k_space-4-b591f6219d2299c9,P0032,,F0032,kspace,k_space,k-space / momentum-space,Brillouin zone,,,,,,,,,local_pdf_text,,4,,,,E-OBS-P0032-k_space-4-b591f6219d2299c9,regex:k_space,candidate_needs_review,review_queue,0.5,Candidate physical observation from PDF text; not yet human verified.
OBS-P0032-band_structure-4-d1dcb41e2ab9db88,P0032,,F0032,band,band_structure,band structure,dispersion,,,,,,,,,local_pdf_text,,4,,,,E-OBS-P0032-band_structure-4-d1dcb41e2ab9db88,regex:band_structure,candidate_needs_review,review_queue,0.48,Candidate physical observation from PDF text; not yet human verified.
OBS-P0032-band_structure-4-aede4843fdd78829,P0032,,F0032,band,band_structure,band structure,dispersion,,,,,,,,,local_pdf_text,,4,,,,E-OBS-P0032-band_structure-4-aede4843fdd78829,regex:band_structure,candidate_needs_review,review_queue,0.48,Candidate physical observation from PDF text; not yet human verified.
OBS-P0032-band_structure-4-19a58a014b9c5d83,P0032,,F0032,band,band_structure,band structure,dispersion,,,,,,,,,local_pdf_text,,4,,,,E-OBS-P0032-band_structure-4-19a58a014b9c5d83,regex:band_structure,candidate_needs_review,review_queue,0.48,Candidate physical observation from PDF text; not yet human verified.
OBS-P0032-wavelength-5-5543c26befd60b1e,P0032,,F0032,resonance,wavelength,resonance wavelength,720,720.0,nm,,,720.0,,,,local_pdf_text,,5,,,,E-OBS-P0032-wavelength-5-5543c26befd60b1e,regex:wavelength,candidate_needs_review,review_queue,0.6,Candidate physical observation from PDF text; not yet human verified.
OBS-P0032-wavelength-5-f87a5f787425a662,P0032,,F0032,resonance,wavelength,resonance wavelength,720,720.0,nm,,,720.0,,,,local_pdf_text,,5,,,,E-OBS-P0032-wavelength-5-f87a5f787425a662,regex:wavelength,candidate_needs_review,review_queue,0.6,Candidate physical observation from PDF text; not yet human verified.
OBS-P0032-wavelength-5-669c450f1b5c413e,P0032,,F0032,resonance,wavelength,resonance wavelength,720,720.0,nm,,,720.0,,,,local_pdf_text,,5,,,,E-OBS-P0032-wavelength-5-669c450f1b5c413e,regex:wavelength,candidate_needs_review,review_queue,0.6,Candidate physical observation from PDF text; not yet human verified.
OBS-P0032-wavelength-5-ed3d2617eb7a32b4,P0032,,F0032,resonance,wavelength,resonance wavelength,720,720.0,nm,,,720.0,,,,local_pdf_text,,5,,,,E-OBS-P0032-wavelength-5-ed3d2617eb7a32b4,regex:wavelength,candidate_needs_review,review_queue,0.6,Candidate physical observation from PDF text; not yet human verified.
OBS-P0032-wavelength-5-676492ae8e55df8f,P0032,,F0032,resonance,wavelength,resonance wavelength,960,960.0,nm,,,960.0,,,,local_pdf_text,,5,,,,E-OBS-P0032-wavelength-5-676492ae8e55df8f,regex:wavelength,candidate_needs_review,review_queue,0.6,Candidate physical observation from PDF text; not yet human verified.
OBS-P0032-spectrum-6-8f00af4df88a3a7f,P0032,,F0032,spectrum,spectrum,spectrum,transmission spectrum,,,,,,,,,local_pdf_text,,6,,,,E-OBS-P0032-spectrum-6-8f00af4df88a3a7f,regex:spectrum,candidate_needs_review,review_queue,0.48,Candidate physical observation from PDF text; not yet human verified.
OBS-P0033-material-1-7714841b1f59684b,P0033,,F0033,material,material,material,dielectric,,,,,,,,,local_pdf_text,,1,,,,E-OBS-P0033-material-1-7714841b1f59684b,regex:material,candidate_needs_review,review_queue,0.42,Candidate physical observation from PDF text; not yet human verified.
OBS-P0033-material-1-6f1beb286aba2c70,P0033,,F0033,material,material,material,dielectric,,,,,,,,,local_pdf_text,,1,,,,E-OBS-P0033-material-1-6f1beb286aba2c70,regex:material,candidate_needs_review,review_queue,0.42,Candidate physical observation from PDF text; not yet human verified.
OBS-P0033-material-1-63b762b96133b10f,P0033,,F0033,material,material,material,dielectric,,,,,,,,,local_pdf_text,,1,,,,E-OBS-P0033-material-1-63b762b96133b10f,regex:material,candidate_needs_review,review_queue,0.42,Candidate physical observation from PDF text; not yet human verified.
OBS-P0033-band_structure-1-4c2dcc0d78f9edc7,P0033,,F0033,band,band_structure,band structure,dispersion,,,,,,,,,local_pdf_text,,1,,,,E-OBS-P0033-band_structure-1-4c2dcc0d78f9edc7,regex:band_structure,candidate_needs_review,review_queue,0.48,Candidate physical observation from PDF text; not yet human verified.
OBS-P0033-band_structure-1-402af2a9dcb63cb5,P0033,,F0033,band,band_structure,band structure,dispersion,,,,,,,,,local_pdf_text,,1,,,,E-OBS-P0033-band_structure-1-402af2a9dcb63cb5,regex:band_structure,candidate_needs_review,review_queue,0.48,Candidate physical observation from PDF text; not yet human verified.
OBS-P0033-material-2-ae7ca58b0634a80e,P0033,,F0033,material,material,material,sin,,,,,,,,,local_pdf_text,,2,,,,E-OBS-P0033-material-2-ae7ca58b0634a80e,regex:material,candidate_needs_review,review_queue,0.42,Candidate physical observation from PDF text; not yet human verified.
OBS-P0033-material-2-33e1cabd1c6d0d01,P0033,,F0033,material,material,material,dielectric,,,,,,,,,local_pdf_text,,2,,,,E-OBS-P0033-material-2-33e1cabd1c6d0d01,regex:material,candidate_needs_review,review_queue,0.42,Candidate physical observation from PDF text; not yet human verified.
OBS-P0033-band_structure-2-2714bbd90f6357b4,P0033,,F0033,band,band_structure,band structure,dispersion,,,,,,,,,local_pdf_text,,2,,,,E-OBS-P0033-band_structure-2-2714bbd90f6357b4,regex:band_structure,candidate_needs_review,review_queue,0.48,Candidate physical observation from PDF text; not yet human verified.
OBS-P0033-material-3-fb0823d04453c279,P0033,,F0033,material,material,material,dielectric,,,,,,,,,local_pdf_text,,3,,,,E-OBS-P0033-material-3-fb0823d04453c279,regex:material,candidate_needs_review,review_queue,0.42,Candidate physical observation from PDF text; not yet human verified.
OBS-P0033-k_space-3-f751991bf2ca57aa,P0033,,F0033,kspace,k_space,k-space / momentum-space,Brillouin zone,,,,,,,,,local_pdf_text,,3,,,,E-OBS-P0033-k_space-3-f751991bf2ca57aa,regex:k_space,candidate_needs_review,review_queue,0.5,Candidate physical observation from PDF text; not yet human verified.
OBS-P0033-k_space-3-72f272578e819b34,P0033,,F0033,kspace,k_space,k-space / momentum-space,Brillouin zone,,,,,,,,,local_pdf_text,,3,,,,E-OBS-P0033-k_space-3-72f272578e819b34,regex:k_space,candidate_needs_review,review_queue,0.5,Candidate physical observation from PDF text; not yet human verified.
OBS-P0033-band_structure-3-3de9753346babec6,P0033,,F0033,band,band_structure,band structure,light cone,,,,,,,,,local_pdf_text,,3,,,,E-OBS-P0033-band_structure-3-3de9753346babec6,regex:band_structure,candidate_needs_review,review_queue,0.48,Candidate physical observation from PDF text; not yet human verified.
OBS-P0033-band_structure-3-2e75c25940921094,P0033,,F0033,band,band_structure,band structure,dispersion,,,,,,,,,local_pdf_text,,3,,,,E-OBS-P0033-band_structure-3-2e75c25940921094,regex:band_structure,candidate_needs_review,review_queue,0.48,Candidate physical observation from PDF text; not yet human verified.
OBS-P0033-band_structure-3-0d19d66c8d52556f,P0033,,F0033,band,band_structure,band structure,dispersion,,,,,,,,,local_pdf_text,,3,,,,E-OBS-P0033-band_structure-3-0d19d66c8d52556f,regex:band_structure,candidate_needs_review,review_queue,0.48,Candidate physical observation from PDF text; not yet human verified.
OBS-P0033-band_structure-3-47f241eed7486243,P0033,,F0033,band,band_structure,band structure,dispersion,,,,,,,,,local_pdf_text,,3,,,,E-OBS-P0033-band_structure-3-47f241eed7486243,regex:band_structure,candidate_needs_review,review_queue,0.48,Candidate physical observation from PDF text; not yet human verified.
OBS-P0033-material-4-e29cf6de72d8cb23,P0033,,F0033,material,material,material,dielectric,,,,,,,,,local_pdf_text,,4,,,,E-OBS-P0033-material-4-e29cf6de72d8cb23,regex:material,candidate_needs_review,review_queue,0.42,Candidate physical observation from PDF text; not yet human verified.
OBS-P0033-material-4-5eee18229157e463,P0033,,F0033,material,material,material,dielectric,,,,,,,,,local_pdf_text,,4,,,,E-OBS-P0033-material-4-5eee18229157e463,regex:material,candidate_needs_review,review_queue,0.42,Candidate physical observation from PDF text; not yet human verified.
OBS-P0033-band_structure-4-e829cb787870da1d,P0033,,F0033,band,band_structure,band structure,dispersion,,,,,,,,,local_pdf_text,,4,,,,E-OBS-P0033-band_structure-4-e829cb787870da1d,regex:band_structure,candidate_needs_review,review_queue,0.48,Candidate physical observation from PDF text; not yet human verified.
OBS-P0034-material-1-2e1ab90b745825e2,P0034,,F0034,material,material,material,Dielectric,,,,,,,,,local_pdf_text,,1,,,,E-OBS-P0034-material-1-2e1ab90b745825e2,regex:material,candidate_needs_review,review_queue,0.42,Candidate physical observation from PDF text; not yet human verified.
OBS-P0034-material-1-cb5ebca282053e51,P0034,,F0034,material,material,material,dielectric,,,,,,,,,local_pdf_text,,1,,,,E-OBS-P0034-material-1-cb5ebca282053e51,regex:material,candidate_needs_review,review_queue,0.42,Candidate physical observation from PDF text; not yet human verified.
OBS-P0034-material-1-fa9e61e50a8d9cb7,P0034,,F0034,material,material,material,dielectric,,,,,,,,,local_pdf_text,,1,,,,E-OBS-P0034-material-1-fa9e61e50a8d9cb7,regex:material,candidate_needs_review,review_queue,0.42,Candidate physical observation from PDF text; not yet human verified.
OBS-P0034-material-1-f687d95626764ba7,P0034,,F0034,material,material,material,dielectric,,,,,,,,,local_pdf_text,,1,,,,E-OBS-P0034-material-1-f687d95626764ba7,regex:material,candidate_needs_review,review_queue,0.42,Candidate physical observation from PDF text; not yet human verified.
OBS-P0034-material-1-e1bdd851f2a96a40,P0034,,F0034,material,material,material,Si,,,,,,,,,local_pdf_text,,1,,,,E-OBS-P0034-material-1-e1bdd851f2a96a40,regex:material,candidate_needs_review,review_queue,0.42,Candidate physical observation from PDF text; not yet human verified.
OBS-P0034-material-1-b2bf16fb7e1cd38e,P0034,,F0034,material,material,material,GaAs,,,,,,,,,local_pdf_text,,1,,,,E-OBS-P0034-material-1-b2bf16fb7e1cd38e,regex:material,candidate_needs_review,review_queue,0.42,Candidate physical observation from PDF text; not yet human verified.
OBS-P0034-material-1-c0cc93af6499f9ed,P0034,,F0034,material,material,material,dielectric,,,,,,,,,local_pdf_text,,1,,,,E-OBS-P0034-material-1-c0cc93af6499f9ed,regex:material,candidate_needs_review,review_queue,0.42,Candidate physical observation from PDF text; not yet human verified.
OBS-P0034-material-2-7eed3901a265bbe4,P0034,,F0034,material,material,material,dielectric,,,,,,,,,local_pdf_text,,2,,,,E-OBS-P0034-material-2-7eed3901a265bbe4,regex:material,candidate_needs_review,review_queue,0.42,Candidate physical observation from PDF text; not yet human verified.
OBS-P0034-polarization-3-8a5a089652276758,P0034,,F0034,polarization,polarization,polarization/topology,polarization,,,,,,,,,local_pdf_text,,3,,,,E-OBS-P0034-polarization-3-8a5a089652276758,regex:polarization,candidate_needs_review,review_queue,0.46,Candidate physical observation from PDF text; not yet human verified.
OBS-P0034-band_structure-7-606aa3e627b87b1e,P0034,,F0034,band,band_structure,band structure,dispersion,,,,,,,,,local_pdf_text,,7,,,,E-OBS-P0034-band_structure-7-606aa3e627b87b1e,regex:band_structure,candidate_needs_review,review_queue,0.48,Candidate physical observation from PDF text; not yet human verified.
OBS-P0034-spectrum-7-cf0266d840363fa9,P0034,,F0034,spectrum,spectrum,spectrum,far-field,,,,,,,,,local_pdf_text,,7,,,,E-OBS-P0034-spectrum-7-cf0266d840363fa9,regex:spectrum,candidate_needs_review,review_queue,0.48,Candidate physical observation from PDF text; not yet human verified.
OBS-P0035-polarization-1-def231447ea334fa,P0035,,F0035,polarization,polarization,polarization/topology,optical vortex,,,,,,,,,local_pdf_text,,1,,,,E-OBS-P0035-polarization-1-def231447ea334fa,regex:polarization,candidate_needs_review,review_queue,0.46,Candidate physical observation from PDF text; not yet human verified.
OBS-P0035-polarization-1-4beaf59f56586d84,P0035,,F0035,polarization,polarization,polarization/topology,chiral,,,,,,,,,local_pdf_text,,1,,,,E-OBS-P0035-polarization-1-4beaf59f56586d84,regex:polarization,candidate_needs_review,review_queue,0.46,Candidate physical observation from PDF text; not yet human verified.
OBS-P0035-polarization-1-df543e266da33837,P0035,,F0035,polarization,polarization,polarization/topology,chiral,,,,,,,,,local_pdf_text,,1,,,,E-OBS-P0035-polarization-1-df543e266da33837,regex:polarization,candidate_needs_review,review_queue,0.46,Candidate physical observation from PDF text; not yet human verified.
OBS-P0035-polarization-1-e2f5f718a2b68ed5,P0035,,F0035,polarization,polarization,polarization/topology,optical vortex,,,,,,,,,local_pdf_text,,1,,,,E-OBS-P0035-polarization-1-e2f5f718a2b68ed5,regex:polarization,candidate_needs_review,review_queue,0.46,Candidate physical observation from PDF text; not yet human verified.
OBS-P0035-polarization-1-35677bf06ba0dc30,P0035,,F0035,polarization,polarization,polarization/topology,optical vortex,,,,,,,,,local_pdf_text,,1,,,,E-OBS-P0035-polarization-1-35677bf06ba0dc30,regex:polarization,candidate_needs_review,review_queue,0.46,Candidate physical observation from PDF text; not yet human verified.
OBS-P0035-polarization-1-a244072f1783ebe6,P0035,,F0035,polarization,polarization,polarization/topology,chiral,,,,,,,,,local_pdf_text,,1,,,,E-OBS-P0035-polarization-1-a244072f1783ebe6,regex:polarization,candidate_needs_review,review_queue,0.46,Candidate physical observation from PDF text; not yet human verified.
OBS-P0035-polarization-1-c482a7fde3367c07,P0035,,F0035,polarization,polarization,polarization/topology,optical vortex,,,,,,,,,local_pdf_text,,1,,,,E-OBS-P0035-polarization-1-c482a7fde3367c07,regex:polarization,candidate_needs_review,review_queue,0.46,Candidate physical observation from PDF text; not yet human verified.
OBS-P0035-polarization-1-42b4c20c0321ec26,P0035,,F0035,polarization,polarization,polarization/topology,optical vortex,,,,,,,,,local_pdf_text,,1,,,,E-OBS-P0035-polarization-1-42b4c20c0321ec26,regex:polarization,candidate_needs_review,review_queue,0.46,Candidate physical observation from PDF text; not yet human verified.
OBS-P0035-material-2-f21a22c402e0eca5,P0035,,F0035,material,material,material,silicon,,,,,,,,,local_pdf_text,,2,,,,E-OBS-P0035-material-2-f21a22c402e0eca5,regex:material,candidate_needs_review,review_queue,0.42,Candidate physical observation from PDF text; not yet human verified.
OBS-P0035-material-2-6591f0707ddcbfc1,P0035,,F0035,material,material,material,silicon,,,,,,,,,local_pdf_text,,2,,,,E-OBS-P0035-material-2-6591f0707ddcbfc1,regex:material,candidate_needs_review,review_queue,0.42,Candidate physical observation from PDF text; not yet human verified.
OBS-P0035-k_space-2-590699ff33953a24,P0035,,F0035,kspace,k_space,k-space / momentum-space,Γ point,,,,,,,,,local_pdf_text,,2,,,,E-OBS-P0035-k_space-2-590699ff33953a24,regex:k_space,candidate_needs_review,review_queue,0.5,Candidate physical observation from PDF text; not yet human verified.
OBS-P0035-k_space-2-f86a9dd6813bdde1,P0035,,F0035,kspace,k_space,k-space / momentum-space,momentum-space,,,,,,,,,local_pdf_text,,2,,,,E-OBS-P0035-k_space-2-f86a9dd6813bdde1,regex:k_space,candidate_needs_review,review_queue,0.5,Candidate physical observation from PDF text; not yet human verified.
OBS-P0035-material-3-9c05b6bc595d8201,P0035,,F0035,material,material,material,sin,,,,,,,,,local_pdf_text,,3,,,,E-OBS-P0035-material-3-9c05b6bc595d8201,regex:material,candidate_needs_review,review_queue,0.42,Candidate physical observation from PDF text; not yet human verified.
OBS-P0035-k_space-3-c5142c73eef547e3,P0035,,F0035,kspace,k_space,k-space / momentum-space,Brillouin zone,,,,,,,,,local_pdf_text,,3,,,,E-OBS-P0035-k_space-3-c5142c73eef547e3,regex:k_space,candidate_needs_review,review_queue,0.5,Candidate physical observation from PDF text; not yet human verified.
OBS-P0035-k_space-3-96f07a3a82d224d5,P0035,,F0035,kspace,k_space,k-space / momentum-space,Γ point,,,,,,,,,local_pdf_text,,3,,,,E-OBS-P0035-k_space-3-96f07a3a82d224d5,regex:k_space,candidate_needs_review,review_queue,0.5,Candidate physical observation from PDF text; not yet human verified.
OBS-P0035-k_space-3-c0607b537fa168f6,P0035,,F0035,kspace,k_space,k-space / momentum-space,Γ point,,,,,,,,,local_pdf_text,,3,,,,E-OBS-P0035-k_space-3-c0607b537fa168f6,regex:k_space,candidate_needs_review,review_queue,0.5,Candidate physical observation from PDF text; not yet human verified.
OBS-P0035-q_factor-4-ee6c8efb58b06bb5,P0035,,F0035,resonance,q_factor,Q factor,3.1 × 103,3100.0,,,,,,3100.0,,local_pdf_text,,4,,,,E-OBS-P0035-q_factor-4-ee6c8efb58b06bb5,regex:q_factor,candidate_needs_review,review_queue,0.62,Candidate physical observation from PDF text; not yet human verified.
OBS-P0035-frequency-4-6ed2f8b3bdf17299,P0035,,F0035,resonance,frequency,resonance frequency,193.4,193.4,THz,,,,,,,local_pdf_text,,4,,,,E-OBS-P0035-frequency-4-6ed2f8b3bdf17299,regex:frequency,candidate_needs_review,review_queue,0.58,Candidate physical observation from PDF text; not yet human verified.
OBS-P0035-material-6-3804e9c6b217894b,P0035,,F0035,material,material,material,silicon,,,,,,,,,local_pdf_text,,6,,,,E-OBS-P0035-material-6-3804e9c6b217894b,regex:material,candidate_needs_review,review_queue,0.42,Candidate physical observation from PDF text; not yet human verified.
OBS-P0035-k_space-7-8327847720bc6a59,P0035,,F0035,kspace,k_space,k-space / momentum-space,"momentum
space",,,,,,,,,local_pdf_text,,7,,,,E-OBS-P0035-k_space-7-8327847720bc6a59,regex:k_space,candidate_needs_review,review_queue,0.5,Candidate physical observation from PDF text; not yet human verified.
OBS-P0036-polarization-1-8973265ee86e43f5,P0036,,F0036,polarization,polarization,polarization/topology,polarization,,,,,,,,,local_pdf_text,,1,,,,E-OBS-P0036-polarization-1-8973265ee86e43f5,regex:polarization,candidate_needs_review,review_queue,0.46,Candidate physical observation from PDF text; not yet human verified.
OBS-P0036-k_space-2-ea346afccaeb9676,P0036,,F0036,kspace,k_space,k-space / momentum-space,Brillouin zone,,,,,,,,,local_pdf_text,,2,,,,E-OBS-P0036-k_space-2-ea346afccaeb9676,regex:k_space,candidate_needs_review,review_queue,0.5,Candidate physical observation from PDF text; not yet human verified.
OBS-P0036-k_space-2-b32aa26117d6b3d2,P0036,,F0036,kspace,k_space,k-space / momentum-space,Γ point,,,,,,,,,local_pdf_text,,2,,,,E-OBS-P0036-k_space-2-b32aa26117d6b3d2,regex:k_space,candidate_needs_review,review_queue,0.5,Candidate physical observation from PDF text; not yet human verified.
OBS-P0036-polarization-2-baa9aea8465bedc8,P0036,,F0036,polarization,polarization,polarization/topology,polarization,,,,,,,,,local_pdf_text,,2,,,,E-OBS-P0036-polarization-2-baa9aea8465bedc8,regex:polarization,candidate_needs_review,review_queue,0.46,Candidate physical observation from PDF text; not yet human verified.
OBS-P0036-k_space-3-38b516ff8773e8fc,P0036,,F0036,kspace,k_space,k-space / momentum-space,Γ point,,,,,,,,,local_pdf_text,,3,,,,E-OBS-P0036-k_space-3-38b516ff8773e8fc,regex:k_space,candidate_needs_review,review_queue,0.5,Candidate physical observation from PDF text; not yet human verified.
OBS-P0036-k_space-3-19fbc8326a754300,P0036,,F0036,kspace,k_space,k-space / momentum-space,Γ point,,,,,,,,,local_pdf_text,,3,,,,E-OBS-P0036-k_space-3-19fbc8326a754300,regex:k_space,candidate_needs_review,review_queue,0.5,Candidate physical observation from PDF text; not yet human verified.
OBS-P0036-band_structure-3-0dd2668b8e393c2f,P0036,,F0036,band,band_structure,band structure,band structure,,,,,,,,,local_pdf_text,,3,,,,E-OBS-P0036-band_structure-3-0dd2668b8e393c2f,regex:band_structure,candidate_needs_review,review_queue,0.48,Candidate physical observation from PDF text; not yet human verified.
OBS-P0036-band_structure-4-97f0612dd96b0e83,P0036,,F0036,band,band_structure,band structure,dispersion,,,,,,,,,local_pdf_text,,4,,,,E-OBS-P0036-band_structure-4-97f0612dd96b0e83,regex:band_structure,candidate_needs_review,review_queue,0.48,Candidate physical observation from PDF text; not yet human verified.
OBS-P0036-band_structure-4-77e1babe1db26082,P0036,,F0036,band,band_structure,band structure,dispersion,,,,,,,,,local_pdf_text,,4,,,,E-OBS-P0036-band_structure-4-77e1babe1db26082,regex:band_structure,candidate_needs_review,review_queue,0.48,Candidate physical observation from PDF text; not yet human verified.
OBS-P0036-k_space-5-33ff5bf787953de4,P0036,,F0036,kspace,k_space,k-space / momentum-space,momentum space,,,,,,,,,local_pdf_text,,5,,,,E-OBS-P0036-k_space-5-33ff5bf787953de4,regex:k_space,candidate_needs_review,review_queue,0.5,Candidate physical observation from PDF text; not yet human verified.
OBS-P0036-k_space-6-2580c4f3635885fe,P0036,,F0036,kspace,k_space,k-space / momentum-space,momentum space,,,,,,,,,local_pdf_text,,6,,,,E-OBS-P0036-k_space-6-2580c4f3635885fe,regex:k_space,candidate_needs_review,review_queue,0.5,Candidate physical observation from PDF text; not yet human verified.
OBS-P0036-k_space-6-faea709c736066ab,P0036,,F0036,kspace,k_space,k-space / momentum-space,topological charge,,,,,,,,,local_pdf_text,,6,,,,E-OBS-P0036-k_space-6-faea709c736066ab,regex:k_space,candidate_needs_review,review_queue,0.5,Candidate physical observation from PDF text; not yet human verified.
OBS-P0036-k_space-6-dbf80fcefc9cdf8f,P0036,,F0036,kspace,k_space,k-space / momentum-space,momentum space,,,,,,,,,local_pdf_text,,6,,,,E-OBS-P0036-k_space-6-dbf80fcefc9cdf8f,regex:k_space,candidate_needs_review,review_queue,0.5,Candidate physical observation from PDF text; not yet human verified.
OBS-P0036-polarization-6-f8e033c44f956b98,P0036,,F0036,polarization,polarization,polarization/topology,polarization,,,,,,,,,local_pdf_text,,6,,,,E-OBS-P0036-polarization-6-f8e033c44f956b98,regex:polarization,candidate_needs_review,review_queue,0.46,Candidate physical observation from PDF text; not yet human verified.
OBS-P0036-polarization-6-faea709c736066ab,P0036,,F0036,polarization,polarization,polarization/topology,topological charge,,,,,,,,,local_pdf_text,,6,,,,E-OBS-P0036-polarization-6-faea709c736066ab,regex:polarization,candidate_needs_review,review_queue,0.46,Candidate physical observation from PDF text; not yet human verified.
OBS-P0036-radius-7-05bf73d337e201f6,P0036,,F0036,structure,radius,radius,200,200.0,nm,,,200.0,,,,local_pdf_text,,7,,,,E-OBS-P0036-radius-7-05bf73d337e201f6,regex:radius,candidate_needs_review,review_queue,0.48,Candidate physical observation from PDF text; not yet human verified.
OBS-P0036-band_structure-7-39bac69957d7dabb,P0036,,F0036,band,band_structure,band structure,dispersion,,,,,,,,,local_pdf_text,,7,,,,E-OBS-P0036-band_structure-7-39bac69957d7dabb,regex:band_structure,candidate_needs_review,review_queue,0.48,Candidate physical observation from PDF text; not yet human verified.
OBS-P0036-band_structure-7-6958d4b6a1bf3fed,P0036,,F0036,band,band_structure,band structure,dispersion,,,,,,,,,local_pdf_text,,7,,,,E-OBS-P0036-band_structure-7-6958d4b6a1bf3fed,regex:band_structure,candidate_needs_review,review_queue,0.48,Candidate physical observation from PDF text; not yet human verified.
OBS-P0036-polarization-7-dc136472f17d88fe,P0036,,F0036,polarization,polarization,polarization/topology,polarization,,,,,,,,,local_pdf_text,,7,,,,E-OBS-P0036-polarization-7-dc136472f17d88fe,regex:polarization,candidate_needs_review,review_queue,0.46,Candidate physical observation from PDF text; not yet human verified.
OBS-P0036-polarization-8-d6ba3d40c93ed80e,P0036,,F0036,polarization,polarization,polarization/topology,polarization,,,,,,,,,local_pdf_text,,8,,,,E-OBS-P0036-polarization-8-d6ba3d40c93ed80e,regex:polarization,candidate_needs_review,review_queue,0.46,Candidate physical observation from PDF text; not yet human verified.
OBS-P0037-wavelength-2-13ea17f82836bce4,P0037,,F0037,resonance,wavelength,resonance wavelength,1500,1500.0,nm,,,1500.0,,,,local_pdf_text,,2,,,,E-OBS-P0037-wavelength-2-13ea17f82836bce4,regex:wavelength,candidate_needs_review,review_queue,0.6,Candidate physical observation from PDF text; not yet human verified.
OBS-P0037-wavelength-3-7da12a0956c6d24b,P0037,,F0037,resonance,wavelength,resonance wavelength,1513,1513.0,nm,,,1513.0,,,,local_pdf_text,,3,,,,E-OBS-P0037-wavelength-3-7da12a0956c6d24b,regex:wavelength,candidate_needs_review,review_queue,0.6,Candidate physical observation from PDF text; not yet human verified.
OBS-P0037-spectrum-3-484149049c334c52,P0037,,F0037,spectrum,spectrum,spectrum,photoluminescence,,,,,,,,,local_pdf_text,,3,,,,E-OBS-P0037-spectrum-3-484149049c334c52,regex:spectrum,candidate_needs_review,review_queue,0.48,Candidate physical observation from PDF text; not yet human verified.
OBS-P0037-wavelength-4-72567f9a43bbf29c,P0037,,F0037,resonance,wavelength,resonance wavelength,1513,1513.0,nm,,,1513.0,,,,local_pdf_text,,4,,,,E-OBS-P0037-wavelength-4-72567f9a43bbf29c,regex:wavelength,candidate_needs_review,review_queue,0.6,Candidate physical observation from PDF text; not yet human verified.
OBS-P0038-material-1-96fbaac5cf7364e6,P0038,,F0038,material,material,material,sin,,,,,,,,,local_pdf_text,,1,,,,E-OBS-P0038-material-1-96fbaac5cf7364e6,regex:material,candidate_needs_review,review_queue,0.42,Candidate physical observation from PDF text; not yet human verified.
OBS-P0038-k_space-1-b951e3acb7270507,P0038,,F0038,kspace,k_space,k-space / momentum-space,momentum space,,,,,,,,,local_pdf_text,,1,,,,E-OBS-P0038-k_space-1-b951e3acb7270507,regex:k_space,candidate_needs_review,review_queue,0.5,Candidate physical observation from PDF text; not yet human verified.
OBS-P0038-k_space-1-99ec3360c329dd20,P0038,,F0038,kspace,k_space,k-space / momentum-space,momentum space,,,,,,,,,local_pdf_text,,1,,,,E-OBS-P0038-k_space-1-99ec3360c329dd20,regex:k_space,candidate_needs_review,review_queue,0.5,Candidate physical observation from PDF text; not yet human verified.
OBS-P0038-band_structure-1-76b1cd5ba1e6b322,P0038,,F0038,band,band_structure,band structure,band structure,,,,,,,,,local_pdf_text,,1,,,,E-OBS-P0038-band_structure-1-76b1cd5ba1e6b322,regex:band_structure,candidate_needs_review,review_queue,0.48,Candidate physical observation from PDF text; not yet human verified.
OBS-P0038-band_structure-1-fca05fffcb2f8bdf,P0038,,F0038,band,band_structure,band structure,dispersion,,,,,,,,,local_pdf_text,,1,,,,E-OBS-P0038-band_structure-1-fca05fffcb2f8bdf,regex:band_structure,candidate_needs_review,review_queue,0.48,Candidate physical observation from PDF text; not yet human verified.
OBS-P0038-band_structure-1-11ddc20d76469c9d,P0038,,F0038,band,band_structure,band structure,Band structure,,,,,,,,,local_pdf_text,,1,,,,E-OBS-P0038-band_structure-1-11ddc20d76469c9d,regex:band_structure,candidate_needs_review,review_queue,0.48,Candidate physical observation from PDF text; not yet human verified.
OBS-P0038-spectrum-1-08a0c239b4f1efdf,P0038,,F0038,spectrum,spectrum,spectrum,far-field,,,,,,,,,local_pdf_text,,1,,,,E-OBS-P0038-spectrum-1-08a0c239b4f1efdf,regex:spectrum,candidate_needs_review,review_queue,0.48,Candidate physical observation from PDF text; not yet human verified.
OBS-P0038-spectrum-1-bb209d8044e0ca01,P0038,,F0038,spectrum,spectrum,spectrum,far-field,,,,,,,,,local_pdf_text,,1,,,,E-OBS-P0038-spectrum-1-bb209d8044e0ca01,regex:spectrum,candidate_needs_review,review_queue,0.48,Candidate physical observation from PDF text; not yet human verified.
OBS-P0038-spectrum-1-47f8dbd8e87d499a,P0038,,F0038,spectrum,spectrum,spectrum,far-field,,,,,,,,,local_pdf_text,,1,,,,E-OBS-P0038-spectrum-1-47f8dbd8e87d499a,regex:spectrum,candidate_needs_review,review_queue,0.48,Candidate physical observation from PDF text; not yet human verified.
OBS-P0038-polarization-1-fb43c3eab3bba070,P0038,,F0038,polarization,polarization,polarization/topology,polarization,,,,,,,,,local_pdf_text,,1,,,,E-OBS-P0038-polarization-1-fb43c3eab3bba070,regex:polarization,candidate_needs_review,review_queue,0.46,Candidate physical observation from PDF text; not yet human verified.
OBS-P0038-polarization-1-d21c6ed8b6eaf8ca,P0038,,F0038,polarization,polarization,polarization/topology,polarization,,,,,,,,,local_pdf_text,,1,,,,E-OBS-P0038-polarization-1-d21c6ed8b6eaf8ca,regex:polarization,candidate_needs_review,review_queue,0.46,Candidate physical observation from PDF text; not yet human verified.
OBS-P0038-polarization-1-709bdd2849379b4b,P0038,,F0038,polarization,polarization,polarization/topology,polarization,,,,,,,,,local_pdf_text,,1,,,,E-OBS-P0038-polarization-1-709bdd2849379b4b,regex:polarization,candidate_needs_review,review_queue,0.46,Candidate physical observation from PDF text; not yet human verified.
OBS-P0038-polarization-1-ad656cdaea17138d,P0038,,F0038,polarization,polarization,polarization/topology,polarization,,,,,,,,,local_pdf_text,,1,,,,E-OBS-P0038-polarization-1-ad656cdaea17138d,regex:polarization,candidate_needs_review,review_queue,0.46,Candidate physical observation from PDF text; not yet human verified.
OBS-P0038-polarization-1-4dfd2cec89da593b,P0038,,F0038,polarization,polarization,polarization/topology,polarization,,,,,,,,,local_pdf_text,,1,,,,E-OBS-P0038-polarization-1-4dfd2cec89da593b,regex:polarization,candidate_needs_review,review_queue,0.46,Candidate physical observation from PDF text; not yet human verified.
OBS-P0038-material-2-1c4e5f04757dbb7a,P0038,,F0038,material,material,material,dielectric,,,,,,,,,local_pdf_text,,2,,,,E-OBS-P0038-material-2-1c4e5f04757dbb7a,regex:material,candidate_needs_review,review_queue,0.42,Candidate physical observation from PDF text; not yet human verified.
OBS-P0038-material-2-2e8172d380b37f8a,P0038,,F0038,material,material,material,Si3N4,34.0,,,,,,,,local_pdf_text,,2,,,,E-OBS-P0038-material-2-2e8172d380b37f8a,regex:material,candidate_needs_review,review_queue,0.42,Candidate physical observation from PDF text; not yet human verified.
OBS-P0038-material-2-20ebe53bb671a97a,P0038,,F0038,material,material,material,silica,,,,,,,,,local_pdf_text,,2,,,,E-OBS-P0038-material-2-20ebe53bb671a97a,regex:material,candidate_needs_review,review_queue,0.42,Candidate physical observation from PDF text; not yet human verified.
OBS-P0038-material-2-5f17cfebb2998700,P0038,,F0038,material,material,material,silica,,,,,,,,,local_pdf_text,,2,,,,E-OBS-P0038-material-2-5f17cfebb2998700,regex:material,candidate_needs_review,review_queue,0.42,Candidate physical observation from PDF text; not yet human verified.
OBS-P0038-k_space-2-412fe043263483c9,P0038,,F0038,kspace,k_space,k-space / momentum-space,Brillouin zone,,,,,,,,,local_pdf_text,,2,,,,E-OBS-P0038-k_space-2-412fe043263483c9,regex:k_space,candidate_needs_review,review_queue,0.5,Candidate physical observation from PDF text; not yet human verified.
OBS-P0038-k_space-2-cfe1b225c737719f,P0038,,F0038,kspace,k_space,k-space / momentum-space,momentum space,,,,,,,,,local_pdf_text,,2,,,,E-OBS-P0038-k_space-2-cfe1b225c737719f,regex:k_space,candidate_needs_review,review_queue,0.5,Candidate physical observation from PDF text; not yet human verified.
OBS-P0038-band_structure-2-0f7a59f6e73c46fa,P0038,,F0038,band,band_structure,band structure,dispersion,,,,,,,,,local_pdf_text,,2,,,,E-OBS-P0038-band_structure-2-0f7a59f6e73c46fa,regex:band_structure,candidate_needs_review,review_queue,0.48,Candidate physical observation from PDF text; not yet human verified.
OBS-P0038-band_structure-2-a8d8f57b80a36381,P0038,,F0038,band,band_structure,band structure,dispersion,,,,,,,,,local_pdf_text,,2,,,,E-OBS-P0038-band_structure-2-a8d8f57b80a36381,regex:band_structure,candidate_needs_review,review_queue,0.48,Candidate physical observation from PDF text; not yet human verified.
OBS-P0038-band_structure-2-e24ddc2feefb92a1,P0038,,F0038,band,band_structure,band structure,band structure,,,,,,,,,local_pdf_text,,2,,,,E-OBS-P0038-band_structure-2-e24ddc2feefb92a1,regex:band_structure,candidate_needs_review,review_queue,0.48,Candidate physical observation from PDF text; not yet human verified.
OBS-P0038-band_structure-2-8fb415abc78c90f9,P0038,,F0038,band,band_structure,band structure,dispersion,,,,,,,,,local_pdf_text,,2,,,,E-OBS-P0038-band_structure-2-8fb415abc78c90f9,regex:band_structure,candidate_needs_review,review_queue,0.48,Candidate physical observation from PDF text; not yet human verified.
OBS-P0038-band_structure-2-3793fbeab2a3d6e2,P0038,,F0038,band,band_structure,band structure,band structure,,,,,,,,,local_pdf_text,,2,,,,E-OBS-P0038-band_structure-2-3793fbeab2a3d6e2,regex:band_structure,candidate_needs_review,review_queue,0.48,Candidate physical observation from PDF text; not yet human verified.
OBS-P0038-polarization-2-66f8f05d8b23e5c6,P0038,,F0038,polarization,polarization,polarization/topology,polarization,,,,,,,,,local_pdf_text,,2,,,,E-OBS-P0038-polarization-2-66f8f05d8b23e5c6,regex:polarization,candidate_needs_review,review_queue,0.46,Candidate physical observation from PDF text; not yet human verified.
OBS-P0038-polarization-2-e85e8d872f886d5b,P0038,,F0038,polarization,polarization,polarization/topology,polarization,,,,,,,,,local_pdf_text,,2,,,,E-OBS-P0038-polarization-2-e85e8d872f886d5b,regex:polarization,candidate_needs_review,review_queue,0.46,Candidate physical observation from PDF text; not yet human verified.
OBS-P0038-polarization-2-0f6942ed7996316a,P0038,,F0038,polarization,polarization,polarization/topology,polarization,,,,,,,,,local_pdf_text,,2,,,,E-OBS-P0038-polarization-2-0f6942ed7996316a,regex:polarization,candidate_needs_review,review_queue,0.46,Candidate physical observation from PDF text; not yet human verified.
OBS-P0038-k_space-3-8732c38f9a5fce41,P0038,,F0038,kspace,k_space,k-space / momentum-space,topological charge,,,,,,,,,local_pdf_text,,3,,,,E-OBS-P0038-k_space-3-8732c38f9a5fce41,regex:k_space,candidate_needs_review,review_queue,0.5,Candidate physical observation from PDF text; not yet human verified.
OBS-P0038-k_space-3-4adcbc85fbee08f0,P0038,,F0038,kspace,k_space,k-space / momentum-space,topological charge,,,,,,,,,local_pdf_text,,3,,,,E-OBS-P0038-k_space-3-4adcbc85fbee08f0,regex:k_space,candidate_needs_review,review_queue,0.5,Candidate physical observation from PDF text; not yet human verified.
OBS-P0038-k_space-3-04f4ec82b7311d9b,P0038,,F0038,kspace,k_space,k-space / momentum-space,topological charge,,,,,,,,,local_pdf_text,,3,,,,E-OBS-P0038-k_space-3-04f4ec82b7311d9b,regex:k_space,candidate_needs_review,review_queue,0.5,Candidate physical observation from PDF text; not yet human verified.
OBS-P0038-k_space-3-2f13975c385d4958,P0038,,F0038,kspace,k_space,k-space / momentum-space,momentum space,,,,,,,,,local_pdf_text,,3,,,,E-OBS-P0038-k_space-3-2f13975c385d4958,regex:k_space,candidate_needs_review,review_queue,0.5,Candidate physical observation from PDF text; not yet human verified.
OBS-P0038-spectrum-3-8a8e709b7ec3d300,P0038,,F0038,spectrum,spectrum,spectrum,far-field,,,,,,,,,local_pdf_text,,3,,,,E-OBS-P0038-spectrum-3-8a8e709b7ec3d300,regex:spectrum,candidate_needs_review,review_queue,0.48,Candidate physical observation from PDF text; not yet human verified.
OBS-P0038-spectrum-3-92f2f165eec0620e,P0038,,F0038,spectrum,spectrum,spectrum,far field,,,,,,,,,local_pdf_text,,3,,,,E-OBS-P0038-spectrum-3-92f2f165eec0620e,regex:spectrum,candidate_needs_review,review_queue,0.48,Candidate physical observation from PDF text; not yet human verified.
OBS-P0038-spectrum-3-c21e126376b88e4f,P0038,,F0038,spectrum,spectrum,spectrum,far-field,,,,,,,,,local_pdf_text,,3,,,,E-OBS-P0038-spectrum-3-c21e126376b88e4f,regex:spectrum,candidate_needs_review,review_queue,0.48,Candidate physical observation from PDF text; not yet human verified.
OBS-P0038-spectrum-3-f606948a33c79497,P0038,,F0038,spectrum,spectrum,spectrum,far-field,,,,,,,,,local_pdf_text,,3,,,,E-OBS-P0038-spectrum-3-f606948a33c79497,regex:spectrum,candidate_needs_review,review_queue,0.48,Candidate physical observation from PDF text; not yet human verified.
OBS-P0038-spectrum-4-bbaf85b05d6d155f,P0038,,F0038,spectrum,spectrum,spectrum,far-field,,,,,,,,,local_pdf_text,,4,,,,E-OBS-P0038-spectrum-4-bbaf85b05d6d155f,regex:spectrum,candidate_needs_review,review_queue,0.48,Candidate physical observation from PDF text; not yet human verified.
OBS-P0039-material-2-acd1b84fc384f706,P0039,,F0039,material,material,material,perovskite,,,,,,,,,local_pdf_text,,2,,,,E-OBS-P0039-material-2-acd1b84fc384f706,regex:material,candidate_needs_review,review_queue,0.42,Candidate physical observation from PDF text; not yet human verified.
OBS-P0039-material-2-7eb94490f1321dbe,P0039,,F0039,material,material,material,perovskite,,,,,,,,,local_pdf_text,,2,,,,E-OBS-P0039-material-2-7eb94490f1321dbe,regex:material,candidate_needs_review,review_queue,0.42,Candidate physical observation from PDF text; not yet human verified.
OBS-P0039-material-2-894ffc7903137f64,P0039,,F0039,material,material,material,perovskite,,,,,,,,,local_pdf_text,,2,,,,E-OBS-P0039-material-2-894ffc7903137f64,regex:material,candidate_needs_review,review_queue,0.42,Candidate physical observation from PDF text; not yet human verified.
OBS-P0039-material-2-0f48e841ca115aaf,P0039,,F0039,material,material,material,perovskite,,,,,,,,,local_pdf_text,,2,,,,E-OBS-P0039-material-2-0f48e841ca115aaf,regex:material,candidate_needs_review,review_queue,0.42,Candidate physical observation from PDF text; not yet human verified.
OBS-P0039-material-2-8cb2a22e1008703f,P0039,,F0039,material,material,material,perovskite,,,,,,,,,local_pdf_text,,2,,,,E-OBS-P0039-material-2-8cb2a22e1008703f,regex:material,candidate_needs_review,review_queue,0.42,Candidate physical observation from PDF text; not yet human verified.
OBS-P0039-material-3-ac399a49617ccf20,P0039,,F0039,material,material,material,perovskite,,,,,,,,,local_pdf_text,,3,,,,E-OBS-P0039-material-3-ac399a49617ccf20,regex:material,candidate_needs_review,review_queue,0.42,Candidate physical observation from PDF text; not yet human verified.
OBS-P0039-material-3-f4e3912fe51bd98b,P0039,,F0039,material,material,material,perovskite,,,,,,,,,local_pdf_text,,3,,,,E-OBS-P0039-material-3-f4e3912fe51bd98b,regex:material,candidate_needs_review,review_queue,0.42,Candidate physical observation from PDF text; not yet human verified.
OBS-P0039-material-3-3d00e18c5937d564,P0039,,F0039,material,material,material,perovskite,,,,,,,,,local_pdf_text,,3,,,,E-OBS-P0039-material-3-3d00e18c5937d564,regex:material,candidate_needs_review,review_queue,0.42,Candidate physical observation from PDF text; not yet human verified.
OBS-P0039-band_structure-4-cf2a2a0bf604faa5,P0039,,F0039,band,band_structure,band structure,band structure,,,,,,,,,local_pdf_text,,4,,,,E-OBS-P0039-band_structure-4-cf2a2a0bf604faa5,regex:band_structure,candidate_needs_review,review_queue,0.48,Candidate physical observation from PDF text; not yet human verified.
OBS-P0039-band_structure-4-3896281b50815dbf,P0039,,F0039,band,band_structure,band structure,band structure,,,,,,,,,local_pdf_text,,4,,,,E-OBS-P0039-band_structure-4-3896281b50815dbf,regex:band_structure,candidate_needs_review,review_queue,0.48,Candidate physical observation from PDF text; not yet human verified.
OBS-P0039-polarization-5-14c224aae91aa490,P0039,,F0039,polarization,polarization,polarization/topology,polarization,,,,,,,,,local_pdf_text,,5,,,,E-OBS-P0039-polarization-5-14c224aae91aa490,regex:polarization,candidate_needs_review,review_queue,0.46,Candidate physical observation from PDF text; not yet human verified.
OBS-P0039-polarization-5-f158676e016359a6,P0039,,F0039,polarization,polarization,polarization/topology,polarization,,,,,,,,,local_pdf_text,,5,,,,E-OBS-P0039-polarization-5-f158676e016359a6,regex:polarization,candidate_needs_review,review_queue,0.46,Candidate physical observation from PDF text; not yet human verified.
OBS-P0039-k_space-7-d8e0e94b094a87c4,P0039,,F0039,kspace,k_space,k-space / momentum-space,momentum space,,,,,,,,,local_pdf_text,,7,,,,E-OBS-P0039-k_space-7-d8e0e94b094a87c4,regex:k_space,candidate_needs_review,review_queue,0.5,Candidate physical observation from PDF text; not yet human verified.
OBS-P0039-k_space-7-60cf5c8a6c88b40d,P0039,,F0039,kspace,k_space,k-space / momentum-space,topological charge,,,,,,,,,local_pdf_text,,7,,,,E-OBS-P0039-k_space-7-60cf5c8a6c88b40d,regex:k_space,candidate_needs_review,review_queue,0.5,Candidate physical observation from PDF text; not yet human verified.
OBS-P0039-k_space-7-bff01f338b7a4fd5,P0039,,F0039,kspace,k_space,k-space / momentum-space,momentum space,,,,,,,,,local_pdf_text,,7,,,,E-OBS-P0039-k_space-7-bff01f338b7a4fd5,regex:k_space,candidate_needs_review,review_queue,0.5,Candidate physical observation from PDF text; not yet human verified.
OBS-P0039-k_space-7-4fd989aa5de2987f,P0039,,F0039,kspace,k_space,k-space / momentum-space,topological charge,,,,,,,,,local_pdf_text,,7,,,,E-OBS-P0039-k_space-7-4fd989aa5de2987f,regex:k_space,candidate_needs_review,review_queue,0.5,Candidate physical observation from PDF text; not yet human verified.
OBS-P0039-spectrum-7-279b207634eaab2d,P0039,,F0039,spectrum,spectrum,spectrum,far-field,,,,,,,,,local_pdf_text,,7,,,,E-OBS-P0039-spectrum-7-279b207634eaab2d,regex:spectrum,candidate_needs_review,review_queue,0.48,Candidate physical observation from PDF text; not yet human verified.
OBS-P0039-spectrum-7-53891f5c21bb3742,P0039,,F0039,spectrum,spectrum,spectrum,far-field,,,,,,,,,local_pdf_text,,7,,,,E-OBS-P0039-spectrum-7-53891f5c21bb3742,regex:spectrum,candidate_needs_review,review_queue,0.48,Candidate physical observation from PDF text; not yet human verified.
OBS-P0039-polarization-7-60cf5c8a6c88b40d,P0039,,F0039,polarization,polarization,polarization/topology,topological charge,,,,,,,,,local_pdf_text,,7,,,,E-OBS-P0039-polarization-7-60cf5c8a6c88b40d,regex:polarization,candidate_needs_review,review_queue,0.46,Candidate physical observation from PDF text; not yet human verified.
OBS-P0039-polarization-7-050fa8db0b1bf454,P0039,,F0039,polarization,polarization,polarization/topology,polarization,,,,,,,,,local_pdf_text,,7,,,,E-OBS-P0039-polarization-7-050fa8db0b1bf454,regex:polarization,candidate_needs_review,review_queue,0.46,Candidate physical observation from PDF text; not yet human verified.
OBS-P0039-polarization-7-57293b4ed4db1249,P0039,,F0039,polarization,polarization,polarization/topology,polarization,,,,,,,,,local_pdf_text,,7,,,,E-OBS-P0039-polarization-7-57293b4ed4db1249,regex:polarization,candidate_needs_review,review_queue,0.46,Candidate physical observation from PDF text; not yet human verified.
OBS-P0039-polarization-7-4fd989aa5de2987f,P0039,,F0039,polarization,polarization,polarization/topology,topological charge,,,,,,,,,local_pdf_text,,7,,,,E-OBS-P0039-polarization-7-4fd989aa5de2987f,regex:polarization,candidate_needs_review,review_queue,0.46,Candidate physical observation from PDF text; not yet human verified.
OBS-P0039-q_factor-8-f9e655cd53da0750,P0039,,F0039,resonance,q_factor,Q factor,1,1.0,,,,,,1.0,,local_pdf_text,,8,,,,E-OBS-P0039-q_factor-8-f9e655cd53da0750,regex:q_factor,candidate_needs_review,review_queue,0.62,Candidate physical observation from PDF text; not yet human verified.
OBS-P0039-k_space-8-bf17738c7a7a0588,P0039,,F0039,kspace,k_space,k-space / momentum-space,topological charge,,,,,,,,,local_pdf_text,,8,,,,E-OBS-P0039-k_space-8-bf17738c7a7a0588,regex:k_space,candidate_needs_review,review_queue,0.5,Candidate physical observation from PDF text; not yet human verified.
OBS-P0039-k_space-8-d2f76dfd96cf5423,P0039,,F0039,kspace,k_space,k-space / momentum-space,topological charge,,,,,,,,,local_pdf_text,,8,,,,E-OBS-P0039-k_space-8-d2f76dfd96cf5423,regex:k_space,candidate_needs_review,review_queue,0.5,Candidate physical observation from PDF text; not yet human verified.
OBS-P0039-k_space-8-627faa9f3d366a36,P0039,,F0039,kspace,k_space,k-space / momentum-space,momentum space,,,,,,,,,local_pdf_text,,8,,,,E-OBS-P0039-k_space-8-627faa9f3d366a36,regex:k_space,candidate_needs_review,review_queue,0.5,Candidate physical observation from PDF text; not yet human verified.
OBS-P0039-k_space-8-70f3e338bef03c94,P0039,,F0039,kspace,k_space,k-space / momentum-space,Gamma point,,,,,,,,,local_pdf_text,,8,,,,E-OBS-P0039-k_space-8-70f3e338bef03c94,regex:k_space,candidate_needs_review,review_queue,0.5,Candidate physical observation from PDF text; not yet human verified.
OBS-P0039-spectrum-8-3ca658fed00d637d,P0039,,F0039,spectrum,spectrum,spectrum,far-field,,,,,,,,,local_pdf_text,,8,,,,E-OBS-P0039-spectrum-8-3ca658fed00d637d,regex:spectrum,candidate_needs_review,review_queue,0.48,Candidate physical observation from PDF text; not yet human verified.
OBS-P0039-polarization-8-bf17738c7a7a0588,P0039,,F0039,polarization,polarization,polarization/topology,topological charge,,,,,,,,,local_pdf_text,,8,,,,E-OBS-P0039-polarization-8-bf17738c7a7a0588,regex:polarization,candidate_needs_review,review_queue,0.46,Candidate physical observation from PDF text; not yet human verified.
OBS-P0039-polarization-8-d2f76dfd96cf5423,P0039,,F0039,polarization,polarization,polarization/topology,topological charge,,,,,,,,,local_pdf_text,,8,,,,E-OBS-P0039-polarization-8-d2f76dfd96cf5423,regex:polarization,candidate_needs_review,review_queue,0.46,Candidate physical observation from PDF text; not yet human verified.
OBS-P0040-polarization-1-07067667831aef4d,P0040,,F0040,polarization,polarization,polarization/topology,Chiral,,,,,,,,,local_pdf_text,,1,,,,E-OBS-P0040-polarization-1-07067667831aef4d,regex:polarization,candidate_needs_review,review_queue,0.46,Candidate physical observation from PDF text; not yet human verified.
OBS-P0040-material-2-57e9c675bca4322d,P0040,,F0040,material,material,material,TiO2,2.0,,,,,,,,local_pdf_text,,2,,,,E-OBS-P0040-material-2-57e9c675bca4322d,regex:material,candidate_needs_review,review_queue,0.42,Candidate physical observation from PDF text; not yet human verified.
OBS-P0040-material-2-86a9556ad672985c,P0040,,F0040,material,material,material,TiO2,2.0,,,,,,,,local_pdf_text,,2,,,,E-OBS-P0040-material-2-86a9556ad672985c,regex:material,candidate_needs_review,review_queue,0.42,Candidate physical observation from PDF text; not yet human verified.
OBS-P0040-spectrum-2-7fc947d30ecc1c1c,P0040,,F0040,spectrum,spectrum,spectrum,transmittance,,,,,,,,,local_pdf_text,,2,,,,E-OBS-P0040-spectrum-2-7fc947d30ecc1c1c,regex:spectrum,candidate_needs_review,review_queue,0.48,Candidate physical observation from PDF text; not yet human verified.
OBS-P0040-polarization-2-ae0b722070a571b9,P0040,,F0040,polarization,polarization,polarization/topology,circular dichroism,,,,,,,,,local_pdf_text,,2,,,,E-OBS-P0040-polarization-2-ae0b722070a571b9,regex:polarization,candidate_needs_review,review_queue,0.46,Candidate physical observation from PDF text; not yet human verified.
OBS-P0040-polarization-2-0d0744c4c80422c9,P0040,,F0040,polarization,polarization,polarization/topology,polarization,,,,,,,,,local_pdf_text,,2,,,,E-OBS-P0040-polarization-2-0d0744c4c80422c9,regex:polarization,candidate_needs_review,review_queue,0.46,Candidate physical observation from PDF text; not yet human verified.
OBS-P0040-polarization-2-eea090e93b48d1e5,P0040,,F0040,polarization,polarization,polarization/topology,polarization,,,,,,,,,local_pdf_text,,2,,,,E-OBS-P0040-polarization-2-eea090e93b48d1e5,regex:polarization,candidate_needs_review,review_queue,0.46,Candidate physical observation from PDF text; not yet human verified.
OBS-P0040-polarization-2-9d58e06c4cdd771a,P0040,,F0040,polarization,polarization,polarization/topology,chiral,,,,,,,,,local_pdf_text,,2,,,,E-OBS-P0040-polarization-2-9d58e06c4cdd771a,regex:polarization,candidate_needs_review,review_queue,0.46,Candidate physical observation from PDF text; not yet human verified.
OBS-P0040-polarization-2-0a97829593171c84,P0040,,F0040,polarization,polarization,polarization/topology,chiral,,,,,,,,,local_pdf_text,,2,,,,E-OBS-P0040-polarization-2-0a97829593171c84,regex:polarization,candidate_needs_review,review_queue,0.46,Candidate physical observation from PDF text; not yet human verified.
OBS-P0040-diameter-3-2199b95e02f113db,P0040,,F0040,structure,diameter,diameter,30,30.0,μm,,,30000.0,,,,local_pdf_text,,3,,,,E-OBS-P0040-diameter-3-2199b95e02f113db,regex:diameter,candidate_needs_review,review_queue,0.45,Candidate physical observation from PDF text; not yet human verified.
OBS-P0040-material-3-e606142e6f97488f,P0040,,F0040,material,material,material,TiO2,2.0,,,,,,,,local_pdf_text,,3,,,,E-OBS-P0040-material-3-e606142e6f97488f,regex:material,candidate_needs_review,review_queue,0.42,Candidate physical observation from PDF text; not yet human verified.
OBS-P0040-material-3-8ec1c7cadf951887,P0040,,F0040,material,material,material,TiO2,2.0,,,,,,,,local_pdf_text,,3,,,,E-OBS-P0040-material-3-8ec1c7cadf951887,regex:material,candidate_needs_review,review_queue,0.42,Candidate physical observation from PDF text; not yet human verified.
OBS-P0040-material-3-a97292db9e948b48,P0040,,F0040,material,material,material,TiO2,2.0,,,,,,,,local_pdf_text,,3,,,,E-OBS-P0040-material-3-a97292db9e948b48,regex:material,candidate_needs_review,review_queue,0.42,Candidate physical observation from PDF text; not yet human verified.
OBS-P0040-material-3-5aa8432fa23efbd9,P0040,,F0040,material,material,material,TiO2,2.0,,,,,,,,local_pdf_text,,3,,,,E-OBS-P0040-material-3-5aa8432fa23efbd9,regex:material,candidate_needs_review,review_queue,0.42,Candidate physical observation from PDF text; not yet human verified.
OBS-P0040-spectrum-3-d24f890fda740bab,P0040,,F0040,spectrum,spectrum,spectrum,photoluminescence,,,,,,,,,local_pdf_text,,3,,,,E-OBS-P0040-spectrum-3-d24f890fda740bab,regex:spectrum,candidate_needs_review,review_queue,0.48,Candidate physical observation from PDF text; not yet human verified.
OBS-P0040-spectrum-3-5d71318530036ad1,P0040,,F0040,spectrum,spectrum,spectrum,transmission spectrum,,,,,,,,,local_pdf_text,,3,,,,E-OBS-P0040-spectrum-3-5d71318530036ad1,regex:spectrum,candidate_needs_review,review_queue,0.48,Candidate physical observation from PDF text; not yet human verified.
OBS-P0040-polarization-3-1df0aaccecb03cae,P0040,,F0040,polarization,polarization,polarization/topology,polarization,,,,,,,,,local_pdf_text,,3,,,,E-OBS-P0040-polarization-3-1df0aaccecb03cae,regex:polarization,candidate_needs_review,review_queue,0.46,Candidate physical observation from PDF text; not yet human verified.
OBS-P0040-material-4-ef77215601bf728b,P0040,,F0040,material,material,material,TiO2,2.0,,,,,,,,local_pdf_text,,4,,,,E-OBS-P0040-material-4-ef77215601bf728b,regex:material,candidate_needs_review,review_queue,0.42,Candidate physical observation from PDF text; not yet human verified.
OBS-P0040-material-4-5d839623cf5f1dcd,P0040,,F0040,material,material,material,TiO2,2.0,,,,,,,,local_pdf_text,,4,,,,E-OBS-P0040-material-4-5d839623cf5f1dcd,regex:material,candidate_needs_review,review_queue,0.42,Candidate physical observation from PDF text; not yet human verified.
OBS-P0040-k_space-4-02bec59f146b445b,P0040,,F0040,kspace,k_space,k-space / momentum-space,momentum space,,,,,,,,,local_pdf_text,,4,,,,E-OBS-P0040-k_space-4-02bec59f146b445b,regex:k_space,candidate_needs_review,review_queue,0.5,Candidate physical observation from PDF text; not yet human verified.
OBS-P0040-k_space-4-c006c80f6bd61706,P0040,,F0040,kspace,k_space,k-space / momentum-space,momentum space,,,,,,,,,local_pdf_text,,4,,,,E-OBS-P0040-k_space-4-c006c80f6bd61706,regex:k_space,candidate_needs_review,review_queue,0.5,Candidate physical observation from PDF text; not yet human verified.
OBS-P0040-spectrum-4-a780ee3258b6fc51,P0040,,F0040,spectrum,spectrum,spectrum,photoluminescence,,,,,,,,,local_pdf_text,,4,,,,E-OBS-P0040-spectrum-4-a780ee3258b6fc51,regex:spectrum,candidate_needs_review,review_queue,0.48,Candidate physical observation from PDF text; not yet human verified.
OBS-P0040-spectrum-4-cd9b3373700ccc5d,P0040,,F0040,spectrum,spectrum,spectrum,far field,,,,,,,,,local_pdf_text,,4,,,,E-OBS-P0040-spectrum-4-cd9b3373700ccc5d,regex:spectrum,candidate_needs_review,review_queue,0.48,Candidate physical observation from PDF text; not yet human verified.
OBS-P0040-k_space-5-964b11884033c360,P0040,,F0040,kspace,k_space,k-space / momentum-space,Γ point,,,,,,,,,local_pdf_text,,5,,,,E-OBS-P0040-k_space-5-964b11884033c360,regex:k_space,candidate_needs_review,review_queue,0.5,Candidate physical observation from PDF text; not yet human verified.
OBS-P0040-k_space-5-783497d3014222bf,P0040,,F0040,kspace,k_space,k-space / momentum-space,Γ point,,,,,,,,,local_pdf_text,,5,,,,E-OBS-P0040-k_space-5-783497d3014222bf,regex:k_space,candidate_needs_review,review_queue,0.5,Candidate physical observation from PDF text; not yet human verified.
OBS-P0040-polarization-5-a1d142087fc00681,P0040,,F0040,polarization,polarization,polarization/topology,polarization,,,,,,,,,local_pdf_text,,5,,,,E-OBS-P0040-polarization-5-a1d142087fc00681,regex:polarization,candidate_needs_review,review_queue,0.46,Candidate physical observation from PDF text; not yet human verified.
OBS-P0040-band_structure-6-a5eae5cd1b4855d6,P0040,,F0040,band,band_structure,band structure,dispersion,,,,,,,,,local_pdf_text,,6,,,,E-OBS-P0040-band_structure-6-a5eae5cd1b4855d6,regex:band_structure,candidate_needs_review,review_queue,0.48,Candidate physical observation from PDF text; not yet human verified.
OBS-P0040-spectrum-6-59b94bddbbe07fe2,P0040,,F0040,spectrum,spectrum,spectrum,photoluminescence,,,,,,,,,local_pdf_text,,6,,,,E-OBS-P0040-spectrum-6-59b94bddbbe07fe2,regex:spectrum,candidate_needs_review,review_queue,0.48,Candidate physical observation from PDF text; not yet human verified.
OBS-P0040-spectrum-6-ed39bd32996506b3,P0040,,F0040,spectrum,spectrum,spectrum,absorption spectrum,,,,,,,,,local_pdf_text,,6,,,,E-OBS-P0040-spectrum-6-ed39bd32996506b3,regex:spectrum,candidate_needs_review,review_queue,0.48,Candidate physical observation from PDF text; not yet human verified.
OBS-P0040-spectrum-6-539ca6733c167b47,P0040,,F0040,spectrum,spectrum,spectrum,photoluminescence,,,,,,,,,local_pdf_text,,6,,,,E-OBS-P0040-spectrum-6-539ca6733c167b47,regex:spectrum,candidate_needs_review,review_queue,0.48,Candidate physical observation from PDF text; not yet human verified.
OBS-P0040-band_structure-7-0420713a63b9dab0,P0040,,F0040,band,band_structure,band structure,band structure,,,,,,,,,local_pdf_text,,7,,,,E-OBS-P0040-band_structure-7-0420713a63b9dab0,regex:band_structure,candidate_needs_review,review_queue,0.48,Candidate physical observation from PDF text; not yet human verified.
OBS-P0040-k_space-8-7cb53664fad23161,P0040,,F0040,kspace,k_space,k-space / momentum-space,momentum space,,,,,,,,,local_pdf_text,,8,,,,E-OBS-P0040-k_space-8-7cb53664fad23161,regex:k_space,candidate_needs_review,review_queue,0.5,Candidate physical observation from PDF text; not yet human verified.
OBS-P0041-material-1-f59829fa64c78654,P0041,,F0041,material,material,material,dielectric,,,,,,,,,local_pdf_text,,1,,,,E-OBS-P0041-material-1-f59829fa64c78654,regex:material,candidate_needs_review,review_queue,0.42,Candidate physical observation from PDF text; not yet human verified.
OBS-P0041-band_structure-1-bffd8cf4ffb4c4ce,P0041,,F0041,band,band_structure,band structure,band structure,,,,,,,,,local_pdf_text,,1,,,,E-OBS-P0041-band_structure-1-bffd8cf4ffb4c4ce,regex:band_structure,candidate_needs_review,review_queue,0.48,Candidate physical observation from PDF text; not yet human verified.
OBS-P0041-polarization-1-82ab13ed61a79d14,P0041,,F0041,polarization,polarization,polarization/topology,polarization,,,,,,,,,local_pdf_text,,1,,,,E-OBS-P0041-polarization-1-82ab13ed61a79d14,regex:polarization,candidate_needs_review,review_queue,0.46,Candidate physical observation from PDF text; not yet human verified.
OBS-P0041-polarization-1-80cdb5b6c2920059,P0041,,F0041,polarization,polarization,polarization/topology,polarization,,,,,,,,,local_pdf_text,,1,,,,E-OBS-P0041-polarization-1-80cdb5b6c2920059,regex:polarization,candidate_needs_review,review_queue,0.46,Candidate physical observation from PDF text; not yet human verified.
OBS-P0041-material-2-c5f40f3518169821,P0041,,F0041,material,material,material,GaAs,,,,,,,,,local_pdf_text,,2,,,,E-OBS-P0041-material-2-c5f40f3518169821,regex:material,candidate_needs_review,review_queue,0.42,Candidate physical observation from PDF text; not yet human verified.
OBS-P0041-material-2-9574cc17ec16c167,P0041,,F0041,material,material,material,AlxGa1,1.0,,,,,,,,local_pdf_text,,2,,,,E-OBS-P0041-material-2-9574cc17ec16c167,regex:material,candidate_needs_review,review_queue,0.42,Candidate physical observation from PDF text; not yet human verified.
OBS-P0041-band_structure-2-e9aadf10cfdd0802,P0041,,F0041,band,band_structure,band structure,radiation continuum,,,,,,,,,local_pdf_text,,2,,,,E-OBS-P0041-band_structure-2-e9aadf10cfdd0802,regex:band_structure,candidate_needs_review,review_queue,0.48,Candidate physical observation from PDF text; not yet human verified.
OBS-P0041-polarization-2-fcef9023bb9c7eef,P0041,,F0041,polarization,polarization,polarization/topology,Polarization,,,,,,,,,local_pdf_text,,2,,,,E-OBS-P0041-polarization-2-fcef9023bb9c7eef,regex:polarization,candidate_needs_review,review_queue,0.46,Candidate physical observation from PDF text; not yet human verified.
OBS-P0041-polarization-2-b0a743151852a5fd,P0041,,F0041,polarization,polarization,polarization/topology,polarization,,,,,,,,,local_pdf_text,,2,,,,E-OBS-P0041-polarization-2-b0a743151852a5fd,regex:polarization,candidate_needs_review,review_queue,0.46,Candidate physical observation from PDF text; not yet human verified.
OBS-P0041-polarization-2-47cf9b6269b55f71,P0041,,F0041,polarization,polarization,polarization/topology,polarization,,,,,,,,,local_pdf_text,,2,,,,E-OBS-P0041-polarization-2-47cf9b6269b55f71,regex:polarization,candidate_needs_review,review_queue,0.46,Candidate physical observation from PDF text; not yet human verified.
OBS-P0041-material-3-defd5ae1f84b5b42,P0041,,F0041,material,material,material,dielectric,,,,,,,,,local_pdf_text,,3,,,,E-OBS-P0041-material-3-defd5ae1f84b5b42,regex:material,candidate_needs_review,review_queue,0.42,Candidate physical observation from PDF text; not yet human verified.
OBS-P0041-material-3-03ad16d02ce5daa7,P0041,,F0041,material,material,material,dielectric,,,,,,,,,local_pdf_text,,3,,,,E-OBS-P0041-material-3-03ad16d02ce5daa7,regex:material,candidate_needs_review,review_queue,0.42,Candidate physical observation from PDF text; not yet human verified.
OBS-P0041-k_space-3-a8dba7ac3369497d,P0041,,F0041,kspace,k_space,k-space / momentum-space,Γ point,,,,,,,,,local_pdf_text,,3,,,,E-OBS-P0041-k_space-3-a8dba7ac3369497d,regex:k_space,candidate_needs_review,review_queue,0.5,Candidate physical observation from PDF text; not yet human verified.
OBS-P0041-band_structure-3-be4ee3d2d5022e04,P0041,,F0041,band,band_structure,band structure,band structure,,,,,,,,,local_pdf_text,,3,,,,E-OBS-P0041-band_structure-3-be4ee3d2d5022e04,regex:band_structure,candidate_needs_review,review_queue,0.48,Candidate physical observation from PDF text; not yet human verified.
OBS-P0041-polarization-3-f5a1ea3dd820342b,P0041,,F0041,polarization,polarization,polarization/topology,polarization,,,,,,,,,local_pdf_text,,3,,,,E-OBS-P0041-polarization-3-f5a1ea3dd820342b,regex:polarization,candidate_needs_review,review_queue,0.46,Candidate physical observation from PDF text; not yet human verified.
OBS-P0041-polarization-3-fd3a49c349ff1a20,P0041,,F0041,polarization,polarization,polarization/topology,polarization,,,,,,,,,local_pdf_text,,3,,,,E-OBS-P0041-polarization-3-fd3a49c349ff1a20,regex:polarization,candidate_needs_review,review_queue,0.46,Candidate physical observation from PDF text; not yet human verified.
OBS-P0041-material-4-74141fae36b814e0,P0041,,F0041,material,material,material,AlGaAs,,,,,,,,,local_pdf_text,,4,,,,E-OBS-P0041-material-4-74141fae36b814e0,regex:material,candidate_needs_review,review_queue,0.42,Candidate physical observation from PDF text; not yet human verified.
OBS-P0041-material-4-cfaca7a4a35d3e7a,P0041,,F0041,material,material,material,AlGaAs,,,,,,,,,local_pdf_text,,4,,,,E-OBS-P0041-material-4-cfaca7a4a35d3e7a,regex:material,candidate_needs_review,review_queue,0.42,Candidate physical observation from PDF text; not yet human verified.
OBS-P0041-material-4-ca4cd50728fc859f,P0041,,F0041,material,material,material,GaAs,,,,,,,,,local_pdf_text,,4,,,,E-OBS-P0041-material-4-ca4cd50728fc859f,regex:material,candidate_needs_review,review_queue,0.42,Candidate physical observation from PDF text; not yet human verified.
OBS-P0041-k_space-7-1738452142ee8753,P0041,,F0041,kspace,k_space,k-space / momentum-space,Γ point,,,,,,,,,local_pdf_text,,7,,,,E-OBS-P0041-k_space-7-1738452142ee8753,regex:k_space,candidate_needs_review,review_queue,0.5,Candidate physical observation from PDF text; not yet human verified.
OBS-P0041-k_space-7-b539e542c7c5e827,P0041,,F0041,kspace,k_space,k-space / momentum-space,Γ point,,,,,,,,,local_pdf_text,,7,,,,E-OBS-P0041-k_space-7-b539e542c7c5e827,regex:k_space,candidate_needs_review,review_queue,0.5,Candidate physical observation from PDF text; not yet human verified.
OBS-P0041-band_structure-8-f4530a0b316bd96c,P0041,,F0041,band,band_structure,band structure,band structure,,,,,,,,,local_pdf_text,,8,,,,E-OBS-P0041-band_structure-8-f4530a0b316bd96c,regex:band_structure,candidate_needs_review,review_queue,0.48,Candidate physical observation from PDF text; not yet human verified.
OBS-P0041-band_structure-8-ca15e9e3938f1941,P0041,,F0041,band,band_structure,band structure,leaky mode,,,,,,,,,local_pdf_text,,8,,,,E-OBS-P0041-band_structure-8-ca15e9e3938f1941,regex:band_structure,candidate_needs_review,review_queue,0.48,Candidate physical observation from PDF text; not yet human verified.
OBS-P0042-material-1-5589c987e0da7df1,P0042,,F0042,material,material,material,dielectric,,,,,,,,,local_pdf_text,,1,,,,E-OBS-P0042-material-1-5589c987e0da7df1,regex:material,candidate_needs_review,review_queue,0.42,Candidate physical observation from PDF text; not yet human verified.
OBS-P0042-k_space-1-47432e8719f07de3,P0042,,F0042,kspace,k_space,k-space / momentum-space,Brillouin zone,,,,,,,,,local_pdf_text,,1,,,,E-OBS-P0042-k_space-1-47432e8719f07de3,regex:k_space,candidate_needs_review,review_queue,0.5,Candidate physical observation from PDF text; not yet human verified.
OBS-P0042-material-2-64bdd2a220665c41,P0042,,F0042,material,material,material,dielectric,,,,,,,,,local_pdf_text,,2,,,,E-OBS-P0042-material-2-64bdd2a220665c41,regex:material,candidate_needs_review,review_queue,0.42,Candidate physical observation from PDF text; not yet human verified.
OBS-P0042-material-2-38110a3ec0ec4c80,P0042,,F0042,material,material,material,dielectric,,,,,,,,,local_pdf_text,,2,,,,E-OBS-P0042-material-2-38110a3ec0ec4c80,regex:material,candidate_needs_review,review_queue,0.42,Candidate physical observation from PDF text; not yet human verified.
OBS-P0042-material-2-021663685ade7986,P0042,,F0042,material,material,material,dielectric,,,,,,,,,local_pdf_text,,2,,,,E-OBS-P0042-material-2-021663685ade7986,regex:material,candidate_needs_review,review_queue,0.42,Candidate physical observation from PDF text; not yet human verified.
OBS-P0042-k_space-2-3dd7da22c9d38fd8,P0042,,F0042,kspace,k_space,k-space / momentum-space,Brillouin zone,,,,,,,,,local_pdf_text,,2,,,,E-OBS-P0042-k_space-2-3dd7da22c9d38fd8,regex:k_space,candidate_needs_review,review_queue,0.5,Candidate physical observation from PDF text; not yet human verified.
OBS-P0042-k_space-2-105713cc45aefabd,P0042,,F0042,kspace,k_space,k-space / momentum-space,Brillouin zone,,,,,,,,,local_pdf_text,,2,,,,E-OBS-P0042-k_space-2-105713cc45aefabd,regex:k_space,candidate_needs_review,review_queue,0.5,Candidate physical observation from PDF text; not yet human verified.
OBS-P0042-material-3-d96cb06b8cfbbab9,P0042,,F0042,material,material,material,dielectric,,,,,,,,,local_pdf_text,,3,,,,E-OBS-P0042-material-3-d96cb06b8cfbbab9,regex:material,candidate_needs_review,review_queue,0.42,Candidate physical observation from PDF text; not yet human verified.
OBS-P0042-material-3-d095812822949912,P0042,,F0042,material,material,material,dielectric,,,,,,,,,local_pdf_text,,3,,,,E-OBS-P0042-material-3-d095812822949912,regex:material,candidate_needs_review,review_queue,0.42,Candidate physical observation from PDF text; not yet human verified.
OBS-P0042-band_structure-3-188050c9294109ef,P0042,,F0042,band,band_structure,band structure,dispersion,,,,,,,,,local_pdf_text,,3,,,,E-OBS-P0042-band_structure-3-188050c9294109ef,regex:band_structure,candidate_needs_review,review_queue,0.48,Candidate physical observation from PDF text; not yet human verified.
OBS-P0042-material-4-4285eb979975fc62,P0042,,F0042,material,material,material,dielectric,,,,,,,,,local_pdf_text,,4,,,,E-OBS-P0042-material-4-4285eb979975fc62,regex:material,candidate_needs_review,review_queue,0.42,Candidate physical observation from PDF text; not yet human verified.
OBS-P0042-material-4-2474aeb70d39d28d,P0042,,F0042,material,material,material,sin,,,,,,,,,local_pdf_text,,4,,,,E-OBS-P0042-material-4-2474aeb70d39d28d,regex:material,candidate_needs_review,review_queue,0.42,Candidate physical observation from PDF text; not yet human verified.
OBS-P0042-band_structure-4-39aac2b58ee58106,P0042,,F0042,band,band_structure,band structure,band structure,,,,,,,,,local_pdf_text,,4,,,,E-OBS-P0042-band_structure-4-39aac2b58ee58106,regex:band_structure,candidate_needs_review,review_queue,0.48,Candidate physical observation from PDF text; not yet human verified.
OBS-P0042-band_structure-4-8737292ae95e3d93,P0042,,F0042,band,band_structure,band structure,Band structure,,,,,,,,,local_pdf_text,,4,,,,E-OBS-P0042-band_structure-4-8737292ae95e3d93,regex:band_structure,candidate_needs_review,review_queue,0.48,Candidate physical observation from PDF text; not yet human verified.
OBS-P0042-band_structure-4-463bbfe89ca0afff,P0042,,F0042,band,band_structure,band structure,dispersion,,,,,,,,,local_pdf_text,,4,,,,E-OBS-P0042-band_structure-4-463bbfe89ca0afff,regex:band_structure,candidate_needs_review,review_queue,0.48,Candidate physical observation from PDF text; not yet human verified.
OBS-P0042-k_space-5-e5508a910773a91e,P0042,,F0042,kspace,k_space,k-space / momentum-space,Brillouin zone,,,,,,,,,local_pdf_text,,5,,,,E-OBS-P0042-k_space-5-e5508a910773a91e,regex:k_space,candidate_needs_review,review_queue,0.5,Candidate physical observation from PDF text; not yet human verified.
OBS-P0042-band_structure-5-4119b330fb97d826,P0042,,F0042,band,band_structure,band structure,band structure,,,,,,,,,local_pdf_text,,5,,,,E-OBS-P0042-band_structure-5-4119b330fb97d826,regex:band_structure,candidate_needs_review,review_queue,0.48,Candidate physical observation from PDF text; not yet human verified.
OBS-P0042-band_structure-5-0094f9d0eb9d7538,P0042,,F0042,band,band_structure,band structure,Band structure,,,,,,,,,local_pdf_text,,5,,,,E-OBS-P0042-band_structure-5-0094f9d0eb9d7538,regex:band_structure,candidate_needs_review,review_queue,0.48,Candidate physical observation from PDF text; not yet human verified.
OBS-P0042-k_space-6-3fc5ac000d822394,P0042,,F0042,kspace,k_space,k-space / momentum-space,topological charge,,,,,,,,,local_pdf_text,,6,,,,E-OBS-P0042-k_space-6-3fc5ac000d822394,regex:k_space,candidate_needs_review,review_queue,0.5,Candidate physical observation from PDF text; not yet human verified.
OBS-P0042-polarization-6-3fc5ac000d822394,P0042,,F0042,polarization,polarization,polarization/topology,topological charge,,,,,,,,,local_pdf_text,,6,,,,E-OBS-P0042-polarization-6-3fc5ac000d822394,regex:polarization,candidate_needs_review,review_queue,0.46,Candidate physical observation from PDF text; not yet human verified.
OBS-P0042-band_structure-7-a7143db7ba7d3d6d,P0042,,F0042,band,band_structure,band structure,radiation continuum,,,,,,,,,local_pdf_text,,7,,,,E-OBS-P0042-band_structure-7-a7143db7ba7d3d6d,regex:band_structure,candidate_needs_review,review_queue,0.48,Candidate physical observation from PDF text; not yet human verified.
OBS-P0042-band_structure-7-c01675d5629afd2d,P0042,,F0042,band,band_structure,band structure,Radiation Continuum,,,,,,,,,local_pdf_text,,7,,,,E-OBS-P0042-band_structure-7-c01675d5629afd2d,regex:band_structure,candidate_needs_review,review_queue,0.48,Candidate physical observation from PDF text; not yet human verified.
OBS-P0042-polarization-7-355fe5e10e28013f,P0042,,F0042,polarization,polarization,polarization/topology,Polarization,,,,,,,,,local_pdf_text,,7,,,,E-OBS-P0042-polarization-7-355fe5e10e28013f,regex:polarization,candidate_needs_review,review_queue,0.46,Candidate physical observation from PDF text; not yet human verified.
OBS-P0043-material-1-a8c47b1c780bd18e,P0043,,F0043,material,material,material,dielectric,,,,,,,,,local_pdf_text,,1,,,,E-OBS-P0043-material-1-a8c47b1c780bd18e,regex:material,candidate_needs_review,review_queue,0.42,Candidate physical observation from PDF text; not yet human verified.
OBS-P0043-material-1-8e61ea88c0cc07b1,P0043,,F0043,material,material,material,Dielectric,,,,,,,,,local_pdf_text,,1,,,,E-OBS-P0043-material-1-8e61ea88c0cc07b1,regex:material,candidate_needs_review,review_queue,0.42,Candidate physical observation from PDF text; not yet human verified.
OBS-P0043-material-1-84bab562efcf9712,P0043,,F0043,material,material,material,dielectric,,,,,,,,,local_pdf_text,,1,,,,E-OBS-P0043-material-1-84bab562efcf9712,regex:material,candidate_needs_review,review_queue,0.42,Candidate physical observation from PDF text; not yet human verified.
OBS-P0043-material-1-c04f16ea0f203a44,P0043,,F0043,material,material,material,dielectric,,,,,,,,,local_pdf_text,,1,,,,E-OBS-P0043-material-1-c04f16ea0f203a44,regex:material,candidate_needs_review,review_queue,0.42,Candidate physical observation from PDF text; not yet human verified.
OBS-P0043-material-1-6bab50db1ac977f3,P0043,,F0043,material,material,material,dielectric,,,,,,,,,local_pdf_text,,1,,,,E-OBS-P0043-material-1-6bab50db1ac977f3,regex:material,candidate_needs_review,review_queue,0.42,Candidate physical observation from PDF text; not yet human verified.
OBS-P0043-band_structure-1-e5296ea8bc736e9d,P0043,,F0043,band,band_structure,band structure,dispersion,,,,,,,,,local_pdf_text,,1,,,,E-OBS-P0043-band_structure-1-e5296ea8bc736e9d,regex:band_structure,candidate_needs_review,review_queue,0.48,Candidate physical observation from PDF text; not yet human verified.
OBS-P0043-band_structure-1-16f56591eb27385b,P0043,,F0043,band,band_structure,band structure,dispersion,,,,,,,,,local_pdf_text,,1,,,,E-OBS-P0043-band_structure-1-16f56591eb27385b,regex:band_structure,candidate_needs_review,review_queue,0.48,Candidate physical observation from PDF text; not yet human verified.
OBS-P0043-material-2-6b089a41f0d91816,P0043,,F0043,material,material,material,dielectric,,,,,,,,,local_pdf_text,,2,,,,E-OBS-P0043-material-2-6b089a41f0d91816,regex:material,candidate_needs_review,review_queue,0.42,Candidate physical observation from PDF text; not yet human verified.
OBS-P0043-material-2-2de997001459af20,P0043,,F0043,material,material,material,silicon,,,,,,,,,local_pdf_text,,2,,,,E-OBS-P0043-material-2-2de997001459af20,regex:material,candidate_needs_review,review_queue,0.42,Candidate physical observation from PDF text; not yet human verified.
OBS-P0043-spectrum-2-10c9ca94dc9f255e,P0043,,F0043,spectrum,spectrum,spectrum,transmittance,,,,,,,,,local_pdf_text,,2,,,,E-OBS-P0043-spectrum-2-10c9ca94dc9f255e,regex:spectrum,candidate_needs_review,review_queue,0.48,Candidate physical observation from PDF text; not yet human verified.
OBS-P0043-polarization-2-fb0fff0f897fa592,P0043,,F0043,polarization,polarization,polarization/topology,polarization,,,,,,,,,local_pdf_text,,2,,,,E-OBS-P0043-polarization-2-fb0fff0f897fa592,regex:polarization,candidate_needs_review,review_queue,0.46,Candidate physical observation from PDF text; not yet human verified.
OBS-P0043-polarization-2-747cd2d365318599,P0043,,F0043,polarization,polarization,polarization/topology,polarization,,,,,,,,,local_pdf_text,,2,,,,E-OBS-P0043-polarization-2-747cd2d365318599,regex:polarization,candidate_needs_review,review_queue,0.46,Candidate physical observation from PDF text; not yet human verified.
OBS-P0043-polarization-2-add7902bbf828835,P0043,,F0043,polarization,polarization,polarization/topology,polarization,,,,,,,,,local_pdf_text,,2,,,,E-OBS-P0043-polarization-2-add7902bbf828835,regex:polarization,candidate_needs_review,review_queue,0.46,Candidate physical observation from PDF text; not yet human verified.
OBS-P0043-material-4-6300ed977503aca8,P0043,,F0043,material,material,material,SI,,,,,,,,,local_pdf_text,,4,,,,E-OBS-P0043-material-4-6300ed977503aca8,regex:material,candidate_needs_review,review_queue,0.42,Candidate physical observation from PDF text; not yet human verified.
OBS-P0043-band_structure-4-f5601f5aaf9fea59,P0043,,F0043,band,band_structure,band structure,dispersion,,,,,,,,,local_pdf_text,,4,,,,E-OBS-P0043-band_structure-4-f5601f5aaf9fea59,regex:band_structure,candidate_needs_review,review_queue,0.48,Candidate physical observation from PDF text; not yet human verified.
OBS-P0043-spectrum-4-dccc72e171cc52fa,P0043,,F0043,spectrum,spectrum,spectrum,transmittance,,,,,,,,,local_pdf_text,,4,,,,E-OBS-P0043-spectrum-4-dccc72e171cc52fa,regex:spectrum,candidate_needs_review,review_queue,0.48,Candidate physical observation from PDF text; not yet human verified.
OBS-P0043-spectrum-4-dfaab037ff7ea3c1,P0043,,F0043,spectrum,spectrum,spectrum,Transmittance,,,,,,,,,local_pdf_text,,4,,,,E-OBS-P0043-spectrum-4-dfaab037ff7ea3c1,regex:spectrum,candidate_needs_review,review_queue,0.48,Candidate physical observation from PDF text; not yet human verified.
OBS-P0043-spectrum-4-700766934b2bc903,P0043,,F0043,spectrum,spectrum,spectrum,Transmittance,,,,,,,,,local_pdf_text,,4,,,,E-OBS-P0043-spectrum-4-700766934b2bc903,regex:spectrum,candidate_needs_review,review_queue,0.48,Candidate physical observation from PDF text; not yet human verified.
OBS-P0043-spectrum-4-552cf3de8a491b2b,P0043,,F0043,spectrum,spectrum,spectrum,transmittance,,,,,,,,,local_pdf_text,,4,,,,E-OBS-P0043-spectrum-4-552cf3de8a491b2b,regex:spectrum,candidate_needs_review,review_queue,0.48,Candidate physical observation from PDF text; not yet human verified.
OBS-P0043-frequency-5-8a834af5347076f0,P0043,,F0043,resonance,frequency,resonance frequency,1,1.0,THz,,,,,,,local_pdf_text,,5,,,,E-OBS-P0043-frequency-5-8a834af5347076f0,regex:frequency,candidate_needs_review,review_queue,0.58,Candidate physical observation from PDF text; not yet human verified.
OBS-P0043-band_structure-5-384812954540c183,P0043,,F0043,band,band_structure,band structure,dispersion,,,,,,,,,local_pdf_text,,5,,,,E-OBS-P0043-band_structure-5-384812954540c183,regex:band_structure,candidate_needs_review,review_queue,0.48,Candidate physical observation from PDF text; not yet human verified.
OBS-P0043-band_structure-5-044342081a1c4b80,P0043,,F0043,band,band_structure,band structure,dispersion,,,,,,,,,local_pdf_text,,5,,,,E-OBS-P0043-band_structure-5-044342081a1c4b80,regex:band_structure,candidate_needs_review,review_queue,0.48,Candidate physical observation from PDF text; not yet human verified.
OBS-P0043-band_structure-5-d5e046a1ada8bb8a,P0043,,F0043,band,band_structure,band structure,Dispersion,,,,,,,,,local_pdf_text,,5,,,,E-OBS-P0043-band_structure-5-d5e046a1ada8bb8a,regex:band_structure,candidate_needs_review,review_queue,0.48,Candidate physical observation from PDF text; not yet human verified.
OBS-P0043-polarization-5-8b186cb8e2cb74cd,P0043,,F0043,polarization,polarization,polarization/topology,polarization,,,,,,,,,local_pdf_text,,5,,,,E-OBS-P0043-polarization-5-8b186cb8e2cb74cd,regex:polarization,candidate_needs_review,review_queue,0.46,Candidate physical observation from PDF text; not yet human verified.
OBS-P0043-polarization-5-0e5b4cb9bc4bf751,P0043,,F0043,polarization,polarization,polarization/topology,polarization,,,,,,,,,local_pdf_text,,5,,,,E-OBS-P0043-polarization-5-0e5b4cb9bc4bf751,regex:polarization,candidate_needs_review,review_queue,0.46,Candidate physical observation from PDF text; not yet human verified.
OBS-P0044-material-1-675cad6c6ba159dd,P0044,,F0044,material,material,material,Dielectric,,,,,,,,,local_pdf_text,,1,,,,E-OBS-P0044-material-1-675cad6c6ba159dd,regex:material,candidate_needs_review,review_queue,0.42,Candidate physical observation from PDF text; not yet human verified.
OBS-P0044-material-1-ba0b62065de3d98a,P0044,,F0044,material,material,material,dielectric,,,,,,,,,local_pdf_text,,1,,,,E-OBS-P0044-material-1-ba0b62065de3d98a,regex:material,candidate_needs_review,review_queue,0.42,Candidate physical observation from PDF text; not yet human verified.
OBS-P0044-material-1-4b5bc89108bfc772,P0044,,F0044,material,material,material,dielectric,,,,,,,,,local_pdf_text,,1,,,,E-OBS-P0044-material-1-4b5bc89108bfc772,regex:material,candidate_needs_review,review_queue,0.42,Candidate physical observation from PDF text; not yet human verified.
OBS-P0044-material-1-2ce7940ac8958515,P0044,,F0044,material,material,material,dielectric,,,,,,,,,local_pdf_text,,1,,,,E-OBS-P0044-material-1-2ce7940ac8958515,regex:material,candidate_needs_review,review_queue,0.42,Candidate physical observation from PDF text; not yet human verified.
OBS-P0044-material-1-ea6e2b75809b412a,P0044,,F0044,material,material,material,dielectric,,,,,,,,,local_pdf_text,,1,,,,E-OBS-P0044-material-1-ea6e2b75809b412a,regex:material,candidate_needs_review,review_queue,0.42,Candidate physical observation from PDF text; not yet human verified.
OBS-P0044-material-1-b5ad3300bd2750dd,P0044,,F0044,material,material,material,dielectric,,,,,,,,,local_pdf_text,,1,,,,E-OBS-P0044-material-1-b5ad3300bd2750dd,regex:material,candidate_needs_review,review_queue,0.42,Candidate physical observation from PDF text; not yet human verified.
OBS-P0044-material-1-debddbbec7368ecb,P0044,,F0044,material,material,material,dielectric,,,,,,,,,local_pdf_text,,1,,,,E-OBS-P0044-material-1-debddbbec7368ecb,regex:material,candidate_needs_review,review_queue,0.42,Candidate physical observation from PDF text; not yet human verified.
OBS-P0044-material-1-3bc3ff683f0e9ade,P0044,,F0044,material,material,material,dielectric,,,,,,,,,local_pdf_text,,1,,,,E-OBS-P0044-material-1-3bc3ff683f0e9ade,regex:material,candidate_needs_review,review_queue,0.42,Candidate physical observation from PDF text; not yet human verified.
OBS-P0044-polarization-1-6394ad96b53519fe,P0044,,F0044,polarization,polarization,polarization/topology,polarization,,,,,,,,,local_pdf_text,,1,,,,E-OBS-P0044-polarization-1-6394ad96b53519fe,regex:polarization,candidate_needs_review,review_queue,0.46,Candidate physical observation from PDF text; not yet human verified.
OBS-P0044-polarization-1-5d27044d6904265b,P0044,,F0044,polarization,polarization,polarization/topology,polarization,,,,,,,,,local_pdf_text,,1,,,,E-OBS-P0044-polarization-1-5d27044d6904265b,regex:polarization,candidate_needs_review,review_queue,0.46,Candidate physical observation from PDF text; not yet human verified.
OBS-P0044-polarization-1-1453d1397f909dcd,P0044,,F0044,polarization,polarization,polarization/topology,polarization,,,,,,,,,local_pdf_text,,1,,,,E-OBS-P0044-polarization-1-1453d1397f909dcd,regex:polarization,candidate_needs_review,review_queue,0.46,Candidate physical observation from PDF text; not yet human verified.
OBS-P0044-polarization-2-f6789451de9048a9,P0044,,F0044,polarization,polarization,polarization/topology,polarization,,,,,,,,,local_pdf_text,,2,,,,E-OBS-P0044-polarization-2-f6789451de9048a9,regex:polarization,candidate_needs_review,review_queue,0.46,Candidate physical observation from PDF text; not yet human verified.
OBS-P0044-polarization-2-7181d5b3a38bbd77,P0044,,F0044,polarization,polarization,polarization/topology,chiral,,,,,,,,,local_pdf_text,,2,,,,E-OBS-P0044-polarization-2-7181d5b3a38bbd77,regex:polarization,candidate_needs_review,review_queue,0.46,Candidate physical observation from PDF text; not yet human verified.
OBS-P0044-polarization-2-41322c6db856f6bc,P0044,,F0044,polarization,polarization,polarization/topology,chiral,,,,,,,,,local_pdf_text,,2,,,,E-OBS-P0044-polarization-2-41322c6db856f6bc,regex:polarization,candidate_needs_review,review_queue,0.46,Candidate physical observation from PDF text; not yet human verified.
OBS-P0044-polarization-2-9bf0992e7c960d62,P0044,,F0044,polarization,polarization,polarization/topology,chiral,,,,,,,,,local_pdf_text,,2,,,,E-OBS-P0044-polarization-2-9bf0992e7c960d62,regex:polarization,candidate_needs_review,review_queue,0.46,Candidate physical observation from PDF text; not yet human verified.
OBS-P0044-polarization-2-8995af8f360465c7,P0044,,F0044,polarization,polarization,polarization/topology,polarization,,,,,,,,,local_pdf_text,,2,,,,E-OBS-P0044-polarization-2-8995af8f360465c7,regex:polarization,candidate_needs_review,review_queue,0.46,Candidate physical observation from PDF text; not yet human verified.
OBS-P0045-q_factor-2-8e6f14243e915be0,P0045,,F0045,resonance,q_factor,Q factor,1,1.0,,,,,,1.0,,local_pdf_text,,2,,,,E-OBS-P0045-q_factor-2-8e6f14243e915be0,regex:q_factor,candidate_needs_review,review_queue,0.62,Candidate physical observation from PDF text; not yet human verified.
OBS-P0045-k_space-2-8dc044fe06d2b0b8,P0045,,F0045,kspace,k_space,k-space / momentum-space,topological charge,,,,,,,,,local_pdf_text,,2,,,,E-OBS-P0045-k_space-2-8dc044fe06d2b0b8,regex:k_space,candidate_needs_review,review_queue,0.5,Candidate physical observation from PDF text; not yet human verified.
OBS-P0045-k_space-2-bbad69198d0fc1dd,P0045,,F0045,kspace,k_space,k-space / momentum-space,topological charge,,,,,,,,,local_pdf_text,,2,,,,E-OBS-P0045-k_space-2-bbad69198d0fc1dd,regex:k_space,candidate_needs_review,review_queue,0.5,Candidate physical observation from PDF text; not yet human verified.
OBS-P0045-k_space-2-c680783966e983fc,P0045,,F0045,kspace,k_space,k-space / momentum-space,momentum space,,,,,,,,,local_pdf_text,,2,,,,E-OBS-P0045-k_space-2-c680783966e983fc,regex:k_space,candidate_needs_review,review_queue,0.5,Candidate physical observation from PDF text; not yet human verified.
OBS-P0045-k_space-2-c8c008b6184f9cd2,P0045,,F0045,kspace,k_space,k-space / momentum-space,momentum space,,,,,,,,,local_pdf_text,,2,,,,E-OBS-P0045-k_space-2-c8c008b6184f9cd2,regex:k_space,candidate_needs_review,review_queue,0.5,Candidate physical observation from PDF text; not yet human verified.
OBS-P0045-k_space-2-721b740bff8c5b8b,P0045,,F0045,kspace,k_space,k-space / momentum-space,momentum space,,,,,,,,,local_pdf_text,,2,,,,E-OBS-P0045-k_space-2-721b740bff8c5b8b,regex:k_space,candidate_needs_review,review_queue,0.5,Candidate physical observation from PDF text; not yet human verified.
OBS-P0045-polarization-2-8dc044fe06d2b0b8,P0045,,F0045,polarization,polarization,polarization/topology,topological charge,,,,,,,,,local_pdf_text,,2,,,,E-OBS-P0045-polarization-2-8dc044fe06d2b0b8,regex:polarization,candidate_needs_review,review_queue,0.46,Candidate physical observation from PDF text; not yet human verified.
OBS-P0045-polarization-2-bbad69198d0fc1dd,P0045,,F0045,polarization,polarization,polarization/topology,topological charge,,,,,,,,,local_pdf_text,,2,,,,E-OBS-P0045-polarization-2-bbad69198d0fc1dd,regex:polarization,candidate_needs_review,review_queue,0.46,Candidate physical observation from PDF text; not yet human verified.
OBS-P0045-polarization-2-5650b92fd3c81f00,P0045,,F0045,polarization,polarization,polarization/topology,polarization,,,,,,,,,local_pdf_text,,2,,,,E-OBS-P0045-polarization-2-5650b92fd3c81f00,regex:polarization,candidate_needs_review,review_queue,0.46,Candidate physical observation from PDF text; not yet human verified.
OBS-P0045-polarization-2-f20c176dc2c6132f,P0045,,F0045,polarization,polarization,polarization/topology,polarization,,,,,,,,,local_pdf_text,,2,,,,E-OBS-P0045-polarization-2-f20c176dc2c6132f,regex:polarization,candidate_needs_review,review_queue,0.46,Candidate physical observation from PDF text; not yet human verified.
OBS-P0045-polarization-2-eab641e3f40910d5,P0045,,F0045,polarization,polarization,polarization/topology,polarization,,,,,,,,,local_pdf_text,,2,,,,E-OBS-P0045-polarization-2-eab641e3f40910d5,regex:polarization,candidate_needs_review,review_queue,0.46,Candidate physical observation from PDF text; not yet human verified.
OBS-P0045-k_space-3-63fbeb4d9c600354,P0045,,F0045,kspace,k_space,k-space / momentum-space,Γ point,,,,,,,,,local_pdf_text,,3,,,,E-OBS-P0045-k_space-3-63fbeb4d9c600354,regex:k_space,candidate_needs_review,review_queue,0.5,Candidate physical observation from PDF text; not yet human verified.
OBS-P0045-q_factor-4-455109708751a9a9,P0045,,F0045,resonance,q_factor,Q factor,1,1.0,,,,,,1.0,,local_pdf_text,,4,,,,E-OBS-P0045-q_factor-4-455109708751a9a9,regex:q_factor,candidate_needs_review,review_queue,0.62,Candidate physical observation from PDF text; not yet human verified.
OBS-P0045-q_factor-4-9d7ea893fcd0418a,P0045,,F0045,resonance,q_factor,Q factor,1,1.0,,,,,,1.0,,local_pdf_text,,4,,,,E-OBS-P0045-q_factor-4-9d7ea893fcd0418a,regex:q_factor,candidate_needs_review,review_queue,0.62,Candidate physical observation from PDF text; not yet human verified.
OBS-P0045-q_factor-4-c6cbd85ba53423a8,P0045,,F0045,resonance,q_factor,Q factor,1,1.0,,,,,,1.0,,local_pdf_text,,4,,,,E-OBS-P0045-q_factor-4-c6cbd85ba53423a8,regex:q_factor,candidate_needs_review,review_queue,0.62,Candidate physical observation from PDF text; not yet human verified.
OBS-P0045-k_space-4-bcff411c96fcd513,P0045,,F0045,kspace,k_space,k-space / momentum-space,topological charge,,,,,,,,,local_pdf_text,,4,,,,E-OBS-P0045-k_space-4-bcff411c96fcd513,regex:k_space,candidate_needs_review,review_queue,0.5,Candidate physical observation from PDF text; not yet human verified.
OBS-P0045-k_space-4-af128802c55955c2,P0045,,F0045,kspace,k_space,k-space / momentum-space,topological charge,,,,,,,,,local_pdf_text,,4,,,,E-OBS-P0045-k_space-4-af128802c55955c2,regex:k_space,candidate_needs_review,review_queue,0.5,Candidate physical observation from PDF text; not yet human verified.
OBS-P0045-polarization-4-bcff411c96fcd513,P0045,,F0045,polarization,polarization,polarization/topology,topological charge,,,,,,,,,local_pdf_text,,4,,,,E-OBS-P0045-polarization-4-bcff411c96fcd513,regex:polarization,candidate_needs_review,review_queue,0.46,Candidate physical observation from PDF text; not yet human verified.
OBS-P0045-polarization-4-af128802c55955c2,P0045,,F0045,polarization,polarization,polarization/topology,topological charge,,,,,,,,,local_pdf_text,,4,,,,E-OBS-P0045-polarization-4-af128802c55955c2,regex:polarization,candidate_needs_review,review_queue,0.46,Candidate physical observation from PDF text; not yet human verified.
OBS-P0045-polarization-4-da7b02cd7a444866,P0045,,F0045,polarization,polarization,polarization/topology,topological charge,,,,,,,,,local_pdf_text,,4,,,,E-OBS-P0045-polarization-4-da7b02cd7a444866,regex:polarization,candidate_needs_review,review_queue,0.46,Candidate physical observation from PDF text; not yet human verified.
OBS-P0045-q_factor-5-727a53f68b6be395,P0045,,F0045,resonance,q_factor,Q factor,1,1.0,,,,,,1.0,,local_pdf_text,,5,,,,E-OBS-P0045-q_factor-5-727a53f68b6be395,regex:q_factor,candidate_needs_review,review_queue,0.62,Candidate physical observation from PDF text; not yet human verified.
OBS-P0045-q_factor-5-41bfe3632323d4fa,P0045,,F0045,resonance,q_factor,Q factor,4,4.0,,,,,,4.0,,local_pdf_text,,5,,,,E-OBS-P0045-q_factor-5-41bfe3632323d4fa,regex:q_factor,candidate_needs_review,review_queue,0.62,Candidate physical observation from PDF text; not yet human verified.
OBS-P0045-q_factor-6-2c8a392da1f11a33,P0045,,F0045,resonance,q_factor,Q factor,0,0.0,,,,,,0.0,,local_pdf_text,,6,,,,E-OBS-P0045-q_factor-6-2c8a392da1f11a33,regex:q_factor,candidate_needs_review,review_queue,0.62,Candidate physical observation from PDF text; not yet human verified.
OBS-P0046-material-1-2f677efc9b942f6e,P0046,,F0046,material,material,material,AlxGa1,1.0,,,,,,,,local_pdf_text,,1,,,,E-OBS-P0046-material-1-2f677efc9b942f6e,regex:material,candidate_needs_review,review_queue,0.42,Candidate physical observation from PDF text; not yet human verified.
OBS-P0046-band_structure-2-1fe8db1625399d6d,P0046,,F0046,band,band_structure,band structure,dispersion,,,,,,,,,local_pdf_text,,2,,,,E-OBS-P0046-band_structure-2-1fe8db1625399d6d,regex:band_structure,candidate_needs_review,review_queue,0.48,Candidate physical observation from PDF text; not yet human verified.
OBS-P0046-material-3-7a325fbbb562766d,P0046,,F0046,material,material,material,GaAs,,,,,,,,,local_pdf_text,,3,,,,E-OBS-P0046-material-3-7a325fbbb562766d,regex:material,candidate_needs_review,review_queue,0.42,Candidate physical observation from PDF text; not yet human verified.
OBS-P0046-band_structure-3-12ff834064dcf48e,P0046,,F0046,band,band_structure,band structure,dispersion,,,,,,,,,local_pdf_text,,3,,,,E-OBS-P0046-band_structure-3-12ff834064dcf48e,regex:band_structure,candidate_needs_review,review_queue,0.48,Candidate physical observation from PDF text; not yet human verified.
OBS-P0046-band_structure-3-df78ced4a317b743,P0046,,F0046,band,band_structure,band structure,dispersion,,,,,,,,,local_pdf_text,,3,,,,E-OBS-P0046-band_structure-3-df78ced4a317b743,regex:band_structure,candidate_needs_review,review_queue,0.48,Candidate physical observation from PDF text; not yet human verified.
OBS-P0046-band_structure-3-649fb64ea9d0f840,P0046,,F0046,band,band_structure,band structure,Dispersion,,,,,,,,,local_pdf_text,,3,,,,E-OBS-P0046-band_structure-3-649fb64ea9d0f840,regex:band_structure,candidate_needs_review,review_queue,0.48,Candidate physical observation from PDF text; not yet human verified.
OBS-P0046-material-4-6044f48ae4423053,P0046,,F0046,material,material,material,dielectric,,,,,,,,,local_pdf_text,,4,,,,E-OBS-P0046-material-4-6044f48ae4423053,regex:material,candidate_needs_review,review_queue,0.42,Candidate physical observation from PDF text; not yet human verified.
OBS-P0046-polarization-4-b6b53f3a9334db11,P0046,,F0046,polarization,polarization,polarization/topology,polarization,,,,,,,,,local_pdf_text,,4,,,,E-OBS-P0046-polarization-4-b6b53f3a9334db11,regex:polarization,candidate_needs_review,review_queue,0.46,Candidate physical observation from PDF text; not yet human verified.
OBS-P0046-polarization-4-dafdb1fc50034708,P0046,,F0046,polarization,polarization,polarization/topology,polarization,,,,,,,,,local_pdf_text,,4,,,,E-OBS-P0046-polarization-4-dafdb1fc50034708,regex:polarization,candidate_needs_review,review_queue,0.46,Candidate physical observation from PDF text; not yet human verified.
OBS-P0046-wavelength-6-d84a54228c78d88b,P0046,,F0046,resonance,wavelength,resonance wavelength,396.6,396.6,nm,,,396.6,,,,local_pdf_text,,6,,,,E-OBS-P0046-wavelength-6-d84a54228c78d88b,regex:wavelength,candidate_needs_review,review_queue,0.6,Candidate physical observation from PDF text; not yet human verified.
OBS-P0046-material-7-05ae0c2cc047e951,P0046,,F0046,material,material,material,GaAs,,,,,,,,,local_pdf_text,,7,,,,E-OBS-P0046-material-7-05ae0c2cc047e951,regex:material,candidate_needs_review,review_queue,0.42,Candidate physical observation from PDF text; not yet human verified.
OBS-P0046-band_structure-8-bcb7f67bd2158f70,P0046,,F0046,band,band_structure,band structure,dispersion,,,,,,,,,local_pdf_text,,8,,,,E-OBS-P0046-band_structure-8-bcb7f67bd2158f70,regex:band_structure,candidate_needs_review,review_queue,0.48,Candidate physical observation from PDF text; not yet human verified.
OBS-P0047-k_space-1-3354930bed6aafab,P0047,,F0047,kspace,k_space,k-space / momentum-space,momentum space,,,,,,,,,local_pdf_text,,1,,,,E-OBS-P0047-k_space-1-3354930bed6aafab,regex:k_space,candidate_needs_review,review_queue,0.5,Candidate physical observation from PDF text; not yet human verified.
OBS-P0047-band_structure-1-a890365c86a28011,P0047,,F0047,band,band_structure,band structure,radiation continuum,,,,,,,,,local_pdf_text,,1,,,,E-OBS-P0047-band_structure-1-a890365c86a28011,regex:band_structure,candidate_needs_review,review_queue,0.48,Candidate physical observation from PDF text; not yet human verified.
OBS-P0047-polarization-1-1dc26248779f9756,P0047,,F0047,polarization,polarization,polarization/topology,chiral,,,,,,,,,local_pdf_text,,1,,,,E-OBS-P0047-polarization-1-1dc26248779f9756,regex:polarization,candidate_needs_review,review_queue,0.46,Candidate physical observation from PDF text; not yet human verified.
OBS-P0047-band_structure-3-327459152fca4898,P0047,,F0047,band,band_structure,band structure,band structure,,,,,,,,,local_pdf_text,,3,,,,E-OBS-P0047-band_structure-3-327459152fca4898,regex:band_structure,candidate_needs_review,review_queue,0.48,Candidate physical observation from PDF text; not yet human verified.
OBS-P0047-material-4-795a4e39692a0e0c,P0047,,F0047,material,material,material,dielectric,,,,,,,,,local_pdf_text,,4,,,,E-OBS-P0047-material-4-795a4e39692a0e0c,regex:material,candidate_needs_review,review_queue,0.42,Candidate physical observation from PDF text; not yet human verified.
OBS-P0048-polarization-1-1ca4e1ec5fb372f7,P0048,,F0048,polarization,polarization,polarization/topology,polarization,,,,,,,,,local_pdf_text,,1,,,,E-OBS-P0048-polarization-1-1ca4e1ec5fb372f7,regex:polarization,candidate_needs_review,review_queue,0.46,Candidate physical observation from PDF text; not yet human verified.
OBS-P0048-q_factor-2-0d923e8524085635,P0048,,F0048,resonance,q_factor,Q factor,2,2.0,,,,,,2.0,,local_pdf_text,,2,,,,E-OBS-P0048-q_factor-2-0d923e8524085635,regex:q_factor,candidate_needs_review,review_queue,0.62,Candidate physical observation from PDF text; not yet human verified.
OBS-P0048-polarization-2-3b45e85d76c3ee93,P0048,,F0048,polarization,polarization,polarization/topology,polarization,,,,,,,,,local_pdf_text,,2,,,,E-OBS-P0048-polarization-2-3b45e85d76c3ee93,regex:polarization,candidate_needs_review,review_queue,0.46,Candidate physical observation from PDF text; not yet human verified.
OBS-P0048-polarization-2-1d37d4dc40dc9af7,P0048,,F0048,polarization,polarization,polarization/topology,polarization,,,,,,,,,local_pdf_text,,2,,,,E-OBS-P0048-polarization-2-1d37d4dc40dc9af7,regex:polarization,candidate_needs_review,review_queue,0.46,Candidate physical observation from PDF text; not yet human verified.
OBS-P0048-polarization-2-4be21612ed4a6b15,P0048,,F0048,polarization,polarization,polarization/topology,polarization,,,,,,,,,local_pdf_text,,2,,,,E-OBS-P0048-polarization-2-4be21612ed4a6b15,regex:polarization,candidate_needs_review,review_queue,0.46,Candidate physical observation from PDF text; not yet human verified.
OBS-P0048-polarization-2-fd0945fffec03d7e,P0048,,F0048,polarization,polarization,polarization/topology,polarization,,,,,,,,,local_pdf_text,,2,,,,E-OBS-P0048-polarization-2-fd0945fffec03d7e,regex:polarization,candidate_needs_review,review_queue,0.46,Candidate physical observation from PDF text; not yet human verified.
OBS-P0048-polarization-2-95099eacb974a247,P0048,,F0048,polarization,polarization,polarization/topology,polarization,,,,,,,,,local_pdf_text,,2,,,,E-OBS-P0048-polarization-2-95099eacb974a247,regex:polarization,candidate_needs_review,review_queue,0.46,Candidate physical observation from PDF text; not yet human verified.
OBS-P0048-polarization-2-e96266c8fc1c2acb,P0048,,F0048,polarization,polarization,polarization/topology,polarization,,,,,,,,,local_pdf_text,,2,,,,E-OBS-P0048-polarization-2-e96266c8fc1c2acb,regex:polarization,candidate_needs_review,review_queue,0.46,Candidate physical observation from PDF text; not yet human verified.
OBS-P0048-polarization-2-063d21fc38b9706f,P0048,,F0048,polarization,polarization,polarization/topology,polarization,,,,,,,,,local_pdf_text,,2,,,,E-OBS-P0048-polarization-2-063d21fc38b9706f,regex:polarization,candidate_needs_review,review_queue,0.46,Candidate physical observation from PDF text; not yet human verified.
OBS-P0048-material-4-1a488e41297ad845,P0048,,F0048,material,material,material,sin,,,,,,,,,local_pdf_text,,4,,,,E-OBS-P0048-material-4-1a488e41297ad845,regex:material,candidate_needs_review,review_queue,0.42,Candidate physical observation from PDF text; not yet human verified.
OBS-P0048-material-4-0d1ec08038b0abb5,P0048,,F0048,material,material,material,sin,,,,,,,,,local_pdf_text,,4,,,,E-OBS-P0048-material-4-0d1ec08038b0abb5,regex:material,candidate_needs_review,review_queue,0.42,Candidate physical observation from PDF text; not yet human verified.
OBS-P0048-material-4-c83e4ee82bcba9a1,P0048,,F0048,material,material,material,sin,,,,,,,,,local_pdf_text,,4,,,,E-OBS-P0048-material-4-c83e4ee82bcba9a1,regex:material,candidate_needs_review,review_queue,0.42,Candidate physical observation from PDF text; not yet human verified.
OBS-P0048-material-4-ff674e2b2ed38df2,P0048,,F0048,material,material,material,sin,,,,,,,,,local_pdf_text,,4,,,,E-OBS-P0048-material-4-ff674e2b2ed38df2,regex:material,candidate_needs_review,review_queue,0.42,Candidate physical observation from PDF text; not yet human verified.
OBS-P0048-material-4-f5fde34f3b613941,P0048,,F0048,material,material,material,sin,,,,,,,,,local_pdf_text,,4,,,,E-OBS-P0048-material-4-f5fde34f3b613941,regex:material,candidate_needs_review,review_queue,0.42,Candidate physical observation from PDF text; not yet human verified.
OBS-P0049-material-1-bcf940a8c47999fb,P0049,,F0049,material,material,material,dielectric,,,,,,,,,local_pdf_text,,1,,,,E-OBS-P0049-material-1-bcf940a8c47999fb,regex:material,candidate_needs_review,review_queue,0.42,Candidate physical observation from PDF text; not yet human verified.
OBS-P0049-material-1-3ce3605647f323d4,P0049,,F0049,material,material,material,dielectric,,,,,,,,,local_pdf_text,,1,,,,E-OBS-P0049-material-1-3ce3605647f323d4,regex:material,candidate_needs_review,review_queue,0.42,Candidate physical observation from PDF text; not yet human verified.
OBS-P0049-material-1-f9a846aaa550e7ab,P0049,,F0049,material,material,material,dielectric,,,,,,,,,local_pdf_text,,1,,,,E-OBS-P0049-material-1-f9a846aaa550e7ab,regex:material,candidate_needs_review,review_queue,0.42,Candidate physical observation from PDF text; not yet human verified.
OBS-P0049-material-1-8d7170afaaf44d9a,P0049,,F0049,material,material,material,silicon,,,,,,,,,local_pdf_text,,1,,,,E-OBS-P0049-material-1-8d7170afaaf44d9a,regex:material,candidate_needs_review,review_queue,0.42,Candidate physical observation from PDF text; not yet human verified.
OBS-P0049-spectrum-1-8fc4f60da9b2f21d,P0049,,F0049,spectrum,spectrum,spectrum,reflectance,,,,,,,,,local_pdf_text,,1,,,,E-OBS-P0049-spectrum-1-8fc4f60da9b2f21d,regex:spectrum,candidate_needs_review,review_queue,0.48,Candidate physical observation from PDF text; not yet human verified.
OBS-P0049-spectrum-1-f988790953fd6365,P0049,,F0049,spectrum,spectrum,spectrum,transmittance,,,,,,,,,local_pdf_text,,1,,,,E-OBS-P0049-spectrum-1-f988790953fd6365,regex:spectrum,candidate_needs_review,review_queue,0.48,Candidate physical observation from PDF text; not yet human verified.
OBS-P0049-polarization-1-d819b19d02c067ce,P0049,,F0049,polarization,polarization,polarization/topology,polarization,,,,,,,,,local_pdf_text,,1,,,,E-OBS-P0049-polarization-1-d819b19d02c067ce,regex:polarization,candidate_needs_review,review_queue,0.46,Candidate physical observation from PDF text; not yet human verified.
OBS-P0049-material-2-3181bb4fbe9dde69,P0049,,F0049,material,material,material,Si,,,,,,,,,local_pdf_text,,2,,,,E-OBS-P0049-material-2-3181bb4fbe9dde69,regex:material,candidate_needs_review,review_queue,0.42,Candidate physical observation from PDF text; not yet human verified.
OBS-P0049-spectrum-2-9a237b7209ccb5b8,P0049,,F0049,spectrum,spectrum,spectrum,transmittance,,,,,,,,,local_pdf_text,,2,,,,E-OBS-P0049-spectrum-2-9a237b7209ccb5b8,regex:spectrum,candidate_needs_review,review_queue,0.48,Candidate physical observation from PDF text; not yet human verified.
OBS-P0049-q_factor-3-7a7bcae10a5654d2,P0049,,F0049,resonance,q_factor,Q factor,"104,",104.0,,,,,,104.0,,local_pdf_text,,3,,,,E-OBS-P0049-q_factor-3-7a7bcae10a5654d2,regex:q_factor,candidate_needs_review,review_queue,0.62,Candidate physical observation from PDF text; not yet human verified.
OBS-P0049-material-3-bdd7eb546c705c4b,P0049,,F0049,material,material,material,Si,,,,,,,,,local_pdf_text,,3,,,,E-OBS-P0049-material-3-bdd7eb546c705c4b,regex:material,candidate_needs_review,review_queue,0.42,Candidate physical observation from PDF text; not yet human verified.
OBS-P0049-band_structure-3-9970f41d44bb3d6d,P0049,,F0049,band,band_structure,band structure,dispersion,,,,,,,,,local_pdf_text,,3,,,,E-OBS-P0049-band_structure-3-9970f41d44bb3d6d,regex:band_structure,candidate_needs_review,review_queue,0.48,Candidate physical observation from PDF text; not yet human verified.
OBS-P0049-band_structure-3-c72b35493e464ede,P0049,,F0049,band,band_structure,band structure,dispersion,,,,,,,,,local_pdf_text,,3,,,,E-OBS-P0049-band_structure-3-c72b35493e464ede,regex:band_structure,candidate_needs_review,review_queue,0.48,Candidate physical observation from PDF text; not yet human verified.
OBS-P0049-material-4-7e329728b1b0fb86,P0049,,F0049,material,material,material,dielectric,,,,,,,,,local_pdf_text,,4,,,,E-OBS-P0049-material-4-7e329728b1b0fb86,regex:material,candidate_needs_review,review_queue,0.42,Candidate physical observation from PDF text; not yet human verified.
OBS-P0050-material-1-0c1e6936dab97fee,P0050,,F0050,material,material,material,dielectric,,,,,,,,,local_pdf_text,,1,,,,E-OBS-P0050-material-1-0c1e6936dab97fee,regex:material,candidate_needs_review,review_queue,0.42,Candidate physical observation from PDF text; not yet human verified.
OBS-P0050-material-1-3b86cb0e55adf8f5,P0050,,F0050,material,material,material,dielectric,,,,,,,,,local_pdf_text,,1,,,,E-OBS-P0050-material-1-3b86cb0e55adf8f5,regex:material,candidate_needs_review,review_queue,0.42,Candidate physical observation from PDF text; not yet human verified.
OBS-P0050-material-1-27d6b0d49fce8c74,P0050,,F0050,material,material,material,silicon,,,,,,,,,local_pdf_text,,1,,,,E-OBS-P0050-material-1-27d6b0d49fce8c74,regex:material,candidate_needs_review,review_queue,0.42,Candidate physical observation from PDF text; not yet human verified.
OBS-P0050-material-1-324d1aef5aa6bab8,P0050,,F0050,material,material,material,silicon,,,,,,,,,local_pdf_text,,1,,,,E-OBS-P0050-material-1-324d1aef5aa6bab8,regex:material,candidate_needs_review,review_queue,0.42,Candidate physical observation from PDF text; not yet human verified.
OBS-P0050-material-1-4c8a7fa91dfef3f1,P0050,,F0050,material,material,material,dielectric,,,,,,,,,local_pdf_text,,1,,,,E-OBS-P0050-material-1-4c8a7fa91dfef3f1,regex:material,candidate_needs_review,review_queue,0.42,Candidate physical observation from PDF text; not yet human verified.
OBS-P0050-material-1-36e625130b7401c4,P0050,,F0050,material,material,material,silicon,,,,,,,,,local_pdf_text,,1,,,,E-OBS-P0050-material-1-36e625130b7401c4,regex:material,candidate_needs_review,review_queue,0.42,Candidate physical observation from PDF text; not yet human verified.
OBS-P0050-material-1-e88ca519ddb2685b,P0050,,F0050,material,material,material,silicon,,,,,,,,,local_pdf_text,,1,,,,E-OBS-P0050-material-1-e88ca519ddb2685b,regex:material,candidate_needs_review,review_queue,0.42,Candidate physical observation from PDF text; not yet human verified.
OBS-P0050-material-2-e83be0b6c8554719,P0050,,F0050,material,material,material,silicon,,,,,,,,,local_pdf_text,,2,,,,E-OBS-P0050-material-2-e83be0b6c8554719,regex:material,candidate_needs_review,review_queue,0.42,Candidate physical observation from PDF text; not yet human verified.
OBS-P0050-band_structure-2-3a20f3d64199c771,P0050,,F0050,band,band_structure,band structure,radiation continuum,,,,,,,,,local_pdf_text,,2,,,,E-OBS-P0050-band_structure-2-3a20f3d64199c771,regex:band_structure,candidate_needs_review,review_queue,0.48,Candidate physical observation from PDF text; not yet human verified.
OBS-P0050-band_structure-3-e4d56c40308c4023,P0050,,F0050,band,band_structure,band structure,radiation continuum,,,,,,,,,local_pdf_text,,3,,,,E-OBS-P0050-band_structure-3-e4d56c40308c4023,regex:band_structure,candidate_needs_review,review_queue,0.48,Candidate physical observation from PDF text; not yet human verified.
OBS-P0050-band_structure-3-ba5b8775c9db1334,P0050,,F0050,band,band_structure,band structure,light cone,,,,,,,,,local_pdf_text,,3,,,,E-OBS-P0050-band_structure-3-ba5b8775c9db1334,regex:band_structure,candidate_needs_review,review_queue,0.48,Candidate physical observation from PDF text; not yet human verified.
OBS-P0050-band_structure-3-37deca60bf392d3c,P0050,,F0050,band,band_structure,band structure,light cone,,,,,,,,,local_pdf_text,,3,,,,E-OBS-P0050-band_structure-3-37deca60bf392d3c,regex:band_structure,candidate_needs_review,review_queue,0.48,Candidate physical observation from PDF text; not yet human verified.
OBS-P0050-band_structure-3-7c17697dd7b64275,P0050,,F0050,band,band_structure,band structure,band structure,,,,,,,,,local_pdf_text,,3,,,,E-OBS-P0050-band_structure-3-7c17697dd7b64275,regex:band_structure,candidate_needs_review,review_queue,0.48,Candidate physical observation from PDF text; not yet human verified.
OBS-P0050-band_structure-5-dd4835f3a698a246,P0050,,F0050,band,band_structure,band structure,band structure,,,,,,,,,local_pdf_text,,5,,,,E-OBS-P0050-band_structure-5-dd4835f3a698a246,regex:band_structure,candidate_needs_review,review_queue,0.48,Candidate physical observation from PDF text; not yet human verified.
OBS-P0050-band_structure-7-c096dd250e647bef,P0050,,F0050,band,band_structure,band structure,band structure,,,,,,,,,local_pdf_text,,7,,,,E-OBS-P0050-band_structure-7-c096dd250e647bef,regex:band_structure,candidate_needs_review,review_queue,0.48,Candidate physical observation from PDF text; not yet human verified.
OBS-WEB-NC-2023-ULTRAHIGH-Q-GMR-01,,EXT-WEB-WEB-NC-2023-ULTRAHIGH-Q-GMR,,resonance,q_factor,Q factor,2.39 × 10^5,239000.0,,,,,,239000.0,,web_article_text,https://www.nature.com/articles/s41467-023-39227-5,,,,,,manual_web_source_quote,source_quote_recorded_needs_secondary_check,review_queue,0.82,Nature Communications article text lines 95-98
OBS-WEB-NC-2023-ULTRAHIGH-Q-GMR-02,,EXT-WEB-WEB-NC-2023-ULTRAHIGH-Q-GMR,,structure,material,material/platform,low-index photoresist on SOI waveguide,,,photoresist; SOI,,,,,,web_article_text,https://www.nature.com/articles/s41467-023-39227-5,,,,,,manual_web_source_quote,source_quote_recorded_needs_secondary_check,review_queue,0.82,Nature Communications article text lines 95-98
OBS-WEB-NC-2023-ULTRAHIGH-Q-GMR-03,,EXT-WEB-WEB-NC-2023-ULTRAHIGH-Q-GMR,,resonance,scaling_law,Q-alpha scaling,Q ∝ α−2,,,,,,,,,web_article_text,https://www.nature.com/articles/s41467-023-39227-5,,,,,,manual_web_source_quote,source_quote_recorded_needs_secondary_check,review_queue,0.82,Nature Communications article text line 96
OBS-WEB-NC-2024-MILLION-Q-01,,EXT-WEB-WEB-NC-2024-MILLION-Q,,structure,geometry_parameter,layer stack and period,58 nm PMMA / 100 nm SiN / 1470 nm SiO2; P=500 nm; L=50 nm,,nm,PMMA; SiN; SiO2; Si,,500.0,,,,web_article_text,https://www.nature.com/articles/s41467-024-54775-0,,,,,,manual_web_source_quote,source_quote_recorded_needs_secondary_check,review_queue,0.82,Nature Communications article text lines 111-112
OBS-WEB-NC-2024-MILLION-Q-02,,EXT-WEB-WEB-NC-2024-MILLION-Q,,resonance,q_factor,Q factor,1.10 million,1100000.0,,,,,,1100000.0,,web_article_text,https://www.nature.com/articles/s41467-024-54775-0,,,,,,manual_web_source_quote,source_quote_recorded_needs_secondary_check,review_queue,0.82,Nature Communications article text line 174
OBS-WEB-NC-2024-MILLION-Q-03,,EXT-WEB-WEB-NC-2024-MILLION-Q,,kspace,momentum_space_spectroscopy,momentum-space resolved spectroscopy,0.42 pm/pixel wavelength resolution; 0.028 deg/pixel angle resolution,,,,,,,,,web_article_text,https://www.nature.com/articles/s41467-024-54775-0,,,,,,manual_web_source_quote,source_quote_recorded_needs_secondary_check,review_queue,0.82,Nature Communications article text line 174
OBS-WEB-NC-2024-AIR-MEMBRANE-01,,EXT-WEB-WEB-NC-2024-AIR-MEMBRANE,,resonance,q_factor,qBIC TE Q,722,722.0,,,,,,722.0,,web_article_text,https://www.nature.com/articles/s41467-024-54284-0,,,,,,manual_web_source_quote,source_quote_recorded_needs_secondary_check,review_queue,0.82,Nature Communications article text line 146
OBS-WEB-NC-2024-AIR-MEMBRANE-02,,EXT-WEB-WEB-NC-2024-AIR-MEMBRANE,,resonance,q_factor,qBIC TM Q,463,463.0,,,,,,463.0,,web_article_text,https://www.nature.com/articles/s41467-024-54284-0,,,,,,manual_web_source_quote,source_quote_recorded_needs_secondary_check,review_queue,0.82,Nature Communications article text line 146
OBS-WEB-NC-2024-AIR-MEMBRANE-03,,EXT-WEB-WEB-NC-2024-AIR-MEMBRANE,,resonance,scaling_law,Q-alpha scaling,inverse quadratic relationship,,,,,,,,,web_article_text,https://www.nature.com/articles/s41467-024-54284-0,,,,,,manual_web_source_quote,source_quote_recorded_needs_secondary_check,review_queue,0.82,Nature Communications article text line 147
OBS-WEB-NC-2024-AIR-MEMBRANE-04,,EXT-WEB-WEB-NC-2024-AIR-MEMBRANE,,resonance,linewidth,FWHM,~13 cm−1 average,13.0,cm−1,,,,,,,web_article_text,https://www.nature.com/articles/s41467-024-54284-0,,,,,,manual_web_source_quote,source_quote_recorded_needs_secondary_check,review_queue,0.82,Nature Communications article text line 151
OBS-WEB-NC-2025-PLDOS-BIC-01,,EXT-WEB-WEB-NC-2025-PLDOS-BIC,,structure,geometry_parameter,rod separation,d = 80 μm,80.0,μm,,,,,,,web_article_text,https://www.nature.com/articles/s41467-025-66653-4,,,,,,manual_web_source_quote,source_quote_recorded_needs_secondary_check,review_queue,0.82,Nature Communications article text line 108
OBS-WEB-NC-2025-PLDOS-BIC-02,,EXT-WEB-WEB-NC-2025-PLDOS-BIC,,resonance,frequency,broad even mode frequency,0.495 THz,0.495,THz,,,,0.495,,,web_article_text,https://www.nature.com/articles/s41467-025-66653-4,,,,,,manual_web_source_quote,source_quote_recorded_needs_secondary_check,review_queue,0.82,Nature Communications article text line 113
OBS-WEB-NC-2025-PLDOS-BIC-03,,EXT-WEB-WEB-NC-2025-PLDOS-BIC,,resonance,frequency,off-normal quasi-BIC frequency,0.365 THz,0.365,THz,,,,0.365,,,web_article_text,https://www.nature.com/articles/s41467-025-66653-4,,,,,,manual_web_source_quote,source_quote_recorded_needs_secondary_check,review_queue,0.82,Nature Communications article text line 113
OBS-WEB-NC-2025-PLDOS-BIC-04,,EXT-WEB-WEB-NC-2025-PLDOS-BIC,,resonance,frequency,BIC frequency / PLDOS,0.395 THz,0.395,THz,,,,0.395,,,web_article_text,https://www.nature.com/articles/s41467-025-66653-4,,,,,,manual_web_source_quote,source_quote_recorded_needs_secondary_check,review_queue,0.82,Nature Communications article text line 195
OBS-WEB-NC-2025-PLDOS-BIC-05,,EXT-WEB-WEB-NC-2025-PLDOS-BIC,,resonance,q_factor_definition,Q definition,Q=f0/Δf,,,,,,,,,web_article_text,https://www.nature.com/articles/s41467-025-66653-4,,,,,,manual_web_source_quote,source_quote_recorded_needs_secondary_check,review_queue,0.82,Nature Communications article text line 110
